source1_entity_id	true_candidate_id	A_exact_name	B_address	C_rare_token	D_char_retrieval	failure_category	s1_name	target_name	s1_script	target_script
S1-968627228	S3-597058496	0	0	0	0	severe noise / vocabulary shift	Dynamic Projects Pvt Ltd	Xyloorbi	Latin	Latin
S1-325942999	S3-313142403	0	0	0	0	cross-script	Balaji Technologies Pvt Ltd	బాలాజీ టెక్నాలజీస్ Pvt Ltd	Latin	Telugu
S1-599116569	S2-821211691	0	0	0	0	cross-script	Premier Hospitality Pvt Ltd	PREMIER PVT LTD CENTER	Latin	Devanagari
S1-472966709	S2-923931933	0	0	0	0	cross-script	Modern Foods Private Limited	मॉडर्न फूड्स प्राइवेट लिमिटेड	Latin	Devanagari
S1-965825653	S3-347887368	0	0	0	0	abbreviation	Al Ventures Private Limited	Ventures	Latin	Latin
S1-222804370	S2-933301640	0	0	0	0	cross-script	Maa Energy Private Limited	माँ एनर्जी प्राइवेट लिमिटेड	Latin	Devanagari
S1-953760777	S3-830383978	0	0	0	0	cross-script	Arihant Logistics Private Limited	অরিহন্ত লজিস্টিকস প্রাইভেট লিমিটেড	Latin	Bengali
S1-487777131	S3-83455308	0	0	0	0	token reordering	Ear Nose & Throat Metro Medicine	Ear Nose & Medicine Mnbeftoro Throat	Latin	Latin
S1-567580717	S2-585539055	0	0	0	0	cross-script	Ram Infra Private Limited	রাম ইনফ্রা প্রাইভেট লিমিটেড	Latin	Bengali
S1-199683466	S2-775112421	0	0	0	0	cross-script	First South Management Limited	फर्स्ट साउथ मैनेजमेंट लिमिटेड	Latin	Devanagari
S1-559945905	S3-148566791	0	0	0	0	typo / spelling variation	Behavioral Health Partners Inc	Behavioral Héalth Pctneas Inc Inc	Latin	Latin
S1-38398309	S3-674705066	0	0	0	0	cross-script	East Green Logistics Private Limited	ईस्ट ग्रीन लॉजिस्टिक्स प्राइवेट लिमिटेड	Latin	Devanagari
S1-587311600	S2-20070158	0	0	0	0	cross-script	Shree It Private Limited	श्री आईटी प्राइवेट लिमिटेड	Latin	Devanagari
S1-949153727	S2-402638545	0	0	0	0	cross-script	Golden Finance Private Limited	गोल्डन फाइनेंस प्राइवेट लिमिटेड	Latin	Devanagari
S1-776913304	S2-421424431	0	0	0	0	cross-script	Black Technology Private Limited	ब्लैक टेक्नोलॉजी प्राइवेट लिमिटेड	Latin	Devanagari
S1-349826635	S2-691885881	0	0	0	0	token variation	Foot & Ankle Associates, LLC	Center Foot & Associates, LLC	Latin	Latin
S1-48994213	S2-540192221	0	0	0	0	cross-script	Perfect Investments Limited	परफेक्ट इन्वेस्टमेंट्स लिमिटेड	Latin	Devanagari
S1-156268557	S3-680530366	0	0	0	0	severe noise / vocabulary shift	Surya Group of Companies	Vantagebrix	Latin	Latin
S1-990550702	S2-629882929	0	0	0	0	typo / spelling variation	Piedmont Academy LLC	Piedmont Aacdhmy LLC	Latin	Latin
S1-29202373	S2-116339875	0	0	0	0	cross-script	Fortune Exports Limited	फॉर्च्यून एक्सपोर्ट्स लिमिटेड	Latin	Devanagari
S1-368009067	S2-983242163	0	0	0	0	cross-script	Vision Enterprises	விஷன் Enterprises	Latin	Tamil
S1-584613308	S3-633627990	0	0	0	0	cross-script	Blue Business Pvt Ltd	புளூ பிசினஸ் பிரைவேட் லிமிடெட்	Latin	Tamil
S1-639291627	S2-988517625	0	0	0	0	cross-script	Gujarat Hospitality Private Limited	गुजरात हॉस्पिटैलिटी प्राइवेट लिमिटेड	Latin	Devanagari
S1-777528513	S3-391474963	0	0	0	0	cross-script	Gold Food Private Limited	Gold फूड प्राइवेट लिमिटेड	Latin	Devanagari
S1-805854535	S2-647316135	0	0	0	0	cross-script	Global Solutions Private Limited	ग्लोबल सॉल्यूशंस प्राइवेट लिमिटेड	Latin	Devanagari
S1-876713910	S2-870172581	0	0	0	0	cross-script	Bharat Products Private Limited	ഭാരത് പ്രൊഡക്ട്സ് പ്രൈവറ്റ് ലിമിറ്റഡ്	Latin	Malayalam
S1-617978273	S2-884230521	0	0	0	0	abbreviation	Palintech	Patntlfhc	Latin	Latin
S1-399080604	S3-208700721	0	0	0	0	severe noise / vocabulary shift	Great Consultants Private Limited	ଗ୍ରେଟ୍ କନସଲଟାଣ୍ଟସ୍ ପ୍ରାଇଭେଟ୍ ଲିମିଟେଡ୍	Latin	Latin
S1-870810760	S2-810798309	0	0	0	0	cross-script	Perfect Products	परफेक्ट प्रोडक्ट्स	Latin	Devanagari
S1-450848064	S2-656376531	0	0	0	0	severe noise / vocabulary shift	Ear Nose & Throat Group	Ear Nose-+	Latin	Latin
S1-285171170	S3-787144658	0	0	0	0	cross-script	Dynamic Consultants Pvt Ltd	డైనమిక్ కన్సల్టెంట్స్ ప్రైవేట్ లిమిటెడ్	Latin	Telugu
S1-467042123	S3-871027886	0	0	0	0	severe noise / vocabulary shift	KP Highland Manufacturing LLC	Orbivio	Latin	Latin
S1-595488395	S3-204246905	0	0	0	0	typo / spelling variation	Black Infotech Pvt Ltd	Black Infroec Pvt Ltd	Latin	Latin
S1-549762349	S2-643942050	0	0	0	0	cross-script	Pioneer Consultancy Private Limited	ಪಯೊನೀರ್ ಕನ್ಸಲ್ಟೆನ್ಸಿ ಪ್ರೈವೇಟ್ ಲಿಮಿಟೆಡ್	Latin	Kannada
S1-847092303	S2-129383634	0	0	0	0	cross-script	Al Food Private Limited	अल फूड प्राइवेट लिमिटेड	Latin	Devanagari
S1-837201341	S2-761703199	0	0	0	0	cross-script	Dream Solutions	ड्रीम सॉल्यूशंस	Latin	Devanagari
S1-892236211	S2-978107596	0	0	0	0	abbreviation	First Presbyterian Church of Minneapolis	firstpresbyterianchurch.com	Latin	Latin
S1-364860667	S2-354991224	0	0	0	0	severe noise / vocabulary shift	Om Logistics Limited	Om Limited Services	Latin	Latin
S1-556447919	S3-601332018	0	0	0	0	abbreviation	New Delhi Servicesprivate Limited	newdelhiservicesprivate.com	Latin	Latin
S1-53518431	S2-721907266	0	0	0	0	abbreviation	Axford Quality Spdr	aqspdr.com	Latin	Latin
S1-106527695	S3-681813895	0	0	0	0	typo / spelling variation	Apex Builders Private Limited	Apex Bui1ders Private Limited	Latin	Latin
S1-992797126	S3-979897241	0	0	0	0	cross-script	Shree Construction Limited	श्री कंस्ट्रक्शन लिमिटेड	Latin	Devanagari
S1-705219892	S3-870150759	0	0	0	0	cross-script	Life Software Private Limited	లైఫ్ సాఫ్ట్‌వేర్ ప్రైవేట్ లిమిటెడ్	Latin	Telugu
S1-535372299	S3-875875063	0	0	0	0	cross-script	Sky Infrastructure Private Limited	ஸ்கை இன்ஃப்ராஸ்ட்ரக்சர் பிரைவேட் லிமிடெட்	Latin	Tamil
S1-796378651	S3-186082160	0	0	0	0	abbreviation	# 1 OC Idea LLC	1oc.com	Latin	Latin
S1-118314079	S3-568981228	0	0	0	0	cross-script	Tech International Private Limited	टेक इंटरनेशनल प्राइवेट लिमिटेड	Latin	Devanagari
S1-714764521	S2-77113358	0	0	0	0	short business name	Meia	Mia	Latin	Latin
S1-232927857	S3-498823377	0	0	0	0	cross-script	Jay Technology Limited	ജയ് Technology Limited	Latin	Malayalam
S1-566722568	S3-983795123	0	0	0	0	cross-script	City Technologies Private Limited	सिटी टेक्नोलॉजीज प्राइवेट लिमिटेड	Latin	Devanagari
S1-854900449	S2-650809249	0	0	0	0	cross-script	Anand Creative Media Pvt Ltd	आनंद क्रिएटिव मीडिया प्रा. लि.	Latin	Devanagari
S1-803667513	S2-999974129	0	0	0	0	abbreviation	The Dent Book Store	dentbookstore.com	Latin	Latin
S1-87270499	S2-337819583	0	0	0	0	cross-script	Vijay Media Private Limited	विजय मीडिया प्राइवेट लिमिटेड	Latin	Devanagari
S1-628948690	S3-232842105	0	0	0	0	abbreviation	Toloum	Tsulom	Latin	Latin
S1-723104568	S3-770229885	0	0	0	0	cross-script	All Consultancy Limited	ऑल कंसल्टेंसी लिमिटेड	Latin	Devanagari
S1-274484730	S3-901787125	0	0	0	0	typo / spelling variation	Fresh Pilates LLC	Fresh Pílates LLC	Latin	Latin
S1-386187339	S2-133120494	0	0	0	0	missing address	VN Association Limited	VN ATSODNCTAIMN  LIMITED | www.vnatsodnc.com	Latin	Latin
S1-229087497	S2-419395745	0	0	0	0	numeric mismatch	Anchor, PC	AHNTCGIHO,R PC	Latin	Latin
S1-744425418	S3-264340612	0	0	0	0	typo / spelling variation	Maa Constructions Pvt Ltd	Maa Cobnstruacions Pvt Ltd	Latin	Latin
S1-617542443	S2-37305916	0	0	0	0	cross-script	Super Developers Private Limited	सुपर डेवलपर्स प्राइवेट लिमिटेड	Latin	Devanagari
S1-73177229	S2-163158159	0	0	0	0	abbreviation	Eastern Communities LLC	CEASTERN.COM	Latin	Latin
S1-967163852	S3-769973705	0	0	0	0	severe noise / vocabulary shift	UN Aurora Co	UN-Co Services	Latin	Latin
S1-725696322	S2-917969147	0	0	0	0	severe noise / vocabulary shift	Golden Developers Private Limited	Golden Private Limited Partners	Latin	Latin
S1-999363646	S2-428791480	0	0	0	0	typo / spelling variation	Urgent Care Associates LLC	URGENT CARE ASRGIFATEES LLC	Latin	Latin
S1-659014506	S3-176290133	0	0	0	0	severe noise / vocabulary shift	West Charitable Trust	Drexmiragild doing business as West Charitable Trust	Latin	Latin
S1-971594350	S2-756088124	0	0	0	0	cross-script	Guru Technology Private Limited	गुरु टेक्नोलॉजी प्राइवेट लिमिटेड	Latin	Devanagari
S1-764428562	S3-777515520	0	0	0	0	cross-script	Raj Products Private Limited	ராஜ் புராடக்ட்ஸ் பிரைவேட் லிமிடெட்	Latin	Tamil
S1-918689861	S2-20266979	0	0	0	0	cross-script	Ace Ventures Private Limited	एस वेंचर्स प्राइवेट लिमिटेड	Latin	Devanagari
S1-351130190	S2-289057565	0	0	0	0	cross-script	Golden Finance Limited	Golden फाइनेंस लिमिटेड	Latin	Devanagari
S1-807407408	S3-200414676	0	0	0	0	cross-script	Arihant It Private Limited	Arihant It प्राइवेट लिमिटेड	Latin	Devanagari
S1-11613684	S2-918454412	0	0	0	0	typo / spelling variation	New Delhi Foundation Private Limited	NEW DELHI FOUNDATION PRFIAVDIHAE LIMITED	Latin	Latin
S1-771498729	S3-395971799	0	0	0	0	typo / spelling variation	Blue Charities	Blue Chrtiies	Latin	Latin
S1-770038371	S2-479292594	0	0	0	0	severe noise / vocabulary shift	Anchor Digital Solutions LLC	Brixzeta	Latin	Latin
S1-446509180	S2-369491534	0	0	0	0	severe noise / vocabulary shift	Board of Motor Vehicles Inc	boardmotorvehicles.com #89582	Latin	Latin
S1-628400744	S3-830674647	0	0	0	0	cross-script	First Power Private Limited	ఫస్ట్ పవర్ ప్రైవేట్ లిమిటెడ్	Latin	Telugu
S1-643809838	S3-784097657	0	0	0	0	token variation	National Group	Natnol  Group	Latin	Latin
S1-888818682	S3-411876761	0	0	0	0	numeric mismatch	First Software	Shri First Ssolftare	Latin	Latin
S1-95901522	S3-791773834	0	0	0	0	abbreviation	West Institute of Technology Inc	westinstitutetechnology.com	Latin	Latin
S1-566722568	S3-547118302	0	0	0	0	cross-script	City Technologies Private Limited	सिटी टेक्नोलॉजीज प्राइवेट लिमिटेड	Latin	Devanagari
S1-463806901	S3-779429151	0	0	0	0	abbreviation	NWB Interiors Pvt Ltd	Rizapyra	Latin	Latin
S1-443571404	S2-143466503	0	0	0	0	cross-script	Prime Dream Consultancy Private Limited	பிரைம் டிரீம் கன்சல்டன்சி பிரைவேட் லிமிடெட்	Latin	Tamil
S1-195163220	S2-612715545	0	0	0	0	cross-script	Fortune Black Power Private Limited	ఫార్చూన్ బ్లాక్ పవర్ ప్రైవేట్ లిమిటెడ్	Latin	Telugu
S1-986239453	S3-158075144	0	0	0	0	cross-script	Shivam South Foundation Private Limited	शिवम साउथ फाउंडेशन प्राइवेट लिमिटेड	Latin	Devanagari
S1-348984051	S3-447090725	0	0	0	0	abbreviation	New Delhi Studio Private Limited	Newdelhistudio.Com	Latin	Latin
S1-59783157	S2-841487952	0	0	0	0	typo / spelling variation	Shiv India Private Limited	SHIV IGNADI PRIVATE LIMITED	Latin	Latin
S1-56465046	S3-719279897	0	0	0	0	token variation	Asset Building Institute	Asset Bui1ding	Latin	Latin
S1-875691488	S3-881831067	0	0	0	0	token variation	Real Agro Private Limited	Real Private Limited Service	Latin	Latin
S1-787357092	S3-22495094	0	0	0	0	cross-script	Dream Infrastructure Limited	ড্রিম ইনফ্রাস্ট্রাকচার লিমিটেড	Latin	Bengali
S1-215909177	S3-869095751	0	0	0	0	severe noise / vocabulary shift	Parasnath Trust	Kornyla	Latin	Latin
S1-44108193	S3-959258705	0	0	0	0	typo / spelling variation	Environmental Project LLC	Environmental Pdogjsect LLC	Latin	Latin
S1-874328683	S2-366991565	0	0	0	0	cross-script	Sun Jai Infotech Private Limited	ಸನ್ ಜೈ ಇನ್‌ಫೋಟೆಕ್ ಪ್ರೈವೇಟ್ ಲಿಮಿಟೆಡ್	Latin	Kannada
S1-823577381	S3-669649958	0	0	0	0	cross-script	Hotel Power Private Limited	ಹೋಟೆಲ್ ಪವರ್ ಪ್ರೈವೇಟ್ ಲಿಮಿಟೆಡ್	Latin	Kannada
S1-180931199	S3-364615555	0	0	0	0	typo / spelling variation	Anderson's Hypnosis Inc.	Anderson's Hnnhssi Inc.	Latin	Latin
S1-894706044	S2-366890710	0	0	0	0	cross-script	First Enterprises Pvt Ltd	ફર્સ્ટ એન્ટરપ્રાઇઝિસ પ્રા. લિ.	Latin	Gujarati
S1-950797472	S3-82307603	0	0	0	0	severe noise / vocabulary shift	Beacon National Allocation LLC	Zetanexfaye	Latin	Latin
S1-518105823	S3-96340598	0	0	0	0	typo / spelling variation	First Cathedral	First Cathaedral	Latin	Latin
S1-857454415	S3-937499307	0	0	0	0	abbreviation	Milan Consultants Private Limited	Arianovi	Latin	Latin
S1-915820077	S2-67661504	0	0	0	0	cross-script	Big Infotech	बिग इंफोटेक	Latin	Devanagari
S1-839700852	S2-300304666	0	0	0	0	cross-script	Eastern Digital Builders Private Limited	ईस्टर्न डिजिटल बिल्डर्स प्राइवेट लिमिटेड	Latin	Devanagari
S1-120534408	S2-602192597	0	0	0	0	cross-script	Royal Global Limited	रॉयल ग्लोबल लिमिटेड	Latin	Devanagari
S1-914225152	S3-141645080	0	0	0	0	typo / spelling variation	Ear Nose & Throat Royal Care Group	Ear Nhobfe & Throat Royal Care Group	Latin	Latin
S1-358996742	S3-834010410	0	0	0	0	severe noise / vocabulary shift	New Delhi Productions Private Limited	New Delhi Private Limited Services	Latin	Latin
S1-83828946	S2-435647692	0	0	0	0	cross-script	Shree Construction Pvt Ltd	ശ്രീ കൺസ്ട്രക്ഷൻ പ്രൈവറ്റ് ലിമിറ്റഡ്	Latin	Malayalam
S1-195163220	S3-319330092	0	0	0	0	cross-script	Fortune Black Power Private Limited	ఫార్చూన్ బ్లాక్ పవర్ ప్రైవేట్ లిమిటెడ్	Latin	Telugu
S1-132172418	S3-527770007	0	0	0	0	short business name	Swift Suburban Pvt. Ltd.	SS	Latin	Latin
S1-119187241	S2-865100548	0	0	0	0	cross-script	Silver Classic Industries Private Limited	சில்வர் கிளாசிக் இண்டஸ்ட்ரீஸ் பிரைவேட் லிமிடெட்	Latin	Tamil
S1-443388633	S2-835618786	0	0	0	0	severe noise / vocabulary shift	Nonie Hunter Golden Amplify Inc	Zetayumairi	Latin	Latin
S1-375212196	S2-347698207	0	0	0	0	typo / spelling variation	Blue Charter School LLC	Blue Charter Sch0ol Llc	Latin	Latin
S1-862923434	S2-623020326	0	0	0	0	cross-script	Arihant Properties Limited	अरिहंत प्रॉपर्टीज लिमिटेड	Latin	Devanagari
S1-592101719	S3-25096945	0	0	0	0	token variation	Ratais LLC	Rtagibs (LLC)	Latin	Latin
S1-718059177	S3-670740211	0	0	0	0	cross-script	Red Dynamic Ventures Pvt Ltd	रेड डायनामिक वेंचर्स प्रा. लि.	Latin	Devanagari
S1-61734017	S3-7085532	0	0	0	0	typo / spelling variation	Bright International Private Limited	Sri Bright Inereantional Private  Limited	Latin	Latin
S1-112656772	S3-235964827	0	0	0	0	cross-script	Shyam Services Private Limited	श्याम सर्विसेज प्राइवेट लिमिटेड	Latin	Devanagari
S1-392162365	S3-2687236	0	0	0	0	severe noise / vocabulary shift	Shyam Estate Private Limited	Quolyra	Latin	Latin
S1-80567250	S3-127806472	0	0	0	0	severe noise / vocabulary shift	Sterling Apparel Products	Dovaaria Labs	Latin	Latin
S1-301051606	S3-330078749	0	0	0	0	cross-script	Lotus Ventures Pvt Ltd	लोटस वेंचर्स प्रा. लि.	Latin	Devanagari
S1-398795206	S3-377207999	0	0	0	0	cross-script	South International Private Limited	साउथ इंटरनेशनल प्राइवेट लिमिटेड	Latin	Devanagari
S1-46626801	S2-46134866	0	0	0	0	cross-script	Star Developers Private Limited	ஸ்டார் டெவலப்பர்ஸ் பிரைவேட் லிமிடெட்	Latin	Tamil
S1-63324787	S3-201994245	0	0	0	0	abbreviation	Cascade Program	Cprogram.Com	Latin	Latin
S1-517694451	S2-491727849	0	0	0	0	typo / spelling variation	A Cure 9 All	A Ce 9 All	Latin	Latin
S1-158086383	S3-976939597	0	0	0	0	short business name	Pioneer Air Private Limited	PA	Latin	Latin
S1-886317327	S3-233602204	0	0	0	0	cross-script	Indo Investments Private Limited	Indo इन्वेस्टमेंट्स प्राइवेट लिमिटेड	Latin	Devanagari
S1-459383258	S2-824421143	0	0	0	0	token variation	Western Aktiengesellschaft Inc	Inc Western Akidngedemcscaft	Latin	Latin
S1-67182799	S3-803106257	0	0	0	0	typo / spelling variation	Back Alley Bistro, LLC	Back Álley Bístro, LLC	Latin	Latin
S1-435345632	S3-946102267	0	0	0	0	token variation	Womens Health Fresh Care Associates PLLC	Avievocalo Formerly Womens Health Fresh Care Associates PLLC	Latin	Latin
S1-566722568	S3-927048315	0	0	0	0	abbreviation	City Technologies Private Limited	Onyxjax	Latin	Latin
S1-473460610	S2-618092523	0	0	0	0	cross-script	Sun Media Private Limited	सन मीडिया प्राइवेट लिमिटेड	Latin	Devanagari
S1-580167890	S3-835218271	0	0	0	0	typo / spelling variation	Economic Development Fellowship Inc	Economic Denvelhoofent Féllowship Inc	Latin	Latin
S1-102253241	S3-588689345	0	0	0	0	abbreviation	Mumbai Services Private Limited	Múmbaiservices.Com	Latin	Latin
S1-704246921	S3-161171324	0	0	0	0	severe noise / vocabulary shift	Arlen Patnode Pacific Rare LLC	Syndova	Latin	Latin
S1-94342147	S2-183205897	0	0	0	0	cross-script	Indo All Healthcare Private Limited	ઇન્ડો ઓલ હેલ્થકેર પ્રાઇવેટ લિમિટેડ	Latin	Gujarati
S1-552569650	S3-485113959	0	0	0	0	typo / spelling variation	Anchor Japan Ltd	Anchor Jápan Ltd	Latin	Latin
S1-305145198	S2-566121950	0	0	0	0	abbreviation	Internal Medicine Custom Specialists PC	internalmedicinecustom.com	Latin	Latin
S1-421019269	S3-873041370	0	0	0	0	cross-script	Dream Engineering Private Limited	ड्रीम इंजीनियरिंग प्राइवेट लिमिटेड	Latin	Devanagari
S1-421170006	S3-250265713	0	0	0	0	abbreviation	(india) Aatrey India Pvt Ltd	iiaatrey.com	Latin	Latin
S1-816413952	S3-870263295	0	0	0	0	cross-script	All Builders Private Limited	ஆல் பில்டர்ஸ் பிரைவேட் லிமிடெட்	Latin	Tamil
S1-928397790	S3-67335657	0	0	0	0	severe noise / vocabulary shift	Hari Finance Limited	Shri Hari Fnsioeanre Fnsioeanre Limited	Latin	Latin
S1-605921047	S3-795648644	0	0	0	0	cross-script	Lakshmi Infrastructure Private Limited	लक्ष्मी इंफ्रास्ट्रक्चर प्राइवेट लिमिटेड	Latin	Devanagari
S1-11258671	S3-285980338	0	0	0	0	typo / spelling variation	Community Initiative	Community Initimtaie	Latin	Latin
S1-361235442	S3-402602747	0	0	0	0	abbreviation	Infra Manthan Storage Private Limited	Novivera	Latin	Latin
S1-146477330	S2-4533132	0	0	0	0	abbreviation	Signature Learning Company	sígnaturelearning.com	Latin	Latin
S1-472966709	S3-556464527	0	0	0	0	cross-script	Modern Foods Private Limited	Modern Fnooisn Private Limited	Latin	Devanagari
S1-368009067	S2-509308676	0	0	0	0	cross-script	Vision Enterprises	விஷன் எண்டர்பிரைசஸ்	Latin	Tamil
S1-543631331	S3-170712176	0	0	0	0	short business name	Vevue	Véste	Latin	Latin
S1-46626801	S3-573987876	0	0	0	0	cross-script	Star Developers Private Limited	ஸ்டார் டெவலப்பர்ஸ் பிரைவேட் லிமிடெட்	Latin	Tamil
S1-3597945	S3-627696682	0	0	0	0	severe noise / vocabulary shift	Hari Construction Private Limited	Hari Private Limited Center	Latin	Latin
S1-392162365	S2-849374071	0	0	0	0	cross-script	Shyam Estate Private Limited	श्याम एस्टेट प्राइवेट लिमिटेड	Latin	Devanagari
S1-277753689	S2-180744791	0	0	0	0	abbreviation	Rapid Electronics Alliance	Lumsynonyx	Latin	Latin
S1-391004591	S3-722837804	0	0	0	0	cross-script	New Delhi Consultancy Limited	ndconsultancy.com	Latin	Devanagari
S1-970683660	S3-140413252	0	0	0	0	typo / spelling variation	Dental Specialists	Dental Spécialists	Latin	Latin
S1-837351857	S2-62862321	0	0	0	0	abbreviation	Harris Diagnostics Corp	Gildarc	Latin	Latin
S1-718059177	S2-626721273	0	0	0	0	cross-script	Red Dynamic Ventures Pvt Ltd	रेड डायनामिक वेंचर्स प्रा. लि.	Latin	Devanagari
S1-567465426	S2-916402815	0	0	0	0	abbreviation	Cardinal Inc	LYRAFAYEFAYE	Latin	Latin
S1-159025738	S3-567472053	0	0	0	0	cross-script	Blue Hospitality Private Limited	ब्लू हॉस्पिटैलिटी प्राइवेट लिमिटेड	Latin	Devanagari
S1-302281281	S3-355516168	0	0	0	0	numeric mismatch	S 9 D Homecare	D 9 S Hómécare	Latin	Latin
S1-239029433	S3-795727142	0	0	0	0	token variation	Youth Council	Youth Cóuncil Cóuncil	Latin	Latin
S1-426678992	S2-623090558	0	0	0	0	typo / spelling variation	Orthopedic Center Inc	Orthopedic Cénter	Latin	Latin
S1-111634068	S2-994766560	0	0	0	0	cross-script	First Systems Private Limited	फर्स्ट सिस्टम्स प्राइवेट लिमिटेड	Latin	Devanagari
S1-567115429	S3-442621912	0	0	0	0	cross-script	Shakti Power Private Limited	शक्ति पावर प्राइवेट लिमिटेड	Latin	Devanagari
S1-51991841	S3-393595588	0	0	0	0	cross-script	Prime International Pvt Ltd	பிரைம் இன்டர்நேஷனல் பிரைவேட் லிமிடெட்	Latin	Tamil
S1-349171233	S3-294446812	0	0	0	0	cross-script	Dynamic Projects Private Limited	ডায়নামিক প্রজেক্টস প্রাইভেট লিমিটেড	Latin	Bengali
S1-844492132	S3-334066628	0	0	0	0	cross-script	Shyam Developers Private Limited	श्याम Developers प्राइवेट लिमिटेड	Latin	Devanagari
S1-896454262	S3-12097578	0	0	0	0	typo / spelling variation	United Tech Private Limited	United Tglh Private Limited	Latin	Latin
S1-581931192	S2-487383344	0	0	0	0	token reordering	Regional Intelligence Works LLC	LLC Regional Intbllgenec Works	Latin	Latin
S1-943506925	S3-581130401	0	0	0	0	cross-script	Sai Solutions Private Limited	साई सॉल्यूशंस प्राइवेट लिमिटेड	Latin	Devanagari
S1-714890141	S3-339125141	0	0	0	0	abbreviation	Boxley Grill	bgrill.com	Latin	Latin
S1-825023193	S3-795257350	0	0	0	0	typo / spelling variation	Future Constructions Private Limited	Smt Future Constructions Pbrivtae Limited	Latin	Latin
S1-927463860	S3-565297759	0	0	0	0	cross-script	Vision Hospitality LLP	ವಿಷನ್ ಹಾಸ್ಪಿಟಾಲಿಟಿ ಎಲ್ಎಲ್‌ಪಿ	Latin	Kannada
S1-531369396	S2-373037759	0	0	0	0	token variation	Highland Federation	Highland  Femdeartoin	Latin	Latin
S1-742767146	S3-43557464	0	0	0	0	token variation	Sanao, LLC	Sna,o LLC	Latin	Latin
S1-645392023	S2-109014371	0	0	0	0	cross-script	Krishna Properties	कृष्ण प्रॉपर्टीज	Latin	Devanagari
S1-930699575	S2-65567329	0	0	0	0	cross-script	Super Laxmi Management Pvt Ltd	सुपर लक्ष्मी मैनेजमेंट प्रा. लि.	Latin	Devanagari
S1-468897749	S3-905827825	0	0	0	0	cross-script	Hari Software Limited	Hari सॉफ्टवेयर Limited	Latin	Devanagari
S1-81038176	S3-731559691	0	0	0	0	short business name	Data Agricultural Products LLC	Data	Latin	Latin
S1-321505161	S3-172639108	0	0	0	0	typo / spelling variation	United Figx LLC	United Fx  LLC	Latin	Latin
S1-94342147	S2-851939529	0	0	0	0	cross-script	Indo All Healthcare Private Limited	ઇન્ડો ઓલ હેલ્થકેર પ્રાઇવેટ લિમિટેડ	Latin	Gujarati
S1-953760777	S3-698953849	0	0	0	0	severe noise / vocabulary shift	Arihant Logistics Private Limited	Arihant L0gistics	Latin	Latin
S1-965708285	S2-710142582	0	0	0	0	cross-script	International Impex Private Limited	ઇન્ટરનેશનલ ઇમ્પેક્સ પ્રાઇવેટ લિમિટેડ	Latin	Gujarati
S1-75711797	S2-158224879	0	0	0	0	cross-script	International Ventures Private Limited	इंटरनेशनल वेंचर्स प्राइवेट लिमिटेड	Latin	Devanagari
S1-139855243	S2-835588387	0	0	0	0	typo / spelling variation	O+ Verde LLC	O+ Vérde LLC	Latin	Latin
S1-760678310	S3-189509886	0	0	0	0	cross-script	Big Industries Pvt Ltd	बिग Industries प्रा. लि.	Latin	Devanagari
S1-455242993	S2-802261124	0	0	0	0	cross-script	Perfect Investment Private Limited	परफेक्ट इन्वेस्टमेंट प्राइवेट लिमिटेड	Latin	Devanagari
S1-611323462	S2-982376281	0	0	0	0	cross-script	LL India Mumbai	llindiamumbai.com	Latin	Devanagari
S1-348269794	S3-690287304	0	0	0	0	abbreviation	Biehl Precision Pharmaceuticals	Caloaria	Latin	Latin
S1-401920011	S2-951847632	0	0	0	0	cross-script	Innovative Builders Private Limited	INNOVATIVE BUIDLESR PRIVATE LIMITED	Latin	Devanagari
S1-386607538	S2-199896718	0	0	0	0	abbreviation	Premier Strategic Surgical	MIRANYLA	Latin	Latin
S1-620874858	S2-771889839	0	0	0	0	cross-script	Patna Technologies Pvt Ltd	tpatna.com	Latin	Devanagari
S1-782761586	S3-111076487	0	0	0	0	severe noise / vocabulary shift	Services Cethar Window Private Limited	Brixveo	Latin	Latin
S1-112656772	S2-645484716	0	0	0	0	cross-script	Shyam Services Private Limited	श्याम सर्विसेज प्राइवेट लिमिटेड	Latin	Devanagari
S1-161550675	S2-155196822	0	0	0	0	severe noise / vocabulary shift	Beo, Inc	DELTAQUOIRI	Latin	Latin
S1-51475860	S2-441568342	0	0	0	0	severe noise / vocabulary shift	New Whiteland Primary Care Better Clinic, LLC	Fayequo	Latin	Latin
S1-516174888	S3-923293219	0	0	0	0	typo / spelling variation	Eastern Bread PC	Eastern Bgrdra PC	Latin	Latin
S1-982925202	S2-142694197	0	0	0	0	cross-script	Unique My Consulting Private Limited	यूनिक माय कंसल्टिंग प्राइवेट लिमिटेड	Latin	Devanagari
S1-190089776	S3-676424205	0	0	0	0	typo / spelling variation	Physical Therapy Medicine, LLC	Physical Therapy Médicine, LLC	Latin	Latin
S1-379790397	S3-929999380	0	0	0	0	cross-script	Bright Investment Pvt Ltd	ब्राइट इन्वेस्टमेंट प्रा. लि.	Latin	Devanagari
S1-376015084	S2-482621639	0	0	0	0	short business name	Mique	Nexariaveo	Latin	Latin
S1-375335666	S2-469846416	0	0	0	0	abbreviation	Allied Prairie Harvard	HAPRAIRIE.COM	Latin	Latin
S1-765935602	S3-867271207	0	0	0	0	severe noise / vocabulary shift	Bsk Welfare Society	Veociramira	Latin	Latin
S1-443939833	S2-206449429	0	0	0	0	cross-script	Star Foods Pvt Ltd	స్టార్ ఫుడ్స్ ప్రైవేట్ లిమిటెడ్	Latin	Telugu
S1-786439272	S3-881094349	0	0	0	0	cross-script	Eastern Enterprises Private Limited	ಈಸ್ಟರ್ನ್ ಎಂಟರ್‌ಪ್ರೈಸಸ್ ಪ್ರೈವೇಟ್ ಲಿಮಿಟೆಡ್	Latin	Kannada
S1-540002161	S2-782167263	0	0	0	0	typo / spelling variation	Hari Enterprises Pvt Ltd	Hari Enrtpraises Pvt Ltd	Latin	Latin
S1-234743272	S2-119899997	0	0	0	0	cross-script	Good Global Private Limited	गुड ग्लोबल प्राइवेट लिमिटेड	Latin	Devanagari
S1-605921047	S3-544513800	0	0	0	0	cross-script	Lakshmi Infrastructure Private Limited	लक्ष्मी इंफ्रास्ट्रक्चर प्राइवेट लिमिटेड	Latin	Devanagari
S1-391863133	S2-637260518	0	0	0	0	cross-script	City It Pvt Ltd	सिटी आईटी प्रा. लि.	Latin	Devanagari
S1-723604628	S3-226285375	0	0	0	0	short business name	New Foods Pvt Ltd	New	Latin	Latin
S1-953760777	S2-332439135	0	0	0	0	cross-script	Arihant Logistics Private Limited	অরিহন্ত লজিস্টিকস প্রাইভেট লিমিটেড	Latin	Bengali
S1-658639312	S2-855493631	0	0	0	0	cross-script	Sree Construction Private Limited	ஸ்ரீ கன்ஸ்ட்ரக்ஷன் பிரைவேட் லிமிடெட்	Latin	Tamil
S1-669461780	S3-535675324	0	0	0	0	cross-script	Suraj Trading Private Limited	Dr 5uraj Trading Pfriaate Limited	Latin	Tamil
S1-709678146	S2-931286425	0	0	0	0	cross-script	Anand Consultancy Private Limited	आनंद कंसल्टेंसी प्राइवेट लिमिटेड	Latin	Devanagari
S1-545435657	S2-37033651	0	0	0	0	cross-script	Jay Engineering Private Limited	ஜெய் இன்ஜினியரிங் பிரைவேட் லிமிடெட்	Latin	Tamil
S1-397625112	S2-919536393	0	0	0	0	cross-script	Gold Digital Products Limited	Gold Digital प्रोडक्ट्स लिमिटेड	Latin	Devanagari
S1-645392023	S3-491843073	0	0	0	0	severe noise / vocabulary shift	Krishna Properties	Viodrexzeta Sys	Latin	Latin
S1-316461528	S3-549779923	0	0	0	0	abbreviation	Autism Assistance Project of Mcminnville	aaproject.com	Latin	Latin
S1-447347365	S2-469226928	0	0	0	0	cross-script	Lakshmi Estate Private Limited	लक्ष्मी एस्टेट प्राइवेट लिमिटेड	Latin	Devanagari
S1-56465046	S3-550205324	0	0	0	0	short business name	Asset Building Institute	Asset	Latin	Latin
S1-819325787	S2-995920316	0	0	0	0	cross-script	Red Investment Private Limited	રેડ ઇન્વેસ્ટમેન્ટ પ્રાઇવેટ લિમિટેડ	Latin	Gujarati
S1-101129738	S2-264933872	0	0	0	0	typo / spelling variation	A Cure 7 All	A Ccure 7 All	Latin	Latin
S1-338068352	S2-422639683	0	0	0	0	typo / spelling variation	Vision Investments Pvt Ltd	VISION INVEEIDAENTS PVT LTD	Latin	Latin
S1-615327859	S3-68047739	0	0	0	0	abbreviation	Ear Nose & Throat Health	en.com	Latin	Latin
S1-349091415	S2-480798028	0	0	0	0	cross-script	Innovative Solutions Private Limited	इनोवेटिव सॉल्यूशंस प्राइवेट लिमिटेड	Latin	Devanagari
S1-519019285	S3-258188862	0	0	0	0	cross-script	Lakshmi Infrastructure Private Limited	லக்ஷ்மி Infrastructure Private Limited	Latin	Tamil
S1-791079990	S3-959308488	0	0	0	0	cross-script	Thanima (India) Capital Limited	Dr Novicalo	Latin	Devanagari
S1-87445684	S2-690382148	0	0	0	0	token variation	Select Aviation LLC	5elect-Ahivsticon LLC	Latin	Latin
S1-675508123	S2-137533190	0	0	0	0	cross-script	Prime Tech Software LLP	പ്രൈം ടെക് സോഫ്റ്റ്‌വെയർ എൽഎൽപി	Latin	Malayalam
S1-573819137	S2-456528136	0	0	0	0	cross-script	Alpha Infra Private Limited	अल्फा इंफ्रा प्राइवेट लिमिटेड	Latin	Devanagari
S1-380053798	S3-272399850	0	0	0	0	cross-script	Super Sunrise Enterprises Limited	सुपर सनराइज एंटरप्राइजेज लिमिटेड	Latin	Devanagari
S1-819896493	S3-584954243	0	0	0	0	token reordering	Board of Health	Board Heetlh of	Latin	Latin
S1-297813358	S3-429048297	0	0	0	0	cross-script	Osk & Brothers Private Limited	Ciraonyxdrex	Latin	Devanagari
S1-470443642	S2-823596809	0	0	0	0	typo / spelling variation	Orthopedic Health P.C.	Orthopedic Haft P.C.	Latin	Latin
S1-693624177	S2-569006609	0	0	0	0	severe noise / vocabulary shift	Vision Power Limited	ଭିଜନ୍ ପାୱାର୍ ଲିମିଟେଡ୍	Latin	Latin
S1-718864002	S3-750426127	0	0	0	0	severe noise / vocabulary shift	24 Hour Massage	24 Hóur	Latin	Latin
S1-939930924	S2-663785240	0	0	0	0	cross-script	Green Properties Private Limited	ग्रीन प्रॉपर्टीज प्राइवेट लिमिटेड	Latin	Devanagari
S1-824560680	S2-320865889	0	0	0	0	cross-script	Swastik Industries Private Limited	स्वस्तिक इंडस्ट्रीज प्राइवेट लिमिटेड	Latin	Devanagari
S1-118314079	S2-813500479	0	0	0	0	cross-script	Tech International Private Limited	टेक इंटरनेशनल प्राइवेट लिमिटेड	Latin	Devanagari
S1-685598087	S2-229874129	0	0	0	0	cross-script	Star Properties Private Limited	स्टार प्रॉपर्टीज प्राइवेट लिमिटेड	Latin	Devanagari
S1-524827913	S2-114541335	0	0	0	0	abbreviation	S 2 B Hennessy	S2B.COM	Latin	Latin
S1-747613333	S2-101426073	0	0	0	0	typo / spelling variation	I & H Ribbon, LLC	I & H Retbobon, LLC	Latin	Latin
S1-242756686	S3-53464187	0	0	0	0	cross-script	Bharat Software Limited	भारत सॉफ्टवेयर लिमिटेड	Latin	Devanagari
S1-694772360	S3-569878649	0	0	0	0	cross-script	Solutions Mind Sai Ltd	solutionsmindsai.com	Latin	Devanagari
S1-353057727	S2-28327781	0	0	0	0	cross-script	Unique Food	யுனிக் ஃபுட்	Latin	Tamil
S1-579377855	S2-169880245	0	0	0	0	cross-script	Alpha Producer	ಆಲ್ಫಾ ಪ್ರೊಡ್ಯೂಸರ್	Latin	Kannada
S1-179800630	S3-489030703	0	0	0	0	missing address	Little Endocrinology Inc	The Little End0crinology Inc	Latin	Latin
S1-735958358	S3-137472059	0	0	0	0	cross-script	Future Products Pvt Ltd	ഫ്യൂച്ചർ പ്രൊഡക്ട്സ് പ്രൈവറ്റ് ലിമിറ്റഡ്	Latin	Malayalam
S1-301412460	S2-959927337	0	0	0	0	cross-script	Aditya Engineering Private Limited	आदित्य इंजीनियरिंग प्राइवेट लिमिटेड	Latin	Devanagari
S1-745549475	S2-415435364	0	0	0	0	cross-script	Galaxy Infotech	गैलेक्सी इंफोटेक	Latin	Devanagari
S1-553537343	S2-934007639	0	0	0	0	typo / spelling variation	East Liquidity	EAST LEQABIDITY	Latin	Latin
S1-97059024	S2-546670020	0	0	0	0	cross-script	Al Technology	अल टेक्नोलॉजी	Latin	Devanagari
S1-146908133	S2-237209291	0	0	0	0	cross-script	Om Management Private Limited	ॐ मैनेजमेंट प्राइवेट लिमिटेड	Latin	Devanagari
S1-439431890	S2-424615514	0	0	0	0	cross-script	Unique International Private Limited	यूनिक इंटरनेशनल प्राइवेट लिमिटेड	Latin	Devanagari
S1-542129431	S2-6391025	0	0	0	0	abbreviation	Orbis Northern, LLC	onorthern.com	Latin	Latin
S1-824963244	S2-795558172	0	0	0	0	numeric mismatch	Sapphire LLC	5apphire LLC Center	Latin	Latin
S1-145542883	S2-813397999	0	0	0	0	cross-script	Global Ventures Private Limited	ಗ್ಲೋಬಲ್ ವೆಂಚರ್ಸ್ ಪ್ರೈವೇಟ್ ಲಿಮಿಟೆಡ್	Latin	Kannada
S1-723016788	S3-90887167	0	0	0	0	cross-script	Gujarat Healthcare Private Limited	ગુજરાત હેલ્થકેર પ્રાઇવેટ લિમિટેડ	Latin	Gujarati
S1-467352243	S2-370265658	0	0	0	0	typo / spelling variation	Orthopedic Health L.L.C.	Orth0pedic Health  L.L.C.	Latin	Latin
S1-690320265	S3-556289345	0	0	0	0	abbreviation	Panther Assets Private Limited	Synkelo	Latin	Latin
S1-737855321	S2-525012949	0	0	0	0	cross-script	All Finance Private Limited	ऑल फाइनेंस प्राइवेट लिमिटेड	Latin	Devanagari
S1-415913084	S2-147943718	0	0	0	0	typo / spelling variation	Dermatology Associates LLC	Dérmatology-Associates	Latin	Latin
S1-425011052	S2-99498876	0	0	0	0	cross-script	Hitech Infra Private Limited	हाईटेक इंफ्रा प्राइवेट लिमिटेड	Latin	Devanagari
S1-64447995	S2-604097720	0	0	0	0	cross-script	Poshan & Co	Pmn & Co	Latin	Gujarati
S1-958788344	S3-75294267	0	0	0	0	cross-script	Apex Engineering Pvt Ltd	एपेक्स इंजीनियरिंग प्रा. लि.	Latin	Devanagari
S1-94962737	S3-417992166	0	0	0	0	severe noise / vocabulary shift	Urology Physicians Inc	Urology Inc Services	Latin	Latin
S1-452195318	S2-817413661	0	0	0	0	typo / spelling variation	Future Power Private Limited	Future P0wer Private Ltd	Latin	Latin
S1-480759450	S2-80241392	0	0	0	0	severe noise / vocabulary shift	Safe Automobile Inc	Safe Inc Center	Latin	Latin
S1-572279921	S2-456506527	0	0	0	0	cross-script	International Agro Private Limited	इंटरनेशनल एग्रो प्राइवेट लिमिटेड	Latin	Devanagari
S1-676409457	S2-995275593	0	0	0	0	cross-script	High It Private Limited	हाई आईटी प्राइवेट लिमिटेड	Latin	Devanagari
S1-37084329	S3-600828263	0	0	0	0	severe noise / vocabulary shift	Eye Partners Associates	Partners Partners Eye	Latin	Latin
S1-292565791	S2-829780438	0	0	0	0	typo / spelling variation	Ja Media Limited	Ja Mcesia Limited	Latin	Latin
S1-554420618	S2-22169557	0	0	0	0	cross-script	United Global	यूनाइटेड ग्लोबल	Latin	Devanagari
S1-862950332	S2-927666826	0	0	0	0	abbreviation	Metropolitan Fellowship	mfellowship.com	Latin	Latin
S1-360923160	S3-582853517	0	0	0	0	typo / spelling variation	Atlantic Paper Inc	Atlantic Paegr Inc	Latin	Latin
S1-444509559	S3-360571538	0	0	0	0	cross-script	My Enterprises Private Limited	माय एंटरप्राइजेज प्राइवेट लिमिटेड	Latin	Devanagari
S1-774134298	S2-5553134	0	0	0	0	cross-script	Seven Bright Services LLP	सेवन ब्राइट सर्विसेज एलएलपी	Latin	Devanagari
S1-489258766	S2-714779511	0	0	0	0	abbreviation	Valley Alliance	VALLEY CENTER	Latin	Latin
S1-84992477	S2-713140917	0	0	0	0	severe noise / vocabulary shift	Scarbrough & Carlton Enclave	Xylozeta	Latin	Latin
S1-698571148	S3-54451641	0	0	0	0	cross-script	North Global Private Limited	नॉर्थ ग्लोबल प्राइवेट लिमिटेड	Latin	Devanagari
S1-72390573	S2-928988370	0	0	0	0	cross-script	Ace Laxmi Global Private Limited	एस लक्ष्मी ग्लोबल प्राइवेट लिमिटेड	Latin	Devanagari
S1-779629365	S2-976075326	0	0	0	0	cross-script	Future Hospitality Private Limited	फ्यूचर हॉस्पिटैलिटी प्राइवेट लिमिटेड	Latin	Devanagari
S1-669182455	S2-548395699	0	0	0	0	cross-script	Hari Business Private Limited	हरि बिजनेस प्राइवेट लिमिटेड	Latin	Devanagari
S1-899374519	S2-758517762	0	0	0	0	cross-script	Hi Consultancy Private Limited	privateconsultancyhi.com	Latin	Devanagari
S1-10984020	S3-326179966	0	0	0	0	typo / spelling variation	Pediatric Dentistry Center	Pediatric Dentistry Cernebr	Latin	Latin
S1-211829578	S2-413692919	0	0	0	0	cross-script	Jay Technologies Limited	ಜೇ ಟೆಕ್ನಾಲಜೀಸ್ ಲಿಮಿಟೆಡ್	Latin	Kannada
S1-677306915	S3-541116276	0	0	0	0	severe noise / vocabulary shift	Brosis Charitable Trust	M/s Gilddova	Latin	Latin
S1-628370821	S3-319457795	0	0	0	0	token variation	Trusted Software	Trusted Center	Latin	Latin
S1-759041732	S2-590052096	0	0	0	0	typo / spelling variation	Urgent Care Medicine Inc	Urgent Care  Mediine Inc	Latin	Latin
S1-755601675	S3-814467272	0	0	0	0	cross-script	Smart Foods Private Limited	સ્માર્ટ ફૂડ્સ પ્રાઇવેટ લિમિટેડ	Latin	Gujarati
S1-226002871	S3-426413309	0	0	0	0	cross-script	Sai Services	साई सर्विसेज	Latin	Devanagari
S1-399080604	S2-530901115	0	0	0	0	severe noise / vocabulary shift	Great Consultants Private Limited	ଗ୍ରେଟ୍ କନସଲଟାଣ୍ଟସ୍ ପ୍ରାଇଭେଟ୍ ଲିମିଟେଡ୍	Latin	Latin
S1-542529967	S2-13589454	0	0	0	0	abbreviation	Anchor All PC	anchorall.com	Latin	Latin
S1-93331650	S2-246666797	0	0	0	0	abbreviation	Foot & Ankle Delta Center	footankledelta.com	Latin	Latin
S1-955643207	S2-406828772	0	0	0	0	missing address	Shree & Sons Private Limited	Shree and Soossn Private (Limited)	Latin	Latin
S1-445706228	S2-878133881	0	0	0	0	cross-script	Green Business Private Limited	గ్రీన్ బిజినెస్ ప్రైవేట్ లిమిటెడ్	Latin	Telugu
S1-689594674	S2-444503858	0	0	0	0	cross-script	Green Global Private Limited	ग्रीन ग्लोबल प्राइवेट लिमिटेड	Latin	Devanagari
S1-334848612	S2-71776751	0	0	0	0	cross-script	Shree Consultants Private Limited	श्री कंसल्टेंट्स प्राइवेट लिमिटेड	Latin	Devanagari
S1-703116170	S3-213948444	0	0	0	0	cross-script	New Eastern Estate Private Limited	ന്യൂ ഈസ്റ്റേൺ എസ്റ്റേറ്റ് പ്രൈവറ്റ് ലിമിറ്റഡ്	Latin	Malayalam
S1-884388031	S3-819829600	0	0	0	0	token variation	Silver Developers Pvt Ltd	Drexevo Sys formerly Silver Developers Pvt Ltd	Latin	Latin
S1-239474731	S2-180020498	0	0	0	0	severe noise / vocabulary shift	YD Construction LLC	YD LLC Center	Latin	Latin
S1-505938783	S2-190844216	0	0	0	0	severe noise / vocabulary shift	Avishkar India Pvt Ltd	Gildriza	Latin	Latin
S1-995394278	S2-190518912	0	0	0	0	cross-script	Universal Constructions Private Limited	ಯುನಿವರ್ಸಲ್ ಕನ್‌ಸ್ಟ್ರಕ್ಷನ್ಸ್ ಪ್ರೈವೇಟ್ ಲಿಮಿಟೆಡ್	Latin	Kannada
S1-290631377	S3-962410846	0	0	0	0	cross-script	Sridhar Academy	Smt SÁ	Latin	Devanagari
S1-517457052	S3-601087345	0	0	0	0	cross-script	United Foods Private Limited	യുണൈറ്റഡ് Foods Private Limited	Latin	Malayalam
S1-272014823	S2-701258693	0	0	0	0	cross-script	First Technology	फर्स्ट टेक्नोलॉजी	Latin	Devanagari
S1-508542694	S3-819237636	0	0	0	0	short business name	Buffy's Farms Care	BFC	Latin	Latin
S1-271903957	S2-331423571	0	0	0	0	cross-script	One Infotech Private Limited	वन इंफोटेक प्राइवेट लिमिटेड	Latin	Devanagari
S1-446467788	S3-728425436	0	0	0	0	cross-script	High Developers Private Limited	ஹை டெவலப்பர்ஸ் பிரைவேட் லிமிடெட்	Latin	Tamil
S1-67587372	S2-582267287	0	0	0	0	cross-script	Krishna Constructions Private Limited	ક્રિષ્ના કન્સ્ટ્રક્શન્સ પ્રાઇવેટ લિમિટેડ	Latin	Gujarati
S1-124991677	S2-6343412	0	0	0	0	abbreviation	High Marketing Private Limited	highmarketing.com	Latin	Latin
S1-226862856	S2-579439622	0	0	0	0	typo / spelling variation	Sterling	Stérling	Latin	Latin
S1-690359153	S2-986466742	0	0	0	0	cross-script	Star Finance LLP	ಸ್ಟಾರ್ ಫೈನಾನ್ಸ್ ಎಲ್ಎಲ್‌ಪಿ	Latin	Kannada
S1-539420568	S2-349551458	0	0	0	0	cross-script	Good Vijay Trading Private Limited	गुड विजय ट्रेडिंग प्राइवेट लिमिटेड	Latin	Devanagari
S1-408382005	S3-787807828	0	0	0	0	cross-script	Shiva Properties Limited	... Shiva Properties Ltd #1306	Latin	Devanagari
S1-748078253	S3-115098508	0	0	0	0	typo / spelling variation	Clear Biotechnologies	Clear Botchnoloigbs	Latin	Latin
S1-145542883	S3-829497949	0	0	0	0	cross-script	Global Ventures Private Limited	ಗ್ಲೋಬಲ್ ವೆಂಚರ್ಸ್ ಪ್ರೈವೇಟ್ ಲಿಮಿಟೆಡ್	Latin	Kannada
S1-67587372	S2-181747720	0	0	0	0	cross-script	Krishna Constructions Private Limited	કૃષ્ણ કન્સ્ટ્રક્શન્સ પ્રાઇવેટ લિમિટેડ	Latin	Gujarati
S1-683053277	S3-582261512	0	0	0	0	severe noise / vocabulary shift	Ku Shakti Company	Jaxkelo	Latin	Latin
S1-477479691	S2-120639503	0	0	0	0	cross-script	Surya Innovative Products Private Limited	ಸೂರ್ಯ ಇನೋವೇಟಿವ್ ಪ್ರೊಡಕ್ಟ್ಸ್ ಪ್ರೈವೇಟ್ ಲಿಮಿಟೆಡ್	Latin	Kannada
S1-188401577	S3-60526436	0	0	0	0	cross-script	Shree Systems Pvt Ltd	श्री सिस्टम्स प्रा. लि.	Latin	Devanagari
S1-9348784	S2-299133261	0	0	0	0	typo / spelling variation	Skylark Holdings	SYKLASRAK HOLDINGS	Latin	Latin
S1-229487967	S3-643605123	0	0	0	0	cross-script	Bangalore South Video Limited	Nylavantage	Latin	Kannada
S1-451577354	S3-786499920	0	0	0	0	severe noise / vocabulary shift	Ember Holding	Umbravio	Latin	Latin
S1-421439194	S3-343785529	0	0	0	0	cross-script	Bright Infrastructure Private Limited	ब्राइट इंफ्रास्ट्रक्चर प्राइवेट लिमिटेड	Latin	Devanagari
S1-468897749	S2-58644714	0	0	0	0	cross-script	Hari Software Limited	हरि सॉफ्टवेयर लिमिटेड	Latin	Devanagari
S1-581471159	S3-672866507	0	0	0	0	abbreviation	Thane Invatrade Private Limited	Avivantage+	Latin	Latin
S1-285171170	S3-367470874	0	0	0	0	severe noise / vocabulary shift	Dynamic Consultants Pvt Ltd	Dynamic Pvt  Ltd 5ervice	Latin	Latin
S1-687794573	S2-350680275	0	0	0	0	cross-script	Global Finance Pvt Ltd	ग्लोबल फाइनेंस प्रा. लि.	Latin	Devanagari
S1-709678146	S2-504647150	0	0	0	0	cross-script	Anand Consultancy Private Limited	आनंद Consultancy Private Limited	Latin	Devanagari
S1-140311602	S3-814738787	0	0	0	0	cross-script	Lakshmi Foods Private Limited	लक्ष्मी फूड्स प्राइवेट लिमिटेड	Latin	Devanagari
S1-516263583	S2-244470323	0	0	0	0	cross-script	New Hari Investments Private Limited	న్యూ హరి ఇన్వెస్ట్‌మెంట్స్ ప్రైవేట్ లిమిటెడ్	Latin	Telugu
S1-188670288	S3-326475946	0	0	0	0	typo / spelling variation	Pediatric Dental Group	Pediatric Dental Gróup	Latin	Latin
S1-397625112	S2-636862467	0	0	0	0	cross-script	Gold Digital Products Limited	गोल्ड डिजिटल प्रोडक्ट्स लिमिटेड	Latin	Devanagari
S1-341673595	S2-399157108	0	0	0	0	cross-script	Lotus Hospitality Private Limited	లోటస్ హాస్పిటాలిటీ ప్రైవేట్ లిమిటెడ్	Latin	Telugu
S1-657108666	S3-44599435	0	0	0	0	typo / spelling variation	Cloud Academy Private Limited	Cl0ud Academy Private Ltd	Latin	Latin
S1-757474926	S3-979800531	0	0	0	0	severe noise / vocabulary shift	Select Daedalus	Yumazetadrex	Latin	Latin
S1-110568245	S3-614812176	0	0	0	0	cross-script	Shree Infrastructure Limited	श्री इंफ्रास्ट्रक्चर लिमिटेड	Latin	Devanagari
S1-288526622	S2-55034098	0	0	0	0	abbreviation	Bright Book Store	brightbookstore.com	Latin	Latin
S1-942927206	S2-944801802	0	0	0	0	cross-script	Vision Enterprises Private Limited	विजन एंटरप्राइजेज प्राइवेट लिमिटेड	Latin	Devanagari
S1-193415954	S2-985967241	0	0	0	0	cross-script	North Innovative Consultancy Private Limited	नॉर्थ इनोवेटिव कंसल्टेंसी प्राइवेट लिमिटेड	Latin	Devanagari
S1-398820135	S2-751346418	0	0	0	0	severe noise / vocabulary shift	Z & N Staffing	Z  + N	Latin	Latin
S1-862923434	S3-511122014	0	0	0	0	cross-script	Arihant Properties Limited	अरिहंत प्रॉपर्टीज लिमिटेड	Latin	Devanagari
S1-505264059	S2-875500320	0	0	0	0	cross-script	Jay Consultants Private Limited	జై కన్సల్టెంట్స్ ప్రైవేట్ లిమిటెడ్	Latin	Telugu
S1-538668446	S2-614313198	0	0	0	0	cross-script	Shiva Business Private Limited	શિવા બિઝનેસ પ્રાઇવેટ લિમિટેડ	Latin	Gujarati
S1-292914005	S3-48060324	0	0	0	0	severe noise / vocabulary shift	Springdale Cornerstone Pharmaceuticals	Jaxsoljax	Latin	Latin
S1-610399139	S3-899242409	0	0	0	0	cross-script	Super Construction Private Limited	superconstruction.com	Latin	Devanagari
S1-519333644	S2-342601124	0	0	0	0	cross-script	North Ram Industries Private Limited	நார்த் ராம் இண்டஸ்ட்ரீஸ் பிரைவேட் லிமிடெட்	Latin	Tamil
S1-708875234	S3-424329068	0	0	0	0	severe noise / vocabulary shift	Hari Industries Private Limited	ହରି ଇଣ୍ଡଷ୍ଟ୍ରିଜ୍ ପ୍ରାଇଭେଟ୍ ଲିମିଟେଡ୍	Latin	Latin
S1-631808026	S3-900537503	0	0	0	0	typo / spelling variation	North Fitness Inc	North Fltsens Inc	Latin	Latin
S1-773193532	S3-356826986	0	0	0	0	severe noise / vocabulary shift	Dermatology Desert Associates	(ID: Desertassociates.Com 50288)	Latin	Latin
S1-244333855	S2-97900066	0	0	0	0	cross-script	Hari Enterprises Private Limited	ஹரி எண்டர்பிரைசஸ் பிரைவேட் லிமிடெட்	Latin	Tamil
S1-510873908	S3-533820498	0	0	0	0	cross-script	Baba Power Private Limited	Baba Power പ്രൈവറ്റ് ലിമിറ്റഡ്	Latin	Malayalam
S1-350407384	S3-738020703	0	0	0	0	cross-script	Good Surya Energy Private Limited	गुड सूर्य एनर्जी प्राइवेट लिमिटेड	Latin	Devanagari
S1-551824537	S3-515429188	0	0	0	0	abbreviation	Fisher Trusted Activate	Drexevo	Latin	Latin
S1-746190904	S3-998264785	0	0	0	0	cross-script	Good Jain Solutions Pvt Ltd	गुड जैन सॉल्यूशंस प्रा. लि.	Latin	Devanagari
S1-472966709	S2-639883708	0	0	0	0	cross-script	Modern Foods Private Limited	मॉडर्न फूड्स प्राइवेट लिमिटेड	Latin	Devanagari
S1-197352449	S3-291367851	0	0	0	0	short business name	Ace Insurance Associates	Ace	Latin	Latin
S1-447347365	S2-687148960	0	0	0	0	cross-script	Lakshmi Estate Private Limited	लक्ष्मी एस्टेट प्राइवेट लिमिटेड	Latin	Devanagari
S1-51991841	S3-561673479	0	0	0	0	token variation	Prime International Pvt Ltd	Prime Inerrahidnal Pvt Pvt Ltd	Latin	Latin
S1-435690871	S2-124878770	0	0	0	0	cross-script	Star Exports Private Limited	स्टार एक्सपोर्ट्स प्राइवेट लिमिटेड	Latin	Devanagari
S1-757142020	S2-290165381	0	0	0	0	typo / spelling variation	Orthopedic Highland Partners Inc	Orthopedic Hichabnd Partners Inc	Latin	Latin
S1-276256631	S3-608784036	0	0	0	0	typo / spelling variation	Pediatric Smart Specialists	Pediatric Smárt Specia1ists	Latin	Latin
S1-631968288	S2-242451828	0	0	0	0	token variation	India Educational Society	Dr INDIA EDUCATIONAL SERVICES	Latin	Latin
S1-365639557	S2-425621930	0	0	0	0	cross-script	Good It Private Limited	குட் ஐடி பிரைவேட் லிமிடெட்	Latin	Tamil
S1-111634068	S3-652581617	0	0	0	0	cross-script	First Systems Private Limited	फर्स्ट सिस्टम्स प्राइवेट लिमिटेड	Latin	Devanagari
S1-796125760	S2-704997661	0	0	0	0	abbreviation	Monium LLC	Mom-LLC	Latin	Latin
S1-656929174	S2-235018364	0	0	0	0	cross-script	Black Producer Private Limited	బ్లాక్ ప్రొడ్యూసర్ ప్రైవేట్ లిమిటెడ్	Latin	Telugu
S1-713912434	S3-973785154	0	0	0	0	cross-script	First Infrastructure	ফার্স্ট Infrastructure	Latin	Bengali
S1-511816679	S2-661036531	0	0	0	0	short business name	Dova	Dsrva	Latin	Latin
S1-535191443	S2-520658243	0	0	0	0	cross-script	Smart Management Pvt Ltd	स्मार्ट मैनेजमेंट प्रा. लि.	Latin	Devanagari
S1-578202251	S2-330048725	0	0	0	0	cross-script	Jain Unique Exports Private Limited	जैन यूनिक एक्सपोर्ट्स प्राइवेट लिमिटेड	Latin	Devanagari
S1-931862613	S3-81037243	0	0	0	0	typo / spelling variation	Seven Estate Limited	Seven Esltte Limited	Latin	Latin
S1-194283625	S2-867888282	0	0	0	0	cross-script	Apex Foods Limited	एपेक्स फूड्स लिमिटेड	Latin	Devanagari
S1-556447919	S2-461962472	0	0	0	0	cross-script	New Delhi Servicesprivate Limited	New Delhi Limited Center	Latin	Devanagari
S1-756987791	S3-819237083	0	0	0	0	severe noise / vocabulary shift	Cure Hypnosis	Zetasyn d/b/a Cure Hypnosis	Latin	Latin
S1-447248760	S2-12122709	0	0	0	0	typo / spelling variation	Downtown Pub L.L.C.	Dtcntalhn Pub L.L.C.	Latin	Latin
S1-607823099	S3-374251607	0	0	0	0	severe noise / vocabulary shift	One Impex Private Limited	ਵਨ ਇੰਪੈਕਸ ਪ੍ਰਾਈਵੇਟ ਲਿਮਟਿਡ	Latin	Latin
S1-11384020	S2-349991178	0	0	0	0	severe noise / vocabulary shift	X 7 N Biracilik LLC	Center X 7 N LLC	Latin	Latin
S1-135882355	S3-538630106	0	0	0	0	short business name	A J & Q Rain Inc	jqcom	Latin	Latin
S1-686170445	S3-364501161	0	0	0	0	token reordering	Jai Exports Private Limited	Private Jai Exp0rts Ltd	Latin	Latin
S1-587318419	S3-669010022	0	0	0	0	typo / spelling variation	Metropolitan Program PLLC	Metropolitan  Pirdarlm PLLC	Latin	Latin
S1-896454262	S2-268408161	0	0	0	0	cross-script	United Tech Private Limited	यूनाइटेड टेक प्राइवेट लिमिटेड	Latin	Devanagari
S1-156364259	S2-406150813	0	0	0	0	cross-script	Arihant International Private Limited	अरिहंत इंटरनेशनल प्राइवेट लिमिटेड	Latin	Devanagari
S1-816681563	S2-393115752	0	0	0	0	cross-script	Creative Media Pvt Ltd	क्रिएटिव मीडिया प्रा. लि.	Latin	Devanagari
S1-531778940	S2-686562234	0	0	0	0	cross-script	Lotus Global Private Limited	लोटस ग्लोबल प्राइवेट लिमिटेड	Latin	Devanagari
S1-916191722	S3-408355699	0	0	0	0	typo / spelling variation	Human Rights Coalition	humanrightscoalition.com	Latin	Latin
S1-566981327	S2-690174143	0	0	0	0	cross-script	Milton Verse Private Limited	M/s MÍLTONVERSE.COM	Latin	Tamil
S1-943501410	S2-267210420	0	0	0	0	cross-script	My Business Private Limited	माय बिजनेस प्राइवेट लिमिटेड	Latin	Devanagari
S1-933137795	S2-56350626	0	0	0	0	cross-script	Hari Blue Power Pvt Ltd	हरि ब्लू पावर प्रा. लि.	Latin	Devanagari
S1-914045522	S3-211714671	0	0	0	0	cross-script	Tech Technologies Limited	टेक टेक्नोलॉजीज लिमिटेड	Latin	Devanagari
S1-553471989	S3-362629445	0	0	0	0	cross-script	Jay Southern Consulting Private Limited	જય સધર્ન કન્સલ્ટિંગ પ્રાઇવેટ લિમિટેડ	Latin	Gujarati
S1-824530419	S3-953758268	0	0	0	0	cross-script	Hari Tech Private Limited	ஹரி டெக் பிரைவேட் லிமிடெட்	Latin	Tamil
S1-290353753	S3-921055464	0	0	0	0	cross-script	Classic Impex Private Limited	ക്ലാസിക് ഇംപെക്സ് പ്രൈവറ്റ് ലിമിറ്റഡ്	Latin	Malayalam
S1-308022018	S3-339310714	0	0	0	0	cross-script	International Agro Private Limited	इंटरनेशनल एग्रो प्राइवेट लिमिटेड	Latin	Devanagari
S1-919757277	S2-871577279	0	0	0	0	cross-script	Alpha Tech Private Limited	अल्फा टेक प्राइवेट लिमिटेड	Latin	Devanagari
S1-779437910	S2-577543156	0	0	0	0	cross-script	Baba Sree Enterprises Private Limited	बाबा श्री एंटरप्राइजेज प्राइवेट लिमिटेड	Latin	Devanagari
S1-104839694	S2-311727766	0	0	0	0	abbreviation	Orthopedic Group	orthopedicgroup.com	Latin	Latin
S1-715226490	S3-332036072	0	0	0	0	severe noise / vocabulary shift	Nmt Polytechnic	Kelosolkelo	Latin	Latin
S1-392621059	S3-654851881	0	0	0	0	token variation	Dermatology Group	Synvantage F/K/A Dermatology Group	Latin	Latin
S1-689038019	S3-189126252	0	0	0	0	cross-script	Innovative Digital Foods Private Limited	ఇన్నోవేటివ్ డిజిటల్ ఫుడ్స్ ప్రైవేట్ లిమిటెడ్	Latin	Telugu
S1-824530419	S3-448731974	0	0	0	0	severe noise / vocabulary shift	Hari Tech Private Limited	Fluxveobrix	Latin	Latin
S1-168642902	S2-283102852	0	0	0	0	cross-script	Star Healthcare Pvt Ltd	स्टार हेल्थकेयर प्रा. लि.	Latin	Devanagari
S1-17762440	S3-818372307	0	0	0	0	abbreviation	Herron Supreme Molecular Inc	Onyxmira	Latin	Latin
S1-581830098	S3-796620703	0	0	0	0	cross-script	White Trading Limited	व्हाइट ट्रेडिंग लिमिटेड	Latin	Devanagari
S1-26151380	S3-781266421	0	0	0	0	cross-script	Star Developers Limited	स्टार डेवलपर्स लिमिटेड	Latin	Devanagari
S1-628224035	S2-686557209	0	0	0	0	cross-script	Balaji Agro Private Limited	बालाजी एग्रो प्राइवेट लिमिटेड	Latin	Devanagari
S1-898656588	S2-218225315	0	0	0	0	cross-script	Ss Foundation	एसएस फाउंडेशन	Latin	Devanagari
S1-226857526	S2-226405962	0	0	0	0	cross-script	Bangalore North Blues Private Limited	BANGALORE NORMHT BLÚES PRIVATE LIMITED	Latin	Kannada
S1-10590096	S3-70578906	0	0	0	0	cross-script	Jai Impex Private Limited	जय इम्पेक्स प्राइवेट लिमिटेड	Latin	Devanagari
S1-826957035	S3-505327825	0	0	0	0	typo / spelling variation	Big Hair Studio	Big Hair Stúdio	Latin	Latin
S1-718292299	S2-743085714	0	0	0	0	missing address	Clean Education	Clean Eductcion	Latin	Latin
S1-226002871	S2-308234738	0	0	0	0	cross-script	Sai Services	साई सर्विसेज	Latin	Devanagari
S1-943550972	S2-366666177	0	0	0	0	abbreviation	Solutions Rna Tours Private Limited	tsrna.com	Latin	Latin
S1-922377061	S3-652691265	0	0	0	0	cross-script	Big Consultants Private Limited	ಬಿಗ್ ಕನ್ಸಲ್ಟೆಂಟ್ಸ್ ಪ್ರೈವೇಟ್ ಲಿಮಿಟೆಡ್	Latin	Kannada
S1-548904087	S3-14382441	0	0	0	0	cross-script	Shree Dream Consultants Limited	శ్రీ డ్రీమ్ కన్సల్టెంట్స్ లిమిటెడ్	Latin	Telugu
S1-237649547	S2-995229917	0	0	0	0	cross-script	Arihant Infra Private Limited	অরিহন্ত ইনফ্রা প্রাইভেট লিমিটেড	Latin	Bengali
S1-243844419	S3-297975024	0	0	0	0	cross-script	Dynamic Producer Pvt Ltd	डायनामिक प्रोड्यूसर प्रा. लि.	Latin	Devanagari
S1-159025738	S3-919129076	0	0	0	0	cross-script	Blue Hospitality Private Limited	ब्लू हॉस्पिटैलिटी प्राइवेट लिमिटेड	Latin	Devanagari
S1-853117876	S2-839404042	0	0	0	0	cross-script	Best Healthcare Private Limited	बेस्ट हेल्थकेयर प्राइवेट लिमिटेड	Latin	Devanagari
S1-826209313	S3-414688759	0	0	0	0	abbreviation	Empire Holding Company LLC	empireholding.com	Latin	Latin
S1-953760777	S2-281254524	0	0	0	0	cross-script	Arihant Logistics Private Limited	অরিহন্ত লজিস্টিকস প্রাইভেট লিমিটেড	Latin	Bengali
S1-232927857	S3-58944365	0	0	0	0	cross-script	Jay Technology Limited	ജയ് ടെക്നോളജി ലിമിറ്റഡ്	Latin	Malayalam
S1-62833073	S3-835920501	0	0	0	0	abbreviation	Durga Solutions Ltd	Onyxevo	Latin	Latin
S1-908490306	S3-196454373	0	0	0	0	abbreviation	Tri-State Association	Tri-State Association - 9103004972	Latin	Latin
S1-112009210	S3-137108467	0	0	0	0	cross-script	Vision International Private Limited	विजन इंटरनेशनल प्राइवेट लिमिटेड	Latin	Devanagari
S1-308022018	S2-464667814	0	0	0	0	cross-script	International Agro Private Limited	इंटरनेशनल एग्रो प्राइवेट लिमिटेड	Latin	Devanagari
S1-512790448	S2-474492611	0	0	0	0	severe noise / vocabulary shift	Talia Redmond Law Group	Fluxect0	Latin	Latin
S1-363645442	S3-260945050	0	0	0	0	typo / spelling variation	Cardiology Center	Cardiology Cénter	Latin	Latin
S1-51991841	S2-187372620	0	0	0	0	cross-script	Prime International Pvt Ltd	பிரைம் இன்டர்நேஷனல் பிரைவேட் லிமிடெட்	Latin	Tamil
S1-943642298	S2-949454475	0	0	0	0	abbreviation	Jaquelin Gastelum Nexus LLC	Solyuma	Latin	Latin
S1-66179396	S2-816105204	0	0	0	0	abbreviation	Vaayuam India Private Limited	viprivate.com	Latin	Latin
S1-133394685	S2-988975060	0	0	0	0	abbreviation	Services Rs Bakery Private Limited	Mirabeloflux	Latin	Latin
S1-591968780	S3-670923743	0	0	0	0	severe noise / vocabulary shift	Essel Realty Private Limited	Calolumcira	Latin	Latin
S1-837265032	S2-227166747	0	0	0	0	cross-script	Coco & Co Ltd	Cbcco +  Co Ltd	Latin	Devanagari
S1-681503909	S2-271815250	0	0	0	0	cross-script	Baba Energy Private Limited	बाबा एनर्जी प्राइवेट लिमिटेड	Latin	Devanagari
S1-45257053	S2-117298532	0	0	0	0	severe noise / vocabulary shift	Moreno Massage LLC	6ildarc	Latin	Latin
S1-298025747	S3-563253289	0	0	0	0	short business name	Bharat Investments	BI	Latin	Latin
S1-824530419	S2-621515488	0	0	0	0	cross-script	Hari Tech Private Limited	ஹரி டெக் பிரைவேட் லிமிடெட்	Latin	Tamil
S1-687889469	S3-27516607	0	0	0	0	severe noise / vocabulary shift	Ace Properties	ଏସ୍ ପ୍ରୋପର୍ଟିଜ୍	Latin	Latin
S1-20679272	S3-367483998	0	0	0	0	token variation	Rocky Trust LLC	R0cky Trust	Latin	Latin
S1-549762349	S3-838364485	0	0	0	0	severe noise / vocabulary shift	Pioneer Consultancy Private Limited	Quozeta	Latin	Latin
S1-390480699	S3-619640071	0	0	0	0	abbreviation	Ear Nose & Throat Clinic Inc.	earnosethroat.com	Latin	Latin
S1-939026796	S2-259479350	0	0	0	0	cross-script	Tech Finance	टेक फाइनेंस	Latin	Devanagari
S1-639291627	S2-450954488	0	0	0	0	cross-script	Gujarat Hospitality Private Limited	गुजरात हॉस्पिटैलिटी प्राइवेट लिमिटेड	Latin	Devanagari
S1-232813973	S3-788434961	0	0	0	0	cross-script	WI Research Private Limited	Irizeph	Latin	Devanagari
S1-501471072	S3-647504763	0	0	0	0	cross-script	Perfect Builders Pvt Ltd	परफेक्ट बिल्डर्स प्रा. लि.	Latin	Devanagari
S1-266172216	S3-566168918	0	0	0	0	severe noise / vocabulary shift	BO Crane	BO (Cnce)	Latin	Latin
S1-401920011	S2-904045997	0	0	0	0	abbreviation	Innovative Builders Private Limited	Vionex	Latin	Latin
S1-94928920	S2-240316492	0	0	0	0	cross-script	Unique Impex Private Limited	ইউনিক ইম্পেক্স প্রাইভেট লিমিটেড	Latin	Bengali
S1-302565941	S2-494914286	0	0	0	0	abbreviation	Pkh Solutions Private Limited	psprivate.com	Latin	Latin
S1-725696322	S3-621230073	0	0	0	0	cross-script	Golden Developers Private Limited	கோல்டன் டெவலப்பர்ஸ் பிரைவேட் லிமிடெட்	Latin	Tamil
S1-260002490	S2-314048886	0	0	0	0	cross-script	Shakti Engineering Private Limited	ಶಕ್ತಿ ಇಂಜಿನಿಯರಿಂಗ್ ಪ್ರೈವೇಟ್ ಲಿಮಿಟೆಡ್	Latin	Kannada
S1-372042894	S3-147096895	0	0	0	0	cross-script	Baba Impex Private Limited	बाबा इम्पेक्स प्राइवेट लिमिटेड	Latin	Devanagari
S1-377250389	S3-35898697	0	0	0	0	abbreviation	Quality Agricultural Enterprises L.L.C.	Ectocalosyn	Latin	Latin
S1-381123787	S2-860205589	0	0	0	0	abbreviation	Creative Exports Private Limited	CPEXPORTS.COM	Latin	Latin
S1-615327859	S2-773493548	0	0	0	0	token variation	Ear Nose & Throat Health	EAR NOSE & THROAT	Latin	Latin
S1-578975776	S3-441246888	0	0	0	0	cross-script	City International Pvt Ltd	সিটি ইন্টারন্যাশনাল প্রাইভেট লিমিটেড	Latin	Bengali
S1-290166603	S2-927673473	0	0	0	0	cross-script	Blue Food Private Limited	ब्लू फूड प्राइवेट लिमिटेड	Latin	Devanagari
S1-673347091	S3-426832042	0	0	0	0	severe noise / vocabulary shift	Outsourcing Clinic	Korsyn	Latin	Latin
S1-491279975	S3-836969632	0	0	0	0	severe noise / vocabulary shift	Bright Products	Viokelomira	Latin	Latin
S1-524222976	S2-56845797	0	0	0	0	cross-script	Southern Producer Private Limited	सदर्न प्रोड्यूसर प्राइवेट लिमिटेड	Latin	Devanagari
S1-602705471	S2-560633421	0	0	0	0	cross-script	Gujarat Services Private Limited	ಗುಜರಾತ್ ಸರ್ವಿಸಸ್ ಪ್ರೈವೇಟ್ ಲಿಮಿಟೆಡ್	Latin	Kannada
S1-564451848	S2-349033603	0	0	0	0	typo / spelling variation	Dermatology Clinic Inc	Dermatology Ciic Inc	Latin	Latin
S1-44711103	S2-81814352	0	0	0	0	cross-script	Maa Innovative Infra Pvt Ltd	माँ इनोवेटिव Infra Pvt Ltd	Latin	Devanagari
S1-93187399	S2-419000875	0	0	0	0	cross-script	Unique Marketing Private Limited	यूनिक मार्केटिंग प्राइवेट लिमिटेड	Latin	Devanagari
S1-937869867	S3-418794672	0	0	0	0	abbreviation	Mumbai Solutions Private Limited	mumbaisolutions.com	Latin	Latin
S1-5285222	S3-739403001	0	0	0	0	cross-script	Star Food Pvt Ltd	स्टार फूड प्रा. लि.	Latin	Devanagari
S1-61734017	S2-632129190	0	0	0	0	cross-script	Bright International Private Limited	ब्राइट इंटरनेशनल प्राइवेट लिमिटेड	Latin	Devanagari
S1-756987791	S3-463983062	0	0	0	0	typo / spelling variation	Cure Hypnosis	Cure-Hhypnois	Latin	Latin
S1-594211942	S3-78808863	0	0	0	0	cross-script	Jay Technology	ಜೇ ಟೆಕ್ನಾಲಜಿ	Latin	Kannada
S1-875691488	S2-205464790	0	0	0	0	numeric mismatch	Real Agro Private Limited	REAL PRIVATE LIMITED SERVICES	Latin	Latin
S1-471051591	S2-494381906	0	0	0	0	severe noise / vocabulary shift	Guru Agro Pvt Ltd	Smt GURUAGRO.COM	Latin	Latin
S1-923525395	S3-240978761	0	0	0	0	cross-script	Indo Investments	lndo lndo Investments	Latin	Devanagari
S1-850830412	S2-659507781	0	0	0	0	token variation	Regional League	REGIONAL  SERVICE	Latin	Latin
S1-27978289	S2-162543381	0	0	0	0	abbreviation	National Center LLC	cnational.com	Latin	Latin
S1-970683660	S3-128647539	0	0	0	0	typo / spelling variation	Dental Specialists	Dental Spécialists	Latin	Latin
S1-503308315	S2-30112755	0	0	0	0	abbreviation	Bsr Finance Private Limited	bsrfinanceprivate.com	Latin	Latin
S1-519108091	S2-606612760	0	0	0	0	typo / spelling variation	Piedmont Resources, Inc	Piedmont Rtsoucregs, Inc	Latin	Latin
S1-382920467	S3-897179725	0	0	0	0	short business name	MU India Private Limited	India	Latin	Latin
S1-222672011	S3-792621333	0	0	0	0	severe noise / vocabulary shift	Mullins Arts Inc	Mu1lins Inc Services	Latin	Latin
S1-688445622	S2-770012393	0	0	0	0	abbreviation	Tennant, Rodney and Zarate Dividend Inc	Deltanyla	Latin	Latin
S1-615207587	S3-624464730	0	0	0	0	severe noise / vocabulary shift	Horizon Pennantpark	Horizon Sérvices	Latin	Latin
S1-462143293	S3-870033803	0	0	0	0	cross-script	Krishna Jain Investment Pvt Ltd	કૃષ્ણ જૈન ઇન્વેસ્ટમેન્ટ પ્રા. લિ.	Latin	Gujarati
S1-669325825	S3-893822757	0	0	0	0	cross-script	United It Limited	यूनाइटेड आईटी लिमिटेड	Latin	Devanagari
S1-289472075	S3-617487248	0	0	0	0	severe noise / vocabulary shift	Hb & Co	Lumzeph	Latin	Latin
S1-218350079	S3-550732582	0	0	0	0	short business name	Zia	Zía	Latin	Latin
S1-6392394	S2-949720275	0	0	0	0	cross-script	Lakshmi Media Pvt Ltd	लक्ष्मी मीडिया प्रा. लि.	Latin	Devanagari
S1-476192614	S3-251213251	0	0	0	0	cross-script	Tirupati Infrastructure	Nylapyra	Latin	Devanagari
S1-573348444	S2-416736594	0	0	0	0	token variation	Id Silverline Limited	Smt ID SALVENOINE LIMITED	Latin	Latin
S1-47616992	S3-279240793	0	0	0	0	cross-script	Future Infra LLP	ఫ్యూచర్ ఇన్‌ఫ్రా ఎల్‌ఎల్‌పీ	Latin	Telugu
S1-489224492	S2-203930126	0	0	0	0	abbreviation	WI Autowheels Private Limited	Synnexvantage	Latin	Latin
S1-59404458	S2-281122602	0	0	0	0	severe noise / vocabulary shift	Ahmedabad Design Limited	VERAARC	Latin	Latin
S1-609923362	S2-89092919	0	0	0	0	token reordering	Pediatric Dentistry Pioneer Center LLC	LLC Pediatric Dentistry Plrinr Center	Latin	Latin
S1-383361621	S2-14678916	0	0	0	0	cross-script	Alpha Business Private Limited	अल्फा बिजनेस प्राइवेट लिमिटेड	Latin	Devanagari
S1-807407408	S2-352803972	0	0	0	0	cross-script	Arihant It Private Limited	अरिहंत आईटी प्राइवेट लिमिटेड	Latin	Devanagari
S1-300901117	S2-415621480	0	0	0	0	cross-script	Lotus It Private Limited	Lotus It Prívate	Latin	Devanagari
S1-239303059	S2-9565007	0	0	0	0	token variation	Golden Seva Samiti	#goldenseva	Latin	Latin
S1-463566852	S3-417808179	0	0	0	0	severe noise / vocabulary shift	New Infrastructure Limited	Shri Quokoriri	Latin	Latin
S1-762300169	S2-247083557	0	0	0	0	numeric mismatch	Orthopedic Group	Orth0pedic  LLC	Latin	Latin
S1-42749076	S3-390105939	0	0	0	0	cross-script	Life Infrastructure Private Limited	लाइफ इंफ्रास्ट्रक्चर प्राइवेट लिमिटेड	Latin	Devanagari
S1-442882634	S2-155730589	0	0	0	0	cross-script	Hitech International Private Limited	ಹೈಟೆಕ್ International ಪ್ರೈವೇಟ್ ಲಿಮಿಟೆಡ್	Latin	Kannada
S1-155191994	S2-261958743	0	0	0	0	cross-script	City Consulting	सिटी कंसल्टिंग	Latin	Devanagari
S1-886317327	S3-622952533	0	0	0	0	cross-script	Indo Investments Private Limited	Indo इन्वेस्टमेंट्स Private Limited	Latin	Devanagari
S1-224894361	S3-249813403	0	0	0	0	typo / spelling variation	Sports Polymers Limited	Smt Sp0rts Po1ymers Limited	Latin	Latin
S1-311995373	S2-885815803	0	0	0	0	cross-script	Life Hospitality	லைஃப் ஹாஸ்பிடாலிட்டி	Latin	Tamil
S1-353993857	S2-971470484	0	0	0	0	cross-script	Best Constructions Private Limited	बेस्ट कंस्ट्रक्शंस प्राइवेट लिमिटेड	Latin	Devanagari
S1-452195318	S2-969528637	0	0	0	0	cross-script	Future Power Private Limited	ఫ్యూచర్ పవర్ ప్రైవేట్ లిమిటెడ్	Latin	Telugu
S1-323462256	S3-928705036	0	0	0	0	cross-script	Balaji Media Private Limited	बालाजी Media प्राइवेट लिमिटेड	Latin	Devanagari
S1-919757277	S3-975059300	0	0	0	0	cross-script	Alpha Tech Private Limited	अल्फा टेक प्राइवेट लिमिटेड	Latin	Devanagari
S1-123777043	S3-98999864	0	0	0	0	cross-script	Supreme Products Private Limited	ಸುಪ್ರೀಮ್ ಪ್ರೊಡಕ್ಟ್ಸ್ ಪ್ರೈವೇಟ್ ಲಿಮಿಟೆಡ್	Latin	Kannada
S1-92162108	S3-741646823	0	0	0	0	cross-script	Apex Exports Private Limited	एपेक्स एक्सपोर्ट्स प्राइवेट लिमिटेड	Latin	Devanagari
S1-610399139	S2-920771832	0	0	0	0	cross-script	Super Construction Private Limited	सुपर कंस्ट्रक्शन प्राइवेट लिमिटेड	Latin	Devanagari
S1-109928369	S2-735093901	0	0	0	0	cross-script	International Investments LLP	ইন্টারন্যাশনাল ইনভেস্টমেন্টস এলএলপি	Latin	Bengali
S1-944981209	S3-531922320	0	0	0	0	cross-script	United Enterprises Limited	यूनाइटेड एंटरप्राइजेज लिमिटेड	Latin	Devanagari
S1-11384020	S3-213038894	0	0	0	0	missing address	X 7 N Biracilik LLC	X 7 N	Latin	Latin
S1-165347081	S2-683690896	0	0	0	0	cross-script	Raj Logistics Private Limited	राज लॉजिस्टिक्स प्राइवेट लिमिटेड	Latin	Devanagari
S1-393651088	S2-174546803	0	0	0	0	token variation	Creative Media Private Limited	Sri Creative Media Prdahe [Limited]	Latin	Latin
S1-531778940	S3-292077157	0	0	0	0	cross-script	Lotus Global Private Limited	Lotus ग्लोबल प्राइवेट लिमिटेड	Latin	Devanagari
S1-152329164	S3-711465589	0	0	0	0	severe noise / vocabulary shift	Coastal Charities P.C.	Services Coastal P.C.	Latin	Latin
S1-393651088	S3-108220329	0	0	0	0	typo / spelling variation	Creative Media Private Limited	Creative Media Prsvocte Limited	Latin	Latin
S1-968491426	S2-367797935	0	0	0	0	typo / spelling variation	Primary Care Specialists LLC	Primary Care Spécialists LLC	Latin	Latin
S1-246095708	S3-746625623	0	0	0	0	severe noise / vocabulary shift	Universal Global Pvt Ltd	ୟୁନିଭର୍ସାଲ୍ ଗ୍ଲୋବାଲ୍ ପ୍ରାଇଭେଟ୍ ଲିମିଟେଡ୍	Latin	Latin
S1-249415155	S3-971199037	0	0	0	0	severe noise / vocabulary shift	Tri-State League, Inc	Inc Tri-State Lgacfee,	Latin	Latin
S1-715921577	S3-537790232	0	0	0	0	severe noise / vocabulary shift	Prairie Melar Ltd	Halofaye	Latin	Latin
S1-203849896	S3-214854104	0	0	0	0	severe noise / vocabulary shift	Hevea Aero Pvt. Ltd.	Soltavo	Latin	Latin
S1-733560059	S2-491644280	0	0	0	0	cross-script	Hotel Super Logistics Private Limited	ಹೋಟೆಲ್ ಸೂಪರ್ ಲಾಜಿಸ್ಟಿಕ್ಸ್ ಪ್ರೈವೇಟ್ ಲಿಮಿಟೆಡ್	Latin	Kannada
S1-752987018	S2-418713658	0	0	0	0	cross-script	Surya Technology Private Limited	सूर्य टेक्नोलॉजी प्राइवेट लिमिटेड	Latin	Devanagari
S1-669238131	S2-537443074	0	0	0	0	severe noise / vocabulary shift	Mcguire Smith	Lumkor	Latin	Latin
S1-915565447	S3-768835085	0	0	0	0	abbreviation	Heartland Endocrinology Co	Novisol	Latin	Latin
S1-22325622	S3-806866661	0	0	0	0	cross-script	City Infrastructure Pvt Ltd	सिटी इंफ्रास्ट्रक्चर प्रा. लि.	Latin	Devanagari
S1-111634068	S2-218953892	0	0	0	0	cross-script	First Systems Private Limited	फर्स्ट सिस्टम्स प्राइवेट लिमिटेड	Latin	Devanagari
S1-342426926	S2-39024271	0	0	0	0	cross-script	Sai Bharat Tech LLP	साईं भारत टेक एलएलपी	Latin	Devanagari
S1-512596117	S3-205153977	0	0	0	0	abbreviation	Ear Nose & Throat Partners LLC	Earnosethroat.Com	Latin	Latin
S1-898904188	S2-915104072	0	0	0	0	cross-script	Green Producer Private Limited	ग्रीन प्रोड्यूसर प्राइवेट लिमिटेड	Latin	Devanagari
S1-870810760	S3-121506039	0	0	0	0	cross-script	Perfect Products	परफेक्ट प्रोडक्ट्स	Latin	Devanagari
S1-311890962	S2-988881053	0	0	0	0	cross-script	Southern Consulting Pvt Ltd	সাউদার্ন কনসাল্টিং প্রাইভেট লিমিটেড	Latin	Bengali
S1-289513516	S3-302588457	0	0	0	0	typo / spelling variation	Pediatric Partners Inc	pediatricpartners.com	Latin	Latin
S1-109894170	S2-585793965	0	0	0	0	cross-script	United It Pvt Ltd	ಯುನೈಟೆಡ್ ಐಟಿ ಪ್ರೈವೇಟ್ ಲಿಮಿಟೆಡ್	Latin	Kannada
S1-970972190	S2-954915378	0	0	0	0	typo / spelling variation	Horizon, LLC	HORAZION, LLC	Latin	Latin
S1-188401577	S2-776032847	0	0	0	0	cross-script	Shree Systems Pvt Ltd	श्री सिस्टम्स प्रा. लि.	Latin	Devanagari
S1-167385937	S3-83614288	0	0	0	0	typo / spelling variation	Supreme Cohen	Supreme Cehalen	Latin	Latin
S1-723647324	S2-917278993	0	0	0	0	cross-script	Universal Software Pvt Ltd	ইউনিভার্সাল সফটওয়্যার প্রাইভেট লিমিটেড	Latin	Bengali
S1-14823286	S2-382522526	0	0	0	0	cross-script	Green Bharat Constructions Private Limited	ग्रीन भारत कंस्ट्रक्शंस प्राइवेट लिमिटेड	Latin	Devanagari
S1-355746180	S3-39012136	0	0	0	0	typo / spelling variation	Analytics Institute of Technology	Ana1ytics Institute of (Technofogy)	Latin	Latin
S1-915820077	S2-469012947	0	0	0	0	cross-script	Big Infotech	बिग इंफोटेक	Latin	Devanagari
S1-683271240	S3-812169644	0	0	0	0	abbreviation	Womens Health Physicians LLC	Womens-Health	Latin	Latin
S1-230958647	S2-715112952	0	0	0	0	severe noise / vocabulary shift	EL Banking LLC	EL LLC Services	Latin	Latin
S1-332064699	S2-948740378	0	0	0	0	cross-script	Perfect Engineering Private Limited	परफेक्ट इंजीनियरिंग प्राइवेट लिमिटेड	Latin	Devanagari
S1-209778043	S3-496638674	0	0	0	0	abbreviation	Globex Traders Pvt. Ltd.	Drexcalozeph	Latin	Latin
S1-664844877	S3-408479413	0	0	0	0	numeric mismatch	Al Healthcare Private Limited	Smt Al Al Healthcare Pretiae Limited	Latin	Latin
S1-219692570	S2-510958032	0	0	0	0	missing address	Pediatric Interstate Care Associates	Pediatric Intestte Care Associates	Latin	Latin
S1-955548218	S3-958778823	0	0	0	0	cross-script	Hitech Marketing Pvt Ltd	हाईटेक मार्केटिंग प्रा. लि.	Latin	Devanagari
S1-617542443	S2-81769092	0	0	0	0	cross-script	Super Developers Private Limited	सुपर डेवलपर्स प्राइवेट लिमिटेड	Latin	Devanagari
S1-752750215	S2-354470033	0	0	0	0	severe noise / vocabulary shift	Panama Services Private Limited	JAXBELO	Latin	Latin
S1-134302582	S2-565605302	0	0	0	0	cross-script	United Ventures Private Limited	யுனைடெட் வென்ச்சர்ஸ் பிரைவேட் லிமிடெட்	Latin	Tamil
S1-886700404	S3-53553021	0	0	0	0	severe noise / vocabulary shift	Summit League Inc	Summit Inc Sérvice	Latin	Latin
S1-537137829	S3-82833051	0	0	0	0	severe noise / vocabulary shift	Super Dream Healthcare LLP	Kormirakelo	Latin	Latin
S1-281596827	S3-760011400	0	0	0	0	cross-script	Suryaora North Private Limited	Verakoryuma	Latin	Devanagari
S1-749429877	S2-816258812	0	0	0	0	cross-script	Alpha Ventures Private Limited	अल्फा वेंचर्स प्राइवेट लिमिटेड	Latin	Devanagari
S1-696867509	S3-839579206	0	0	0	0	cross-script	Shiva Balaji Foods Private Limited	शिवा बालाजी फूड्स प्राइवेट लिमिटेड	Latin	Devanagari
S1-622487631	S3-620893187	0	0	0	0	cross-script	Shiva Trading Private Limited	Dr Shiva Trading Préinvate Limited	Latin	Devanagari
S1-440230922	S3-197353632	0	0	0	0	short business name	Sanjay (India) Enterprises Private Limited	SE	Latin	Latin
S1-567465426	S3-177957334	0	0	0	0	token variation	Cardinal Inc	Cnraieanl Inc	Latin	Latin
S1-232927857	S3-868857575	0	0	0	0	token variation	Jay Technology Limited	Jay Téchnology	Latin	Latin
S1-10468395	S3-36431535	0	0	0	0	severe noise / vocabulary shift	Best Foundation Private Limited	Smt Bestfoundation.Com	Latin	Latin
S1-535372299	S2-272787689	0	0	0	0	missing address	Sky Infrastructure Private Limited	Sky Private Limited Partners Enterprises	Latin	Latin
S1-238183898	S2-105185311	0	0	0	0	severe noise / vocabulary shift	Anchor LLC	LLC Achrr	Latin	Latin
S1-1371264	S3-310650352	0	0	0	0	severe noise / vocabulary shift	Nik (India) Natural Private Limited	Jaxsynio	Latin	Latin
S1-57478498	S2-777480966	0	0	0	0	cross-script	Sun Consultancy Private Limited	Sun Consultancy Privadne Limited	Latin	Kannada
S1-694073041	S3-930371184	0	0	0	0	abbreviation	Vanguard	Vgnúhard	Latin	Latin
S1-964397779	S2-830386366	0	0	0	0	severe noise / vocabulary shift	Rourkela Tours Group	Fluxwex	Latin	Latin
S1-561634291	S2-701283097	0	0	0	0	cross-script	Sunrise Enterprises Limited	सनराइज एंटरप्राइजेज लिमिटेड	Latin	Devanagari
S1-842611578	S3-449825998	0	0	0	0	severe noise / vocabulary shift	Main Street Massage PC	#mainstreet	Latin	Latin
S1-190247294	S2-679723490	0	0	0	0	typo / spelling variation	Krishna Products Private Limited	Krishna Prdudts Private Limited	Latin	Latin
S1-790007399	S2-539362257	0	0	0	0	typo / spelling variation	Northern Pediatrics	NORTHERN PDIALRIBCS	Latin	Latin
S1-907002739	S2-381816526	0	0	0	0	cross-script	Digital Services Private Limited	డిజిటల్ సర్వీసెస్ ప్రైవేట్ లిమిటెడ్	Latin	Telugu
S1-422823406	S2-204847705	0	0	0	0	cross-script	Swastik Investments Pvt Ltd	स्वस्तिक इन्वेस्टमेंट्स प्रा. लि.	Latin	Devanagari
S1-298907561	S3-998765611	0	0	0	0	cross-script	Sky International Private Limited	સ્કાય ઇન્ટરનેશનલ પ્રાઇવેટ લિમિટેડ	Latin	Gujarati
S1-100166899	S2-375611616	0	0	0	0	cross-script	Green Services Limited	ग्रीन सर्विसेज लिमिटेड	Latin	Devanagari
S1-516867833	S2-672725951	0	0	0	0	token variation	Red Impex	Red Center	Latin	Latin
S1-986020997	S3-999374978	0	0	0	0	abbreviation	9-Star	Mirahalo formerly known as 9-Star	Latin	Latin
S1-685598087	S3-879041399	0	0	0	0	cross-script	Star Properties Private Limited	स्टार प्रॉपर्टीज प्राइवेट लिमिटेड	Latin	Devanagari
S1-530488596	S2-477638735	0	0	0	0	cross-script	Star Logistics Private Limited	स्टार लॉजिस्टिक्स प्राइवेट लिमिटेड	Latin	Devanagari
S1-221773276	S3-468052284	0	0	0	0	abbreviation	Sai (India) Projects Ltd	Pyraevoumbra	Latin	Latin
S1-824560680	S2-146476998	0	0	0	0	cross-script	Swastik Industries Private Limited	स्वस्तिक इंडस्ट्रीज प्राइवेट लिमिटेड	Latin	Devanagari
S1-403603825	S2-378790818	0	0	0	0	cross-script	Road Estates Private Limited	@ROADESTATES	Latin	Gujarati
S1-39329081	S2-974016102	0	0	0	0	typo / spelling variation	Pediatric Dentistry Specialists LLC	Pediatric Dentistry Specia1ists	Latin	Latin
S1-648184437	S2-505727183	0	0	0	0	typo / spelling variation	Lucknow Up Private Limited	Luckn0w Up Prviahe Limited	Latin	Latin
S1-611323462	S3-158568724	0	0	0	0	severe noise / vocabulary shift	LL India Mumbai	@llindia	Latin	Latin
S1-393099236	S3-107695540	0	0	0	0	typo / spelling variation	Southern Carolina	Southern-Catolnia	Latin	Latin
S1-188401577	S2-923325624	0	0	0	0	cross-script	Shree Systems Pvt Ltd	श्री सिस्टम्स प्रा. लि.	Latin	Devanagari
S1-283689590	S3-770631025	0	0	0	0	cross-script	Leading Memorial Trust	léadingmemorialtrust.com	Latin	Devanagari
S1-928513331	S2-634605588	0	0	0	0	numeric mismatch	Miles Enterprises Inc	Miles Enterpirss [Inc] (ID: 38053)	Latin	Latin
S1-115531066	S2-524519954	0	0	0	0	abbreviation	Sree Foundation Private Limited	sreefoundation.com	Latin	Latin
S1-793096007	S2-929673323	0	0	0	0	cross-script	Future Prime Solutions Private Limited	ஃபியூச்சர் பிரைம் சொல்யூஷன்ஸ் பிரைவேட் லிமிடெட்	Latin	Tamil
S1-653397192	S3-844947811	0	0	0	0	cross-script	Shivam In Private Limited	#shivamin	Latin	Devanagari
S1-640536617	S3-20139194	0	0	0	0	token variation	Blue Om Solutions Private Limited	Pyraonyxio doing business as Blue Om Solutions Private Limited	Latin	Latin
S1-714211201	S2-930556345	0	0	0	0	token variation	Apex Health Alliance	Apex Héalth	Latin	Latin
S1-27978289	S2-231103330	0	0	0	0	typo / spelling variation	National Center LLC	National Ctnr  LLC	Latin	Latin
S1-707900152	S2-675444114	0	0	0	0	token variation	United Council, Inc	UNITED CCONL,  INC	Latin	Latin
S1-180931199	S2-536955882	0	0	0	0	severe noise / vocabulary shift	Anderson's Hypnosis Inc.	... Anderson's Inc. Services	Latin	Latin
S1-42749076	S3-387240522	0	0	0	0	cross-script	Life Infrastructure Private Limited	लाइफ इंफ्रास्ट्रक्चर प्राइवेट लिमिटेड	Latin	Devanagari
S1-346918428	S3-230931958	0	0	0	0	severe noise / vocabulary shift	Cea Inc.	Lyradovadelta	Latin	Latin
S1-777528513	S2-200905281	0	0	0	0	cross-script	Gold Food Private Limited	गोल्ड फूड प्राइवेट लिमिटेड	Latin	Devanagari
S1-361434682	S2-863111092	0	0	0	0	cross-script	High Infotech Private Limited	હાઇ ઇન્ફોટેક પ્રાઇવેટ લિમિટેડ	Latin	Gujarati
S1-684789590	S2-629637154	0	0	0	0	cross-script	Gujarat Business	குஜராத் பிசினஸ்	Latin	Tamil
S1-540018182	S2-186947177	0	0	0	0	abbreviation	Systems East International Limited	SYSTEMSEAST.COM	Latin	Latin
S1-776911244	S3-117183833	0	0	0	0	cross-script	Raj Energy LLP	राज एनर्जी एलएलपी	Latin	Devanagari
S1-104395911	S3-509744904	0	0	0	0	cross-script	Great Foundation	ग्रेट फाउंडेशन	Latin	Devanagari
S1-21717429	S3-721750084	0	0	0	0	token variation	Economic Development Federation	Gildorbimira+ née Economic Development Federation	Latin	Latin
S1-968491426	S3-184755723	0	0	0	0	abbreviation	Primary Care Specialists LLC	Primary-Care	Latin	Latin
S1-348984051	S3-435128645	0	0	0	0	severe noise / vocabulary shift	New Delhi Studio Private Limited	#Newdelhi	Latin	Latin
S1-220429959	S3-364262819	0	0	0	0	abbreviation	Des Moines Entertainment	Ectosyn	Latin	Latin
S1-682065234	S3-511526847	0	0	0	0	cross-script	Shyam Healthcare Private Limited	Shyam हेल्थकेयर Private Limited	Latin	Devanagari
S1-14199955	S2-848428698	0	0	0	0	abbreviation	Frontier Initiative of Town Of Oma	fitown.com	Latin	Latin
S1-883676510	S2-337872754	0	0	0	0	cross-script	Sun Alpha Energy Private Limited	సన్ ఆల్ఫా ఎనర్జీ ప్రైవేట్ లిమిటెడ్	Latin	Telugu
S1-524222976	S3-636419901	0	0	0	0	typo / spelling variation	Southern Producer Private Limited	Southern Porudecr Private Límited	Latin	Latin
S1-46626801	S3-794888753	0	0	0	0	missing address	Star Developers Private Limited	Star Deilpeis Private Límited	Latin	Latin
S1-393377221	S3-194321483	0	0	0	0	short business name	Sims Secure Home Care LLC	SSHC	Latin	Latin
S1-42083173	S3-571574433	0	0	0	0	cross-script	Seven Systems Private Limited	ಸೆವೆನ್ ಸಿಸ್ಟಮ್ಸ್ ಪ್ರೈವೇಟ್ ಲಿಮಿಟೆಡ್	Latin	Kannada
S1-144276757	S3-417443964	0	0	0	0	cross-script	East Consultancy Private Limited	ईस्ट कंसल्टेंसी प्राइवेट लिमिटेड	Latin	Devanagari
S1-883657650	S2-342447745	0	0	0	0	cross-script	East Shree Services Private Limited	ഈസ്റ്റ് ശ്രീ സർവീസസ് പ്രൈവറ്റ് ലിമിറ്റഡ്	Latin	Malayalam
S1-503308315	S3-231204043	0	0	0	0	severe noise / vocabulary shift	Bsr Finance Private Limited	Korjax	Latin	Latin
S1-114859620	S3-130114750	0	0	0	0	cross-script	Sky Infra Private Limited	स्काई इंफ्रा प्राइवेट लिमिटेड	Latin	Devanagari
S1-83657750	S2-329832310	0	0	0	0	typo / spelling variation	Beacon Associates	Beacon Asgsciats	Latin	Latin
S1-44814733	S2-678581333	0	0	0	0	abbreviation	Peak Cloud Digital, Inc	PEAKCL0UDDIGITAL.COM	Latin	Latin
S1-974071929	S3-131354345	0	0	0	0	cross-script	Ram Infra	ராம் இன்ஃப்ரா	Latin	Tamil
S1-908490306	S3-671547067	0	0	0	0	abbreviation	Tri-State Association	Tri-State Association - (6655977152)	Latin	Latin
S1-7260384	S3-803910668	0	0	0	0	severe noise / vocabulary shift	Shree Foundation	Shree Services	Latin	Latin
S1-693624177	S3-586709548	0	0	0	0	severe noise / vocabulary shift	Vision Power Limited	ଭିଜନ୍ ପାୱାର୍ ଲିମିଟେଡ୍	Latin	Latin
S1-687889469	S2-129211247	0	0	0	0	severe noise / vocabulary shift	Ace Properties	ଏସ୍ ପ୍ରୋପର୍ଟିଜ୍	Latin	Latin
S1-133394685	S3-15407201	0	0	0	0	abbreviation	Services Rs Bakery Private Limited	Brservices.Com	Latin	Latin
S1-440015969	S3-506769574	0	0	0	0	cross-script	Surya Sun Management LLP	सूर्य सन मैनेजमेंट एलएलपी	Latin	Devanagari
S1-217806283	S2-66509899	0	0	0	0	typo / spelling variation	Animal Welfare Association	Animal Wmrdfate Association	Latin	Latin
S1-111483992	S3-339053729	0	0	0	0	cross-script	Al Food Private Limited	અલ ફૂડ પ્રાઇવેટ લિમિટેડ	Latin	Gujarati
S1-165143130	S2-244140397	0	0	0	0	typo / spelling variation	Empire Motor LLC	Empire Mnolr LLC	Latin	Latin
S1-641634338	S2-98626220	0	0	0	0	typo / spelling variation	Valley Resources Inc	Valley Reoftrgices Inc	Latin	Latin
S1-302565941	S2-441964907	0	0	0	0	abbreviation	Pkh Solutions Private Limited	Synumbra	Latin	Latin
S1-518752609	S2-543057108	0	0	0	0	severe noise / vocabulary shift	Gujarat Food Private Limited	ଗୁଜରାଟ ଫୁଡ୍ ପ୍ରାଇଭେଟ୍ ଲିମିଟେଡ୍	Latin	Latin
S1-579963551	S2-796395785	0	0	0	0	typo / spelling variation	Behavioral Health All Associates LLC	llc behavi0ral health all associates	Latin	Latin
S1-255247126	S2-498122953	0	0	0	0	abbreviation	A Keystone Tbk	Evorizawex	Latin	Latin
S1-936847208	S3-445256703	0	0	0	0	token variation	Onyx Vincom Private Limited	Mr 0nyx Vlecncm Private Limited	Latin	Latin
S1-115531066	S3-943377477	0	0	0	0	cross-script	Sree Foundation Private Limited	श्री फाउंडेशन प्राइवेट लिमिटेड	Latin	Devanagari
S1-891217005	S2-132391753	0	0	0	0	cross-script	White Impex Pvt Ltd	হোয়াইট ইম্পেক্স প্রাইভেট লিমিটেড	Latin	Bengali
S1-474533413	S2-556977271	0	0	0	0	cross-script	Bharat Power Private Limited	भारत पावर प्राइवेट लिमिटेड	Latin	Devanagari
S1-964943832	S2-126903378	0	0	0	0	cross-script	Hari Logistics Private Limited	हरि लॉजिस्टिक्स प्राइवेट लिमिटेड	Latin	Devanagari
S1-364860667	S2-531642585	0	0	0	0	cross-script	Om Logistics Limited	ಓಂ ಲಾಜಿಸ್ಟಿಕ್ಸ್ ಲಿಮಿಟೆಡ್	Latin	Kannada
S1-253467403	S2-690365588	0	0	0	0	typo / spelling variation	Global Center	Global Cénter	Latin	Latin
S1-475402945	S2-133484032	0	0	0	0	cross-script	Om Royal Energy Limited	ओम रॉयल एनर्जी लिमिटेड	Latin	Devanagari
S1-842458982	S2-961834407	0	0	0	0	cross-script	Indian Global Pvt Ltd	ಇಂಡಿಯನ್ ಗ್ಲೋಬಲ್ ಪ್ರೈವೇಟ್ ಲಿಮಿಟೆಡ್	Latin	Kannada
S1-957591047	S3-357776948	0	0	0	0	token reordering	Fresh Hypnosis Inc.	Inc. Fresh Hypnósis	Latin	Latin
S1-863398350	S3-928805830	0	0	0	0	cross-script	Global Technology Private Limited	ग्लोबल टेक्नोलॉजी प्राइवेट लिमिटेड	Latin	Devanagari
S1-579963551	S2-167756727	0	0	0	0	token variation	Behavioral Health All Associates LLC	Behavioral Health All LLC Service	Latin	Latin
S1-571952945	S3-672585539	0	0	0	0	cross-script	Best Trading Private Limited	बेस्ट ट्रेडिंग प्राइवेट लिमिटेड	Latin	Devanagari
S1-470443642	S3-134209720	0	0	0	0	token variation	Orthopedic Health P.C.	@orthopedichealth	Latin	Latin
S1-140168213	S2-428895646	0	0	0	0	cross-script	Creative Projects Private Limited	क्रिएटिव प्रोजेक्ट्स प्राइवेट लिमिटेड	Latin	Devanagari
S1-699532231	S2-791981860	0	0	0	0	token variation	Oncology Partners	ONCOLOGY CÉNTER	Latin	Latin
S1-182911582	S3-900006337	0	0	0	0	abbreviation	Temple Lutheran Church	Mirariza	Latin	Latin
S1-925514981	S3-770908372	0	0	0	0	cross-script	Pioneer Media	पायोनियर मीडिया	Latin	Devanagari
S1-721435930	S3-490187396	0	0	0	0	cross-script	Jai Foods Private Limited	ஜெய் ஃபுட்ஸ் பிரைவேட் லிமிடெட்	Latin	Tamil
S1-239509984	S2-551531589	0	0	0	0	typo / spelling variation	Metro Ministries	Metro Miinssftres	Latin	Latin
S1-468897749	S3-911128767	0	0	0	0	cross-script	Hari Software Limited	हरि सॉफ्टवेयर लिमिटेड	Latin	Devanagari
S1-705075324	S3-270819286	0	0	0	0	abbreviation	Tapia and Jones	tjones.com	Latin	Latin
S1-768191854	S2-340807163	0	0	0	0	cross-script	Tech Business Private Limited	টেক বিজনেস প্রাইভেট লিমিটেড	Latin	Bengali
S1-922377061	S2-503540657	0	0	0	0	cross-script	Big Consultants Private Limited	ಬಿಗ್ ಕನ್ಸಲ್ಟೆಂಟ್ಸ್ ಪ್ರೈವೇಟ್ ಲಿಮಿಟೆಡ್	Latin	Kannada
S1-303388340	S3-250791773	0	0	0	0	typo / spelling variation	E+ Market LLC	E+ Makat LLC	Latin	Latin
S1-18641189	S3-710931504	0	0	0	0	typo / spelling variation	Dermatology Group	dermatologygroup.com	Latin	Latin
S1-506166707	S3-176709377	0	0	0	0	typo / spelling variation	Cardiology Associates Inc	cardiologyassociates.com	Latin	Latin
S1-341673595	S3-64189766	0	0	0	0	cross-script	Lotus Hospitality Private Limited	లోటస్ హాస్పిటాలిటీ ప్రైవేట్ లిమిటెడ్	Latin	Telugu
S1-684789590	S3-358512842	0	0	0	0	typo / spelling variation	Gujarat Business	Gujarat Bsuoinses	Latin	Latin
S1-914843667	S2-355919815	0	0	0	0	cross-script	Aditya Exports Private Limited	आदित्य एक्सपोर्ट्स प्राइवेट लिमिटेड	Latin	Devanagari
S1-839084059	S3-163761172	0	0	0	0	severe noise / vocabulary shift	Pediatric Dentistry Prime Care, LLC	Pediatric Prime Care, LLC Services	Latin	Latin
S1-406104083	S2-535439243	0	0	0	0	typo / spelling variation	Green Publishing	GREEN PUBLEHNNG	Latin	Latin
S1-114527458	S3-404497939	0	0	0	0	token variation	Urgent Care Interstate Partners	Ariajaxbrix formerly: Urgent Care Interstate Partners	Latin	Latin
S1-680518272	S3-931200567	0	0	0	0	cross-script	First Technology Private Limited	ஃபர்ஸ்ட் டெக்னாலஜி பிரைவேட் லிமிடெட்	Latin	Tamil
S1-932263247	S3-496501918	0	0	0	0	cross-script	South Jain Consulting	साउथ जैन कंसल्टिंग	Latin	Devanagari
S1-651611796	S2-602378081	0	0	0	0	cross-script	Southern Care Private Limited	सदर्न केयर प्राइवेट लिमिटेड	Latin	Devanagari
S1-590391041	S3-428019629	0	0	0	0	severe noise / vocabulary shift	Hansen Veterinary Clinic	Orbiectomira	Latin	Latin
S1-491279975	S2-437712436	0	0	0	0	cross-script	Bright Products	பிரைட் புராடக்ட்ஸ்	Latin	Tamil
S1-605716148	S3-831285353	0	0	0	0	severe noise / vocabulary shift	Future Agro Private Limited	ଫ୍ୟୁଚର୍ ଆଗ୍ରୋ ପ୍ରାଇଭେଟ୍ ଲିମିଟେଡ୍	Latin	Latin
S1-804030228	S3-790325826	0	0	0	0	severe noise / vocabulary shift	Olanex Entergy	Ciraumbrafaye	Latin	Latin
S1-846415290	S3-752261528	0	0	0	0	token variation	Rainbow Projects Limited	Shri Rainb0w Projccsh Limited	Latin	Latin
S1-967163852	S2-385767310	0	0	0	0	typo / spelling variation	UN Aurora Co	UN Aurarra Co	Latin	Latin
S1-943506925	S3-498660326	0	0	0	0	cross-script	Sai Solutions Private Limited	साईं सॉल्यूशंस प्राइवेट लिमिटेड	Latin	Devanagari
S1-747769786	S3-28496478	0	0	0	0	cross-script	Eastern Business Private Limited	ईस्टर्न बिजनेस प्राइवेट लिमिटेड	Latin	Devanagari
S1-607311453	S3-980334083	0	0	0	0	severe noise / vocabulary shift	Family Horizon Associates LLC	Brixnovi	Latin	Latin
S1-5285222	S2-573358070	0	0	0	0	cross-script	Star Food Pvt Ltd	स्टार फूड प्रा. लि.	Latin	Devanagari
S1-674142341	S2-463292494	0	0	0	0	cross-script	Pioneer Developers Private Limited	પાયોનિયર ડેવલપર્સ પ્રાઇવેટ લિમિટેડ	Latin	Gujarati
S1-382781081	S2-42966961	0	0	0	0	cross-script	Big Solutions Pvt Ltd	ಬಿಗ್ ಸೊಲ್ಯೂಷನ್ಸ್ ಪ್ರೈವೇಟ್ ಲಿಮಿಟೆಡ್	Latin	Kannada
S1-317142921	S3-651073416	0	0	0	0	typo / spelling variation	Hyderabad Developers LLP	Hyderabad De1eoes LLP	Latin	Latin
S1-246767534	S3-962284838	0	0	0	0	cross-script	Maa Media Private Limited	माँ मीडिया प्राइवेट लिमिटेड	Latin	Devanagari
S1-775253680	S3-327060377	0	0	0	0	cross-script	Universal Tech Limited	यूनिवर्सल टेक लिमिटेड	Latin	Devanagari
S1-200204402	S2-244591420	0	0	0	0	cross-script	Supreme Technologies Private Limited	सुप्रीम टेक्नोलॉजीज प्राइवेट लिमिटेड	Latin	Devanagari
S1-202535110	S2-989887426	0	0	0	0	severe noise / vocabulary shift	Raj Food Limited	Raj Food Ltd - 3684774734	Latin	Latin
S1-668973636	S3-908845414	0	0	0	0	abbreviation	Secure Electronics Associates LLC	Nexquo	Latin	Latin
S1-200204402	S3-724251243	0	0	0	0	cross-script	Supreme Technologies Private Limited	सुप्रीम टेक्नोलॉजीज प्राइवेट लिमिटेड	Latin	Devanagari
S1-246802724	S3-812022947	0	0	0	0	cross-script	Jay Ventures Private Limited	जय वेंचर्स प्राइवेट लिमिटेड	Latin	Devanagari
S1-531403320	S2-638357892	0	0	0	0	cross-script	Dynamic Products Private Limited	ಡೈನಾಮಿಕ್ ಪ್ರೊಡಕ್ಟ್ಸ್ ಪ್ರೈವೇಟ್ ಲಿಮಿಟೆಡ್	Latin	Kannada
S1-582002415	S3-816189290	0	0	0	0	cross-script	United Dynamic Business Private Limited	யுனைடெட் டைனமிக் பிசினஸ் பிரைவேட் லிமிடெட்	Latin	Tamil
S1-518601268	S2-374619016	0	0	0	0	cross-script	Lakshmi Trading Limited	लक्ष्मी ट्रेडिंग लिमिटेड	Latin	Devanagari
S1-431732908	S3-984383920	0	0	0	0	severe noise / vocabulary shift	United Brothers Pvt. Ltd.	United Pvt. Ltd. Center	Latin	Latin
S1-172673394	S3-597481815	0	0	0	0	cross-script	Balaji International Tech Private Limited	பாலாஜி இன்டர்நேஷனல் டெக் பிரைவேட் லிமிடெட்	Latin	Tamil
S1-349171233	S3-726026648	0	0	0	0	abbreviation	Dynamic Projects Private Limited	Dynamicprojectscom	Latin	Latin
S1-117673932	S3-234159154	0	0	0	0	abbreviation	Sweet Cleaning Service LLC	cleaningservice.com	Latin	Latin
S1-342230507	S2-284730595	0	0	0	0	cross-script	White Consultants Private Limited	வொயிட் கன்சல்டன்ட்ஸ் பிரைவேட் லிமிடெட்	Latin	Tamil
S1-611893860	S3-90321496	0	0	0	0	short business name	Apt & Brothers LLP	AB	Latin	Latin
S1-658639312	S3-895035902	0	0	0	0	cross-script	Sree Construction Private Limited	ஸ்ரீ கன்ஸ்ட்ரக்ஷன் பிரைவேட் லிமிடெட்	Latin	Tamil
S1-605443521	S2-167157065	0	0	0	0	cross-script	Red Engineering Private Limited	रेड इंजीनियरिंग प्राइवेट लिमिटेड	Latin	Devanagari
S1-768059386	S3-242247340	0	0	0	0	cross-script	East Delhi Products Private Limited	East Delhi Progcuts Private Limited	Latin	Devanagari
S1-428361086	S2-231108815	0	0	0	0	severe noise / vocabulary shift	IO Nasdaq	IO Services	Latin	Latin
S1-243690882	S3-793542159	0	0	0	0	typo / spelling variation	Pediatric Dental Specialists LLC	Pediatric Déntal Specialists LLC	Latin	Latin
S1-32447608	S2-29344373	0	0	0	0	cross-script	Royal Infrastructure Private Limited	रॉयल इंफ्रास्ट्रक्चर प्राइवेट लिमिटेड	Latin	Devanagari
S1-602705471	S3-792468312	0	0	0	0	cross-script	Gujarat Services Private Limited	ಗುಜರಾತ್ ಸರ್ವಿಸಸ್ ಪ್ರೈವೇಟ್ ಲಿಮಿಟೆಡ್	Latin	Kannada
S1-575564127	S3-281989200	0	0	0	0	cross-script	Raj Premier Solutions Private Limited	ராஜ் பிரீமியர் சொல்யூஷன்ஸ் பிரைவேட் லிமிடெட்	Latin	Tamil
S1-451124303	S3-778082127	0	0	0	0	cross-script	Hotel Investments Private Limited	H0tel Investments Private Ltd	Latin	Telugu
S1-342230507	S3-898559996	0	0	0	0	cross-script	White Consultants Private Limited	Fluxmira	Latin	Tamil
S1-22850116	S2-985434345	0	0	0	0	cross-script	Global Hospitality Private Limited	ग्लोबल हॉस्पिटैलिटी प्राइवेट लिमिटेड	Latin	Devanagari
S1-123819682	S2-258432743	0	0	0	0	typo / spelling variation	Z 3 S Scuti	Z 3 S Sui	Latin	Latin
S1-53344172	S2-946370719	0	0	0	0	severe noise / vocabulary shift	Smart Illinois LLC	SMART LLC CENTER	Latin	Latin
S1-602517628	S2-386339856	0	0	0	0	cross-script	South Seven Global Private Limited	साउथ सेवन ग्लोबल प्राइवेट लिमिटेड	Latin	Devanagari
S1-872849932	S2-103679308	0	0	0	0	abbreviation	RYV Safe Montage Inc	Iriumbra	Latin	Latin
S1-411213259	S2-13806005	0	0	0	0	cross-script	Ram Consultants Limited	राम कंसल्टेंट्स लिमिटेड	Latin	Devanagari
S1-775623852	S3-401755677	0	0	0	0	cross-script	Tech Investment Private Limited	టెక్ ఇన్వెస్ట్‌మెంట్ ప్రైవేట్ లిమిటెడ్	Latin	Telugu
S1-486767278	S3-39876361	0	0	0	0	cross-script	Shiv Universal Agro LLP	शिव यूनिवर्सल एग्रो एलएलपी	Latin	Devanagari
S1-240955634	S2-895370726	0	0	0	0	abbreviation	Solutions Neelkanth Realcon Corporation	Lyrapyra	Latin	Latin
S1-326287850	S2-110566547	0	0	0	0	cross-script	South Construction Private Limited	ಸೌತ್ ಕನ್‌ಸ್ಟ್ರಕ್ಷನ್ ಪ್ರೈವೇಟ್ ಲಿಮಿಟೆಡ್	Latin	Kannada
S1-723016788	S3-629076691	0	0	0	0	cross-script	Gujarat Healthcare Private Limited	ગુજરાત હેલ્થકેર પ્રાઇવેટ લિમિટેડ	Latin	Gujarati
S1-810337343	S2-414543801	0	0	0	0	missing address	Pioneer Phoenix	Pioneer Center	Latin	Latin
S1-298842258	S3-142164925	0	0	0	0	typo / spelling variation	Gulf Committee V PLLC	Gulf Cómgtete V PLLC	Latin	Latin
S1-374666900	S3-402384929	0	0	0	0	abbreviation	Future Welfare Society	Sollum	Latin	Latin
S1-319640923	S3-992307234	0	0	0	0	cross-script	Jay Care Limited	જય કેર લિમિટેડ	Latin	Gujarati
S1-146212600	S2-601222384	0	0	0	0	typo / spelling variation	Capital Fund LLC	Capital Fnd LLC	Latin	Latin
S1-573324644	S3-957051705	0	0	0	0	token variation	Dermatology Clinic	Nylaonyx F/K/A Dermatology Clinic	Latin	Latin
S1-619246326	S2-34567567	0	0	0	0	abbreviation	Munoz American Atlas	maatlas.com	Latin	Latin
S1-460161707	S3-669118369	0	0	0	0	cross-script	Balaji Projects Limited	ಬಾಲಾಜಿ ಪ್ರಾಜೆಕ್ಟ್ಸ್ ಲಿಮಿಟೆಡ್	Latin	Kannada
S1-675379641	S3-803127906	0	0	0	0	typo / spelling variation	Big Logistics Private Limited	Big Logistics Phriae Limited	Latin	Latin
S1-736273868	S3-649663665	0	0	0	0	abbreviation	Ms Group of Companies Pvt. Ltd.	msgroupcompanies.com	Latin	Latin
S1-676409457	S2-582158986	0	0	0	0	cross-script	High It Private Limited	हाई आईटी प्राइवेट लिमिटेड	Latin	Devanagari
S1-944981209	S2-283153211	0	0	0	0	cross-script	United Enterprises Limited	यूनाइटेड एंटरप्राइजेज लिमिटेड	Latin	Devanagari
S1-320959854	S2-901183555	0	0	0	0	typo / spelling variation	Royal Enterprise Inc	Royal Enettprie Inc	Latin	Latin
S1-22325622	S2-481446579	0	0	0	0	cross-script	City Infrastructure Pvt Ltd	सिटी इंफ्रास्ट्रक्चर प्रा. लि.	Latin	Devanagari
S1-380053798	S2-576871760	0	0	0	0	cross-script	Super Sunrise Enterprises Limited	सुपर सनराइज एंटरप्राइजेज लिमिटेड	Latin	Devanagari
S1-751213527	S2-683020692	0	0	0	0	abbreviation	Pallavaram Cements Private Limited	CPPRlVATE.COM	Latin	Latin
S1-744425418	S2-438607995	0	0	0	0	cross-script	Maa Constructions Pvt Ltd	माँ कंस्ट्रक्शंस प्रा. लि.	Latin	Devanagari
S1-859120397	S3-407882080	0	0	0	0	cross-script	Premier Software Private Limited	பிரீமியர் சாஃப்ட்வேர் பிரைவேட் லிமிடெட்	Latin	Tamil
S1-681503909	S2-454719544	0	0	0	0	cross-script	Baba Energy Private Limited	बाबा एनर्जी प्राइवेट लिमिटेड	Latin	Devanagari
S1-51121547	S3-505074779	0	0	0	0	typo / spelling variation	Tri-State League	Tri-State Leauae	Latin	Latin
S1-183861983	S2-499621723	0	0	0	0	abbreviation	Bhumi India LLP	bindiacom	Latin	Latin
S1-408382005	S3-746357123	0	0	0	0	cross-script	Shiva Properties Limited	शिवा प्रॉपर्टीज लिमिटेड	Latin	Devanagari
S1-717326387	S3-797009772	0	0	0	0	numeric mismatch	Popular Institute	Popu1ar Insitthuse	Latin	Latin
S1-442637152	S2-352371490	0	0	0	0	cross-script	Silver Care Private Limited	सिल्वर केयर प्राइवेट लिमिटेड	Latin	Devanagari
S1-11244307	S3-651957034	0	0	0	0	typo / spelling variation	Bay Project	Bay Porject	Latin	Latin
S1-531403320	S2-838919701	0	0	0	0	cross-script	Dynamic Products Private Limited	ಡೈನಾಮಿಕ್ ಪ್ರೊಡಕ್ಟ್ಸ್ ಪ್ರೈವೇಟ್ ಲಿಮಿಟೆಡ್	Latin	Kannada
S1-706483260	S3-177433205	0	0	0	0	cross-script	Global Impex Private Limited	গ্লোবাল ইম্পেক্স প্রাইভেট লিমিটেড	Latin	Bengali
S1-401453201	S2-132604572	0	0	0	0	token variation	L & X Tsakos Inc	L & X Tgsisiko Inc	Latin	Latin
S1-380053798	S3-436960953	0	0	0	0	cross-script	Super Sunrise Enterprises Limited	सुपर सनराइज एंटरप्राइजेज लिमिटेड	Latin	Devanagari
S1-543648021	S3-80498678	0	0	0	0	cross-script	Lotus Ventures Private Limited	लोटस वेंचर्स प्राइवेट लिमिटेड	Latin	Devanagari
S1-508153471	S3-637267072	0	0	0	0	cross-script	Shree Welfare Society	*** Shree Welfare Scgociteyt	Latin	Malayalam
S1-545435657	S3-527301120	0	0	0	0	abbreviation	Jay Engineering Private Limited	jayengineering.com	Latin	Latin
S1-824689274	S2-401140644	0	0	0	0	cross-script	Gold Indo Software Pvt Ltd	गोल्ड इंडो सॉफ्टवेयर प्रा. लि.	Latin	Devanagari
S1-252483164	S2-983190733	0	0	0	0	cross-script	Eastern Foundation Private Limited	ईस्टर्न फाउंडेशन प्राइवेट लिमिटेड	Latin	Devanagari
S1-918127060	S2-738463284	0	0	0	0	cross-script	Laxmi Exports Private Limited	लक्ष्मी एक्सपोर्ट्स प्राइवेट लिमिटेड	Latin	Devanagari
S1-820639280	S2-10359081	0	0	0	0	numeric mismatch	Pediatric Dentistry Classic Group PC	PEDIATRIC DCTIGTMYR CLASSIC GROUP PC #31700	Latin	Latin
S1-527557330	S3-970796080	0	0	0	0	cross-script	Guru Products	গুরু প্রোডাক্টস	Latin	Bengali
S1-520972566	S3-553730096	0	0	0	0	cross-script	Shiva Infrastructure Private Limited	शिवा इंफ्रास्ट्रक्चर प्राइवेट लिमिटेड	Latin	Devanagari
S1-21460281	S2-581985184	0	0	0	0	severe noise / vocabulary shift	Ziransh Krupa Private Limited	Quoumbra	Latin	Latin
S1-32447608	S3-65075198	0	0	0	0	cross-script	Royal Infrastructure Private Limited	रॉयल इंफ्रास्ट्रक्चर प्राइवेट लिमिटेड	Latin	Devanagari
S1-506155964	S3-94833973	0	0	0	0	short business name	Mohindra & Co	MC	Latin	Latin
S1-863234812	S2-815200689	0	0	0	0	severe noise / vocabulary shift	Sweet Diner	Onyxzeph	Latin	Latin
S1-360434739	S2-164313843	0	0	0	0	abbreviation	Houston Multimedia LLC	Avimira	Latin	Latin
S1-3597945	S2-865014716	0	0	0	0	severe noise / vocabulary shift	Hari Construction Private Limited	HARI PRIVATE LIMITED SERVICE	Latin	Latin
S1-761404110	S3-951467976	0	0	0	0	cross-script	City Hospitality Private Limited	സിറ്റി ഹോസ്പിറ്റാലിറ്റി പ്രൈവറ്റ് ലിമിറ്റഡ്	Latin	Malayalam
S1-518601268	S2-718340945	0	0	0	0	cross-script	Lakshmi Trading Limited	लक्ष्मी ट्रेडिंग लिमिटेड	Latin	Devanagari
S1-519333644	S2-607357581	0	0	0	0	cross-script	North Ram Industries Private Limited	நார்த் ராம் இண்டஸ்ட்ரீஸ் பிரைவேட் லிமிடெட்	Latin	Tamil
S1-742392521	S2-470980813	0	0	0	0	typo / spelling variation	Orthopedic Partners	Orthopedic Pártners	Latin	Latin
S1-441825579	S3-222008561	0	0	0	0	abbreviation	Alford & Rowe Corp	Ectodeltakelo	Latin	Latin
S1-325597813	S3-889422538	0	0	0	0	severe noise / vocabulary shift	Coastal Colonial Open Inc.	Coastal Ópen Inc. Services	Latin	Latin
S1-955643207	S3-67237756	0	0	0	0	abbreviation	Shree & Sons Private Limited	shreesons.com	Latin	Latin
S1-67574205	S3-256852570	0	0	0	0	token reordering	Orthopedic Elite Care, LLC	LLC Orthopedic Eobte Care,	Latin	Latin
S1-124466881	S2-187309467	0	0	0	0	cross-script	White Projects Private Limited	व्हाइट प्रोजेक्ट्स प्राइवेट लिमिटेड	Latin	Devanagari
S1-992442675	S3-434685402	0	0	0	0	typo / spelling variation	HL Advisory Private Limited	HL Aditosy Private Limited	Latin	Latin
S1-559641632	S2-941232756	0	0	0	0	cross-script	Black Technologies Private Limited	பிளாக் டெக்னாலஜீஸ் பிரைவேட் லிமிடெட்	Latin	Tamil
S1-520972566	S3-775143657	0	0	0	0	token variation	Shiva Infrastructure Private Limited	5hiva Infrastructure Limited Center	Latin	Latin
S1-368009067	S2-736660024	0	0	0	0	cross-script	Vision Enterprises	விஷன் எண்டர்பிரைசஸ்	Latin	Tamil
S1-425324575	S3-811322396	0	0	0	0	numeric mismatch	Alvarez Rush LLC	A1varez Rúsh LLC LLC	Latin	Latin
S1-992661419	S3-801513451	0	0	0	0	abbreviation	Perfect Solutions Private Limited	Psperfect.Com	Latin	Latin
S1-943049112	S2-435551263	0	0	0	0	cross-script	Tm Service Private Limited	tmservice.com	Latin	Devanagari
S1-326737821	S2-875204128	0	0	0	0	cross-script	Indian Management	ઇન્ડિયન મેનેજમેન્ટ	Latin	Gujarati
S1-123777043	S3-142339708	0	0	0	0	cross-script	Supreme Products Private Limited	Supreme Predugcts Private Limited	Latin	Kannada
S1-686122453	S3-724741547	0	0	0	0	abbreviation	As Industries Private Limited	Industries	Latin	Latin
S1-837201341	S2-115821433	0	0	0	0	token variation	Dream Solutions	Dream Sounis	Latin	Latin
S1-510873908	S3-36052035	0	0	0	0	cross-script	Baba Power Private Limited	ബാബ പവർ പ്രൈവറ്റ് ലിമിറ്റഡ്	Latin	Malayalam
S1-990551891	S2-519151198	0	0	0	0	abbreviation	Federal Toyo	féderaltoyo.com	Latin	Latin
S1-825023193	S2-131131789	0	0	0	0	cross-script	Future Constructions Private Limited	फ्यूचर कंस्ट्रक्शंस प्राइवेट लिमिटेड	Latin	Devanagari
S1-504211466	S2-898072858	0	0	0	0	token reordering	Legacy Procap, LLC	LLC Legacy Plonfap,	Latin	Latin
S1-3597945	S2-114729295	0	0	0	0	cross-script	Hari Construction Private Limited	हरि कंस्ट्रक्शन प्राइवेट लिमिटेड	Latin	Devanagari
S1-757474926	S2-569495316	0	0	0	0	typo / spelling variation	Select Daedalus	Select  Ddsealus	Latin	Latin
S1-888818682	S2-559713380	0	0	0	0	cross-script	First Software	फर्स्ट सॉफ्टवेयर	Latin	Devanagari
S1-992221719	S2-281315392	0	0	0	0	cross-script	First Industries Private Limited	फर्स्ट इंडस्ट्रीज प्राइवेट लिमिटेड	Latin	Devanagari
S1-520948204	S2-204626493	0	0	0	0	cross-script	Maa Healthcare Private Limited	मां हेल्थकेयर प्राइवेट लिमिटेड	Latin	Devanagari
S1-703116170	S2-892907836	0	0	0	0	cross-script	New Eastern Estate Private Limited	ന്യൂ ഈസ്റ്റേൺ എസ്റ്റേറ്റ് പ്രൈവറ്റ് ലിമിറ്റഡ്	Latin	Malayalam
S1-872151859	S2-827256359	0	0	0	0	cross-script	Seven Healthcare Private Limited	செவன் ஹெல்த்கேர் பிரைவேட் லிமிடெட்	Latin	Tamil
S1-666343734	S3-713043027	0	0	0	0	cross-script	Shiv International Private Limited	शिव इंटरनेशनल प्राइवेट लिमिटेड	Latin	Devanagari
S1-57478498	S3-440097920	0	0	0	0	token variation	Sun Consultancy Private Limited	Synvera doing business as Sun Consultancy Private Limited	Latin	Latin
S1-125501788	S3-276096825	0	0	0	0	typo / spelling variation	Orthopedic Medicine Inc	Orth0pedic Médicine Inc	Latin	Latin
S1-852977473	S2-690845452	0	0	0	0	cross-script	First Estate Limited	फर्स्ट एस्टेट लिमिटेड	Latin	Devanagari
S1-201731632	S2-742964830	0	0	0	0	cross-script	Jain Media	जैन मीडिया	Latin	Devanagari
S1-277202380	S3-689711425	0	0	0	0	abbreviation	Satpuda Eye Private Limited	Eyeprivate.Com	Latin	Latin
S1-424205429	S3-169755177	0	0	0	0	abbreviation	Classic Food Private Limited	classicfood.com	Latin	Latin
S1-610975019	S3-164069906	0	0	0	0	typo / spelling variation	A Elite Atlantic LLC	A Elite Atlnadtic LLC	Latin	Latin
S1-961883317	S3-624440884	0	0	0	0	cross-script	Digital Producer Private Limited	ಡಿಜಿಟಲ್ ಪ್ರೊಡ್ಯೂಸರ್ ಪ್ರೈವೇಟ್ ಲಿಮಿಟೆಡ್	Latin	Kannada
S1-784492930	S3-959780414	0	0	0	0	abbreviation	Animal Welfare Foundation V	Animal	Latin	Latin
S1-211916962	S2-894501149	0	0	0	0	cross-script	Shyam Systems Pvt Ltd	श्याम सिस्टम्स प्रा. लि.	Latin	Devanagari
S1-411213259	S3-637952980	0	0	0	0	cross-script	Ram Consultants Limited	राम कंसल्टेंट्स लिमिटेड	Latin	Devanagari
S1-919660109	S3-738799019	0	0	0	0	severe noise / vocabulary shift	Nagora Infotech Pvt Ltd	Quovio	Latin	Latin
S1-917901990	S3-993593386	0	0	0	0	abbreviation	India & Brothers Private Limited	Haloflux	Latin	Latin
S1-974071929	S2-344139729	0	0	0	0	cross-script	Ram Infra	ராம் இன்ஃப்ரா	Latin	Tamil
S1-559641632	S3-882523076	0	0	0	0	cross-script	Black Technologies Private Limited	பிளாக் டெக்னாலஜீஸ் பிரைவேட் லிமிடெட்	Latin	Tamil
S1-412583452	S2-460321548	0	0	0	0	severe noise / vocabulary shift	Perfect Impex Private Limited	ਪਰਫੈਕਟ ਇੰਪੈਕਸ ਪ੍ਰਾਈਵੇਟ ਲਿਮਟਿਡ	Latin	Latin
S1-302281281	S3-345561815	0	0	0	0	short business name	S 9 D Homecare	S 9	Latin	Latin
S1-552177080	S3-439787138	0	0	0	0	abbreviation	St. Fellowship	stfellowship.com	Latin	Latin
S1-533935044	S2-55313722	0	0	0	0	typo / spelling variation	Silver Barbershop	Silver Barberfiop	Latin	Latin
S1-991976847	S3-690703602	0	0	0	0	cross-script	Perfect Media Private Limited	Perfect Média	Latin	Devanagari
S1-450848064	S3-812540729	0	0	0	0	token variation	Ear Nose & Throat Group	Ear & Throat Group Center	Latin	Latin
S1-669182455	S2-946286318	0	0	0	0	typo / spelling variation	Hari Business Private Limited	HARI BÚSINESS PRIVATE LIMITED	Latin	Latin
S1-106353169	S3-865693413	0	0	0	0	cross-script	New Delhi Animal Pvt. Ltd.	newdelhianimal.com	Latin	Devanagari
S1-815350574	S2-641713044	0	0	0	0	cross-script	International Foods Limited	इंटरनेशनल फूड्स लिमिटेड	Latin	Devanagari
S1-397625112	S3-62648285	0	0	0	0	cross-script	Gold Digital Products Limited	गोल्ड डिजिटल प्रोडक्ट्स लिमिटेड	Latin	Devanagari
S1-568018021	S2-415385704	0	0	0	0	typo / spelling variation	Biotherapeutics Inc	Biigtheraeputics Inc	Latin	Latin
S1-775623852	S2-567649341	0	0	0	0	cross-script	Tech Investment Private Limited	టెక్ ఇన్వెస్ట్‌మెంట్ ప్రైవేట్ లిమిటెడ్	Latin	Telugu
S1-554420618	S3-491185864	0	0	0	0	cross-script	United Global	यूनाइटेड ग्लोबल	Latin	Devanagari
S1-779437910	S3-180425365	0	0	0	0	short business name	Baba Sree Enterprises Private Limited	Baba	Latin	Latin
S1-923618272	S2-584694808	0	0	0	0	abbreviation	Ear Nose & Throat Partners LLC	earnosethroat.com	Latin	Latin
S1-928397790	S3-676029260	0	0	0	0	typo / spelling variation	Hari Finance Limited	Hari Fínance Limited	Latin	Latin
S1-244925942	S3-141519941	0	0	0	0	cross-script	Ram Vision Construction Private Limited	राम विजन कंस्ट्रक्शन प्राइवेट लिमिटेड	Latin	Devanagari
S1-545007722	S2-762244729	0	0	0	0	cross-script	Ss Infrastructure Pvt Ltd	એસએસ ઇન્ફ્રાસ્ટ્રક્ચર પ્રા. લિ.	Latin	Gujarati
S1-571952945	S2-84329341	0	0	0	0	cross-script	Best Trading Private Limited	बेस्ट ट्रेडिंग प्राइवेट लिमिटेड	Latin	Devanagari
S1-472043869	S3-739486098	0	0	0	0	severe noise / vocabulary shift	Meraz Maintenance LLC	Gildflux	Latin	Latin
S1-57528984	S2-62609111	0	0	0	0	cross-script	City Global Private Limited	ಸಿಟಿ ಗ್ಲೋಬಲ್ Private Limited	Latin	Kannada
S1-989338488	S3-502894195	0	0	0	0	abbreviation	Painters Union Local No 756	Pyralyra	Latin	Latin
S1-629074170	S2-484001134	0	0	0	0	cross-script	Creative Consulting Private Limited	క్రియేటివ్ కన్సల్టింగ్ ప్రైవేట్ లిమిటెడ్	Latin	Telugu
S1-698934917	S2-888214994	0	0	0	0	cross-script	Super Logistics Private Limited	സൂപ്പർ ലോജിസ്റ്റിക്സ് പ്രൈവറ്റ് ലിമിറ്റഡ്	Latin	Malayalam
S1-517322263	S2-706277568	0	0	0	0	cross-script	Shivam Foods LLP	शिवम फूड्स एलएलपी	Latin	Devanagari
S1-439084410	S3-609207783	0	0	0	0	typo / spelling variation	Dental Care LLC	Dental Cáre LLC	Latin	Latin
S1-581830098	S3-142398326	0	0	0	0	cross-script	White Trading Limited	व्हाइट ट्रेडिंग लिमिटेड	Latin	Devanagari
S1-615327859	S3-52354957	0	0	0	0	severe noise / vocabulary shift	Ear Nose & Throat Health	Ear Nose-and	Latin	Latin
S1-10590096	S3-24149136	0	0	0	0	typo / spelling variation	Jai Impex Private Limited	Jai Impex Pmiavte Limited	Latin	Latin
S1-237364212	S2-553363335	0	0	0	0	cross-script	Swastik Finance Private Limited	स्वस्तिक फाइनेंस प्राइवेट लिमिटेड	Latin	Devanagari
S1-607575897	S2-915776076	0	0	0	0	cross-script	Raj Jay Management Private Limited	राज जय मैनेजमेंट प्राइवेट लिमिटेड	Latin	Devanagari
S1-997595480	S2-182936053	0	0	0	0	typo / spelling variation	Fresh Pilates!	Fresh Pílates!	Latin	Latin
S1-819325787	S3-596461731	0	0	0	0	cross-script	Red Investment Private Limited	રેડ ઇન્વેસ્ટમેન્ટ પ્રાઇવેટ લિમિટેડ	Latin	Gujarati
S1-723604628	S2-466147530	0	0	0	0	cross-script	New Foods Pvt Ltd	न्यू फूड्स प्रा. लि.	Latin	Devanagari
S1-194283625	S2-127786337	0	0	0	0	cross-script	Apex Foods Limited	एपेक्स फूड्स लिमिटेड	Latin	Devanagari
S1-96883845	S3-346006016	0	0	0	0	short business name	Khera & Co	k.com	Latin	Latin
S1-750130094	S3-209054138	0	0	0	0	abbreviation	Cu's Dental	cusdental.com	Latin	Latin
S1-839700852	S2-187459384	0	0	0	0	cross-script	Eastern Digital Builders Private Limited	ईस्टर्न डिजिटल बिल्डर्स प्राइवेट लिमिटेड	Latin	Devanagari
S1-93331650	S3-51274703	0	0	0	0	severe noise / vocabulary shift	Foot & Ankle Delta Center	Foot &-Delta Center Service	Latin	Latin
S1-368009067	S2-894502454	0	0	0	0	cross-script	Vision Enterprises	விஷன் எண்டர்பிரைசஸ்	Latin	Tamil
S1-725696322	S3-743983593	0	0	0	0	typo / spelling variation	Golden Developers Private Limited	Shri Golden Dbvelpesr Private Limited	Latin	Latin
S1-41199900	S3-40706118	0	0	0	0	typo / spelling variation	RM Preferred Abony	RM Preerrda Ab0ny	Latin	Latin
S1-95901522	S3-219169478	0	0	0	0	abbreviation	West Institute of Technology Inc	westinstitutetechnology.com	Latin	Latin
S1-191918588	S3-963125738	0	0	0	0	typo / spelling variation	Heartland Crypto Inc	Heartland Caycrpo Inc	Latin	Latin
S1-899505374	S2-622465535	0	0	0	0	abbreviation	Duncan, Larsen & Mercer Inc	Ciraecto	Latin	Latin
S1-705219892	S2-686467153	0	0	0	0	cross-script	Life Software Private Limited	లైఫ్ సాఫ్ట్‌వేర్ ప్రైవేట్ లిమిటెడ్	Latin	Telugu
S1-501471072	S2-287492375	0	0	0	0	cross-script	Perfect Builders Pvt Ltd	परफेक्ट बिल्डर्स प्रा. लि.	Latin	Devanagari
S1-696124896	S3-714297261	0	0	0	0	cross-script	Golden Lotus Logistics Limited	गोल्डन लोटस लॉजिस्टिक्स लिमिटेड	Latin	Devanagari
S1-471051591	S2-465398696	0	0	0	0	severe noise / vocabulary shift	Guru Agro Pvt Ltd	guruagro.com | www.guruagroc.com	Latin	Latin
S1-350007941	S3-730482156	0	0	0	0	abbreviation	Lower Veterinary Clinic	Vclower.Com	Latin	Latin
S1-617542443	S3-595374111	0	0	0	0	cross-script	Super Developers Private Limited	सुपर डेवलपर्स प्राइवेट लिमिटेड	Latin	Devanagari
S1-962422504	S3-690689608	0	0	0	0	short business name	Asher Fashion LLP	AF	Latin	Latin
S1-346328330	S3-360750571	0	0	0	0	abbreviation	Pediatric Dentistry Grand Care Associates	pediatricdentistrygrand.com	Latin	Latin
S1-939673128	S2-659291935	0	0	0	0	severe noise / vocabulary shift	Innovative Cosmetics	Gi1devo	Latin	Latin
S1-633575321	S2-78821083	0	0	0	0	cross-script	Resonance Ip (India) Limited	resonanceipindia.com - 3515212109	Latin	Devanagari
S1-755601675	S2-621266927	0	0	0	0	cross-script	Smart Foods Private Limited	સ્માર્ટ ફૂડ્સ પ્રાઇવેટ લિમિટેડ	Latin	Gujarati
S1-220247411	S3-439470431	0	0	0	0	severe noise / vocabulary shift	Glorious Brothers Private Limited	Zephariave0	Latin	Latin
S1-545435657	S2-524156733	0	0	0	0	cross-script	Jay Engineering Private Limited	ஜெய் இன்ஜினியரிங் பிரைவேட் லிமிடெட்	Latin	Tamil
S1-595488395	S3-906900586	0	0	0	0	cross-script	Black Infotech Pvt Ltd	బ్లాక్ ఇన్ఫోటెక్ ప్రైవేట్ లిమిటెడ్	Latin	Telugu
S1-775814651	S2-522711844	0	0	0	0	cross-script	Hari Consultants Private Limited	হরি কনসালট্যান্টস প্রাইভেট লিমিটেড	Latin	Bengali
S1-256099689	S2-661950686	0	0	0	0	numeric mismatch	Internal Medicine Clean Care Associates LLC	The Internal Medicine Clean Care Associates LLC - 3563148304	Latin	Latin
S1-553471989	S3-711993913	0	0	0	0	cross-script	Jay Southern Consulting Private Limited	જય સધર્ન કન્સલ્ટિંગ પ્રાઇવેટ લિમિટેડ	Latin	Gujarati
S1-819325787	S2-952019089	0	0	0	0	abbreviation	Red Investment Private Limited	redinvestment.com	Latin	Latin
S1-142459829	S3-251302734	0	0	0	0	severe noise / vocabulary shift	Infrastructure United Investments Limited	#infrastructureunited	Latin	Latin
S1-252483164	S2-428812080	0	0	0	0	cross-script	Eastern Foundation Private Limited	ईस्टर्न फाउंडेशन प्राइवेट लिमिटेड	Latin	Devanagari
S1-413939359	S2-787861549	0	0	0	0	cross-script	Vision Properties	Vision Service	Latin	Devanagari
S1-814977770	S3-930577945	0	0	0	0	token variation	Physical Therapy Partners Corp	Physical Partners Corp Center	Latin	Latin
S1-530488596	S3-722243963	0	0	0	0	cross-script	Star Logistics Private Limited	स्टार लॉजिस्टिक्स प्राइवेट लिमिटेड	Latin	Devanagari
S1-566722568	S2-28727996	0	0	0	0	cross-script	City Technologies Private Limited	सिटी टेक्नोलॉजीज प्राइवेट लिमिटेड	Latin	Devanagari
S1-590954081	S3-775934303	0	0	0	0	token variation	Ear Nose & Throat Clinic	Ear Nóse & Throat	Latin	Latin
S1-249264873	S2-489439928	0	0	0	0	cross-script	Krishna Energy Private Limited	कृष्ण एनर्जी प्राइवेट लिमिटेड	Latin	Devanagari
S1-655573873	S2-430829215	0	0	0	0	severe noise / vocabulary shift	Main Road Delhi Gate Enterprises Limited	#MAINROAD	Latin	Latin
S1-752197821	S3-212540185	0	0	0	0	token variation	Pediatric Dentistry Care Associates Inc	Pediatric Dentistry [Care]	Latin	Latin
S1-262864509	S3-868142454	0	0	0	0	abbreviation	Cube Research Private Limited	Vantagekordelta	Latin	Latin
S1-416776141	S3-166772329	0	0	0	0	numeric mismatch	Interstate Industries LLC	Interstate Indusnrias LLC (ID: 85077)	Latin	Latin
S1-252657205	S2-360507492	0	0	0	0	cross-script	Sun Properties Private Limited	सन प्रॉपर्टीज प्राइवेट लिमिटेड	Latin	Devanagari
S1-574632117	S2-861730367	0	0	0	0	token variation	Little Seafood	Little  Seeado	Latin	Latin
S1-140311602	S3-2569598	0	0	0	0	severe noise / vocabulary shift	Lakshmi Foods Private Limited	Mr lakshmifoods.com	Latin	Latin
S1-899563687	S2-625782177	0	0	0	0	cross-script	Good Investment Pvt Ltd	गुड इन्वेस्टमेंट प्रा. लि.	Latin	Devanagari
S1-499497746	S2-874050798	0	0	0	0	cross-script	Innovative Products Private Limited	इनोवेटिव प्रोडक्ट्स प्राइवेट लिमिटेड	Latin	Devanagari
S1-283173396	S3-755167176	0	0	0	0	severe noise / vocabulary shift	Galaxy Energy LLP	ଗାଲାକ୍ସି ଏନର୍ଜି ଏଲ୍‌ଏଲ୍‌ପି	Latin	Latin
S1-179509323	S3-970968071	0	0	0	0	typo / spelling variation	Upper Better Materials LLC	Upper Bétter Meaeacls LLC	Latin	Latin
S1-586458869	S3-81748328	0	0	0	0	token reordering	Silver Engineering Private Limited	Private Silver Enghierrng Limited	Latin	Latin
S1-570483833	S2-412693326	0	0	0	0	cross-script	Sun Consultancy Private Limited	ಸನ್ ಕನ್ಸಲ್ಟೆನ್ಸಿ ಪ್ರೈವೇಟ್ ಲಿಮಿಟೆಡ್	Latin	Kannada
S1-742392521	S3-914208717	0	0	0	0	abbreviation	Orthopedic Partners	Orthopedic Services	Latin	Latin
S1-11258671	S2-573473746	0	0	0	0	typo / spelling variation	Community Initiative	COMMUNITY INITAITIEV	Latin	Latin
S1-658530105	S2-370610525	0	0	0	0	typo / spelling variation	Chiropractic Medicine	Chir0practic Medicine	Latin	Latin
S1-4566406	S3-708456522	0	0	0	0	abbreviation	Hyderabad Concept Private Limited	Ciratavokorio	Latin	Latin
S1-775623852	S2-671453262	0	0	0	0	cross-script	Tech Investment Private Limited	టెక్ ఇన్వెస్ట్‌మెంట్ ప్రైవేట్ లిమిటెడ్	Latin	Telugu
S1-709678146	S2-609838721	0	0	0	0	cross-script	Anand Consultancy Private Limited	आनंद कंसल्टेंसी प्राइवेट लिमिटेड	Latin	Devanagari
S1-876142548	S2-754321293	0	0	0	0	abbreviation	The Dent Cleaning Service P.C.	dentcleaning.com	Latin	Latin
S1-671721392	S3-219028756	0	0	0	0	cross-script	Shyam It Private Limited	ஷ்யாம் ஐடி பிரைவேட் லிமிடெட்	Latin	Tamil
S1-159697563	S3-707307313	0	0	0	0	cross-script	Shiv Best Global	শিব বেস্ট গ্লোবাল	Latin	Bengali
S1-816413952	S3-258408633	0	0	0	0	cross-script	All Builders Private Limited	All பில்டர்ஸ் Private Limited	Latin	Tamil
S1-794578932	S2-166001917	0	0	0	0	severe noise / vocabulary shift	Laxmi Jay Constructions Private Limited	ଲକ୍ଷ୍ମୀ ଜୟ କନଷ୍ଟ୍ରକସନ୍ସ୍ ପ୍ରାଇଭେଟ୍ ଲିମିଟେଡ୍	Latin	Latin
S1-202535110	S2-711616506	0	0	0	0	cross-script	Raj Food Limited	राज फूड लिमिटेड	Latin	Devanagari
S1-816413952	S2-208104702	0	0	0	0	cross-script	All Builders Private Limited	ஆல் பில்டர்ஸ் பிரைவேட் லிமிடெட்	Latin	Tamil
S1-759907302	S2-806640957	0	0	0	0	cross-script	Royal Software Private Limited	रॉयल सॉफ्टवेयर प्राइवेट लिमिटेड	Latin	Devanagari
S1-469183959	S3-757617555	0	0	0	0	cross-script	East Projects Private Limited	ইস্ট প্রজেক্টস প্রাইভেট লিমিটেড	Latin	Bengali
S1-338068352	S2-226075318	0	0	0	0	cross-script	Vision Investments Pvt Ltd	విజన్ ఇన్వెస్ట్‌మెంట్స్ ప్రైవేట్ లిమిటెడ్	Latin	Telugu
S1-424205429	S3-293555548	0	0	0	0	short business name	Classic Food Private Limited	CF	Latin	Latin
S1-246502628	S3-177192921	0	0	0	0	cross-script	Southern Super Agro Pvt Ltd	सदर्न सुपर एग्रो प्रा. लि.	Latin	Devanagari
S1-535372299	S2-412932584	0	0	0	0	cross-script	Sky Infrastructure Private Limited	ஸ்கை இன்ஃப்ராஸ்ட்ரக்சர் பிரைவேட் லிமிடெட்	Latin	Tamil
S1-5285222	S3-869355691	0	0	0	0	severe noise / vocabulary shift	Star Food Pvt Ltd	Brixkor	Latin	Latin
S1-872323332	S2-220273641	0	0	0	0	severe noise / vocabulary shift	Better Better Iris	Zephnovi	Latin	Latin
S1-521944928	S3-732846883	0	0	0	0	cross-script	Sunrise Exports Pvt Ltd	সানরাইজ এক্সপোর্টস প্রাইভেট লিমিটেড	Latin	Bengali
S1-271903957	S3-73567612	0	0	0	0	cross-script	One Infotech Private Limited	वन इंफोटेक प्राइवेट लिमिटेड	Latin	Devanagari
S1-748181340	S3-220421953	0	0	0	0	severe noise / vocabulary shift	Human Rights Association	Ariasyn (ID: 86900)	Latin	Latin
S1-14823286	S3-35619951	0	0	0	0	typo / spelling variation	Green Bharat Constructions Private Limited	Green Bdlnat Constructions Private Limited	Latin	Latin
S1-775253680	S2-228048474	0	0	0	0	cross-script	Universal Tech Limited	यूनिवर्सल टेक लिमिटेड	Latin	Devanagari
S1-290166603	S3-124652264	0	0	0	0	cross-script	Blue Food Private Limited	ब्लू फूड प्राइवेट लिमिटेड	Latin	Devanagari
S1-6392394	S3-749526070	0	0	0	0	cross-script	Lakshmi Media Pvt Ltd	लक्ष्मी मीडिया प्रा. लि.	Latin	Devanagari
S1-768446776	S2-275680223	0	0	0	0	typo / spelling variation	Quclaria Corporation	Qlcedia-Corporation	Latin	Latin
S1-374665475	S3-682175119	0	0	0	0	cross-script	Sai Finance Private Limited	साई फाइनेंस प्राइवेट लिमिटेड	Latin	Devanagari
S1-632640648	S2-626634834	0	0	0	0	cross-script	Blue Hospitality Private Limited	ब्लू हॉस्पिटैलिटी प्राइवेट लिमिटेड	Latin	Devanagari
S1-746022315	S2-115087160	0	0	0	0	cross-script	Raga & Partners	RAGAPTR.C0M	Latin	Devanagari
S1-323142467	S3-600588632	0	0	0	0	severe noise / vocabulary shift	My Foundation Limited	My Limited Center	Latin	Latin
S1-93187399	S2-658919226	0	0	0	0	cross-script	Unique Marketing Private Limited	यूनिक मार्केटिंग प्राइवेट लिमिटेड	Latin	Devanagari
S1-896454262	S3-992735068	0	0	0	0	abbreviation	United Tech Private Limited	utprivate.com	Latin	Latin
S1-611323462	S2-217854599	0	0	0	0	cross-script	LL India Mumbai	@LLINDIA	Latin	Devanagari
S1-803558034	S2-964013256	0	0	0	0	abbreviation	Gonzales Harbor Usa LLC	Halocaloiri	Latin	Latin
S1-102253241	S2-803494988	0	0	0	0	missing address	Mumbai Services Private Limited	Mumbai Sérvices Private	Latin	Latin
S1-23015614	S3-464035970	0	0	0	0	abbreviation	Bay Alliance	Bay Albinaec	Latin	Latin
S1-179806153	S2-966412423	0	0	0	0	cross-script	Dynamic Business	ಡೈನಾಮಿಕ್ ಬಿಸಿನೆಸ್	Latin	Kannada
S1-193415954	S2-328002621	0	0	0	0	cross-script	North Innovative Consultancy Private Limited	नॉर्थ इनोवेटिव कंसल्टेंसी प्राइवेट लिमिटेड	Latin	Devanagari
S1-414260962	S3-626583710	0	0	0	0	cross-script	Galaxy Galaxy Technology Pvt Ltd	ಗ್ಯಾಲಕ್ಸಿ ಗ್ಯಾಲಕ್ಸಿ ಟೆಕ್ನಾಲಜಿ ಪ್ರೈವೇಟ್ ಲಿಮಿಟೆಡ್	Latin	Kannada
S1-90191258	S2-929499344	0	0	0	0	abbreviation	O J & B Kpet Inc	ojb.com	Latin	Latin
S1-517322263	S3-941197493	0	0	0	0	abbreviation	Shivam Foods LLP	Pyraveo	Latin	Latin
S1-207997434	S2-869941716	0	0	0	0	cross-script	Alpha Infotech Pvt Ltd	अल्फा इंफोटेक प्रा. लि.	Latin	Devanagari
S1-674142341	S3-466687979	0	0	0	0	cross-script	Pioneer Developers Private Limited	Pioneer ડેવલપર્સ પ્રાઇવેટ લિમિટેડ	Latin	Gujarati
S1-889440492	S3-436457803	0	0	0	0	cross-script	Arihant Management Private Limited	அரிஹந்த் மேனேஜ்மெண்ட் பிரைவேட் லிமிடெட்	Latin	Tamil
S1-460209241	S2-623906844	0	0	0	0	cross-script	South Producer Private Limited	साउथ प्रोड्यूसर प्राइवेट लिमिटेड	Latin	Devanagari
S1-516867833	S2-346241060	0	0	0	0	cross-script	Red Impex	ರೆಡ್ ಇಂಪೆಕ್ಸ್	Latin	Kannada
S1-928665897	S3-632034465	0	0	0	0	severe noise / vocabulary shift	Great Exports	Xyloxylo trading as Great Exports	Latin	Latin
S1-932263247	S2-591495235	0	0	0	0	cross-script	South Jain Consulting	साउथ जैन कंसल्टिंग	Latin	Devanagari
S1-112009210	S2-652879894	0	0	0	0	abbreviation	Vision International Private Limited	viprivate.c0m	Latin	Latin
S1-520948204	S3-577602617	0	0	0	0	cross-script	Maa Healthcare Private Limited	मां हेल्थकेयर प्राइवेट लिमिटेड	Latin	Devanagari
S1-34192047	S3-673823326	0	0	0	0	severe noise / vocabulary shift	Precision Mobility-Liberty	Precision  Services	Latin	Latin
S1-922377061	S2-27247268	0	0	0	0	cross-script	Big Consultants Private Limited	ಬಿಗ್ ಕನ್ಸಲ್ಟೆಂಟ್ಸ್ ಪ್ರೈವೇಟ್ ಲಿಮಿಟೆಡ್	Latin	Kannada
S1-3760270	S3-346449455	0	0	0	0	severe noise / vocabulary shift	Klein Amplify LLC	Orbibelo	Latin	Latin
S1-361410625	S2-791137380	0	0	0	0	cross-script	Swastik Business	स्वस्तिक बिजनेस	Latin	Devanagari
S1-190247294	S2-340822435	0	0	0	0	cross-script	Krishna Products Private Limited	कृष्ण प्रोडक्ट्स प्राइवेट लिमिटेड	Latin	Devanagari
S1-232868676	S2-363096981	0	0	0	0	abbreviation	Desert Mission	desertmissi0n.com	Latin	Latin
S1-203581973	S2-713706493	0	0	0	0	cross-script	Digital Properties Private Limited	डिजिटल प्रॉपर्टीज प्राइवेट लिमिटेड	Latin	Devanagari
S1-317713081	S2-927839971	0	0	0	0	abbreviation	Blue Hair Studio Partners	bluehairstudio.com	Latin	Latin
S1-880673228	S3-734733146	0	0	0	0	short business name	Cornerstone Complete International	CCI	Latin	Latin
S1-57032919	S3-320674514	0	0	0	0	typo / spelling variation	Urgent Care Clinic LLC	Urgent Crrrae Clinic LLC	Latin	Latin
S1-310022229	S2-89802264	0	0	0	0	missing address	Pediatric Dental Crystal Physicians LLC	Pediatric Dental Cdlya Physicians LLC	Latin	Latin
S1-209560004	S2-997596737	0	0	0	0	typo / spelling variation	Thomas Animal Hospital LLC	Thomas Animal Hosfictlml LLC	Latin	Latin
S1-262794048	S3-809554760	0	0	0	0	severe noise / vocabulary shift	Eastern Hudson	Eastern Center #52433	Latin	Latin
S1-160049989	S3-299618052	0	0	0	0	abbreviation	Peak Consumer Associates LLC	acpeak.com	Latin	Latin
S1-413939359	S2-261649632	0	0	0	0	cross-script	Vision Properties	विजन प्रॉपर्टीज	Latin	Devanagari
S1-485318161	S2-577274088	0	0	0	0	numeric mismatch	Chiropractic Health Co	CHIROPRACTICHEALTH.COM #8775	Latin	Latin
S1-517812587	S2-534932871	0	0	0	0	typo / spelling variation	Mumbai Advisors Pvt. Ltd.	Mumbai Avris Pvt. Ltd.	Latin	Latin
S1-267154732	S3-198934293	0	0	0	0	severe noise / vocabulary shift	Tag Marketing Private Limited	Calojax	Latin	Latin
S1-87270499	S2-47812393	0	0	0	0	severe noise / vocabulary shift	Vijay Media Private Limited	@vijaymedia	Latin	Latin
S1-934358973	S3-632146966	0	0	0	0	abbreviation	Vr (India) Distilleries Private Limited	Tavoariaquo	Latin	Latin
S1-372845787	S2-972115677	0	0	0	0	cross-script	International Industries Private Limited	इंटरनेशनल इंडस्ट्रीज प्राइवेट लिमिटेड	Latin	Devanagari
S1-942357826	S2-487938323	0	0	0	0	cross-script	Tech Southern Global Private Limited	ಟೆಕ್ ಸದರ್ನ್ ಗ್ಲೋಬಲ್ ಪ್ರೈವೇಟ್ ಲಿಮಿಟೆಡ್	Latin	Kannada
S1-363645442	S2-903670314	0	0	0	0	typo / spelling variation	Cardiology Center	Cardiology Clenert	Latin	Latin
S1-185339767	S2-595497652	0	0	0	0	numeric mismatch	Metro Foundation	Metro Center	Latin	Latin
S1-870086967	S2-993545080	0	0	0	0	typo / spelling variation	Smart Atlantic	Smart  At1antic	Latin	Latin
S1-274464809	S3-75040502	0	0	0	0	severe noise / vocabulary shift	Samarth Nagar It Limited	Cirakelo	Latin	Latin
S1-167888866	S3-955207252	0	0	0	0	numeric mismatch	Viking Group	Vinkg [Group]	Latin	Latin
S1-999010012	S3-477149515	0	0	0	0	typo / spelling variation	Mumbai Developers Private Limited	Mumbai Delpsr Private Limited	Latin	Latin
S1-699532231	S3-542422989	0	0	0	0	typo / spelling variation	Oncology Partners	Onc0logy Pártners	Latin	Latin
S1-298907561	S2-112774378	0	0	0	0	cross-script	Sky International Private Limited	સ્કાય ઇન્ટરનેશનલ પ્રાઇવેટ લિમિટેડ	Latin	Gujarati
S1-361434682	S3-45206296	0	0	0	0	cross-script	High Infotech Private Limited	હાઇ ઇન્ફોટેક પ્રાઇવેટ લિમિટેડ	Latin	Gujarati
S1-897131991	S2-439712677	0	0	0	0	cross-script	Desi Charitable Trust	dctrust.com	Latin	Devanagari
S1-545435657	S3-555254443	0	0	0	0	typo / spelling variation	Jay Engineering Private Limited	Jay Engineering Ptrivte Limited	Latin	Latin
S1-598515315	S3-558368797	0	0	0	0	cross-script	Baba Builders Private Limited	বাবা Builders Private Limited	Latin	Bengali
S1-570483833	S3-51745194	0	0	0	0	cross-script	Sun Consultancy Private Limited	ಸನ್ ಕನ್ಸಲ್ಟೆನ್ಸಿ ಪ್ರೈವೇಟ್ ಲಿಮಿಟೆಡ್	Latin	Kannada
S1-252483164	S3-365371552	0	0	0	0	severe noise / vocabulary shift	Eastern Foundation Private Limited	Eastern Private Limited Services	Latin	Latin
S1-382781081	S3-363789127	0	0	0	0	cross-script	Big Solutions Pvt Ltd	ಬಿಗ್ ಸೊಲ್ಯೂಷನ್ಸ್ ಪ್ರೈವೇಟ್ ಲಿಮಿಟೆಡ್	Latin	Kannada
S1-517216805	S2-339262252	0	0	0	0	typo / spelling variation	Smith, Moore & Hinton Inc.	SMITH, M0ORE  & HHNITON INC.	Latin	Latin
S1-943408281	S3-67152883	0	0	0	0	cross-script	Dream Food Private Limited	ड्रीम फूड प्राइवेट लिमिटेड	Latin	Devanagari
S1-308022018	S3-786596918	0	0	0	0	abbreviation	International Agro Private Limited	International	Latin	Latin
S1-146908133	S3-257402286	0	0	0	0	cross-script	Om Management Private Limited	ओम मैनेजमेंट प्राइवेट लिमिटेड	Latin	Devanagari
S1-620412604	S2-63635941	0	0	0	0	abbreviation	Mumbai (india) Private Limited	mumbaiindia.com	Latin	Latin
S1-193986936	S2-995295300	0	0	0	0	cross-script	Future Global Pvt Ltd	फ्यूचर ग्लोबल प्रा. लि.	Latin	Devanagari
S1-829674552	S2-638700587	0	0	0	0	typo / spelling variation	My Impex	My Imepdx	Latin	Latin
S1-969994160	S2-140545586	0	0	0	0	cross-script	Great Developers Pvt Ltd	ग्रेट डेवलपर्स प्रा. लि.	Latin	Devanagari
S1-271903957	S3-396269980	0	0	0	0	cross-script	One Infotech Private Limited	वन इंफोटेक प्राइवेट लिमिटेड	Latin	Devanagari
S1-757140244	S2-32085631	0	0	0	0	severe noise / vocabulary shift	Miller Arc LLC	Mi1ler LLC Center	Latin	Latin
S1-298025747	S2-956703122	0	0	0	0	cross-script	Bharat Investments	ভারত ইনভেস্টমেন্টস	Latin	Bengali
S1-131955187	S3-9691439	0	0	0	0	severe noise / vocabulary shift	Capital Fund	Drexzeta fka Capital Fund	Latin	Latin
S1-357285869	S2-996987453	0	0	0	0	cross-script	Pioneer Software Private Limited	பயனியர் சாஃப்ட்வேர் பிரைவேட் லிமிடெட்	Latin	Tamil
S1-171602965	S2-177970818	0	0	0	0	cross-script	City Healthcare Private Limited	சிட்டி ஹெல்த்கேர் பிரைவேட் லிமிடெட்	Latin	Tamil
S1-659779220	S3-559176134	0	0	0	0	abbreviation	New Delhi Global Limited	Global	Latin	Latin
S1-962235681	S3-105179753	0	0	0	0	severe noise / vocabulary shift	Youth Association	Youth Services	Latin	Latin
S1-614181038	S2-808501061	0	0	0	0	cross-script	Innovative Properties Private Limited	इनोवेटिव प्रॉपर्टीज प्राइवेट लिमिटेड	Latin	Devanagari
S1-471051591	S2-277626532	0	0	0	0	cross-script	Guru Agro Pvt Ltd	गुरु एग्रो प्रा. लि.	Latin	Devanagari
S1-234743272	S3-598163739	0	0	0	0	cross-script	Good Global Private Limited	गुड ग्लोबल प्राइवेट लिमिटेड	Latin	Devanagari
S1-689038019	S3-505586980	0	0	0	0	cross-script	Innovative Digital Foods Private Limited	ఇన్నోవేటివ్ డిజిటల్ Foods Private Limited	Latin	Telugu
S1-723604628	S3-881905672	0	0	0	0	cross-script	New Foods Pvt Ltd	न्यू फूड्स प्रा. लि.	Latin	Devanagari
S1-194283625	S3-781644038	0	0	0	0	abbreviation	Apex Foods Limited	afoods.com	Latin	Latin
S1-187752848	S3-907906255	0	0	0	0	abbreviation	Bangalore North Farms Private Limited	bangalorenorth.com	Latin	Latin
S1-828719743	S3-184253211	0	0	0	0	typo / spelling variation	Pence & Mccombs Harvard	Pence & Mrccbaosms Hárvard	Latin	Latin
S1-993562252	S2-840517168	0	0	0	0	cross-script	Golden Classic Services Private Limited	गोल्डन क्लासिक सर्विसेज प्राइवेट लिमिटेड	Latin	Devanagari
S1-463566852	S2-669317536	0	0	0	0	cross-script	New Infrastructure Limited	ನ್ಯೂ ಇನ್‌ಫ್ರಾಸ್ಟ್ರಕ್ಚರ್ ಲಿಮಿಟೆಡ್	Latin	Kannada
S1-134302582	S3-35423289	0	0	0	0	cross-script	United Ventures Private Limited	யுனைடெட் வென்ச்சர்ஸ் Private Limited	Latin	Tamil
S1-203581973	S2-318358045	0	0	0	0	cross-script	Digital Properties Private Limited	Digital प्रॉपर्टीज Private Limited	Latin	Devanagari
S1-425011052	S3-518450493	0	0	0	0	severe noise / vocabulary shift	Hitech Infra Private Limited	Pyrasynorbi Co	Latin	Latin
S1-572279921	S3-218825128	0	0	0	0	typo / spelling variation	International Agro Private Limited	International Atnon Private Limited	Latin	Latin
S1-743542988	S3-706410727	0	0	0	0	severe noise / vocabulary shift	Rocky Antimony LLC	R0cky LLC Cénter	Latin	Latin
S1-489258766	S3-719452032	0	0	0	0	abbreviation	Valley Alliance	Valley Alrnlrsce	Latin	Latin
S1-586458869	S2-692546071	0	0	0	0	cross-script	Silver Engineering Private Limited	സിൽവർ എൻജിനീയറിംഗ് പ്രൈവറ്റ് ലിമിറ്റഡ്	Latin	Malayalam
S1-102590156	S3-85112743	0	0	0	0	severe noise / vocabulary shift	Aarvva Chemtech	Dovahalox	Latin	Latin
S1-500147467	S3-921462102	0	0	0	0	numeric mismatch	Highland Center Inc	Highland Cnbr Inc #69551	Latin	Latin
S1-519019285	S3-57373212	0	0	0	0	cross-script	Lakshmi Infrastructure Private Limited	லக்ஷ்மி இன்ஃப்ராஸ்ட்ரக்சர் பிரைவேட் லிமிடெட்	Latin	Tamil
S1-505264059	S2-262969808	0	0	0	0	cross-script	Jay Consultants Private Limited	జై కన్సల్టెంట్స్ ప్రైవేట్ లిమిటెడ్	Latin	Telugu
S1-657060842	S2-483446317	0	0	0	0	cross-script	Indo Hari Developers Limited	ઇન્ડો હરિ ડેવલપર્સ લિમિટેડ	Latin	Gujarati
S1-42868664	S2-967115224	0	0	0	0	typo / spelling variation	Best Investment (India) Pvt. Ltd.	M/s Best Iinvecsment (India) Pvt. Ltd.	Latin	Latin
S1-873958225	S2-865534654	0	0	0	0	typo / spelling variation	Cure Pub	Ccre  Pub	Latin	Latin
S1-226002871	S2-515225776	0	0	0	0	cross-script	Sai Services	साईं सर्विसेज	Latin	Devanagari
S1-573324644	S2-941718001	0	0	0	0	token reordering	Dermatology Clinic	CLINICDERMATOLOGY.COM	Latin	Latin
S1-363554481	S3-15174249	0	0	0	0	cross-script	Lakshmi Finance Limited	लक्ष्मी फाइनेंस लिमिटेड	Latin	Devanagari
S1-96868522	S2-926791250	0	0	0	0	abbreviation	Pediatric Dental Clinic	cdpediatric.com	Latin	Latin
S1-386676309	S3-758074190	0	0	0	0	abbreviation	Vita's Safe Coffee LLC	Ciranovi	Latin	Latin
S1-855580961	S3-783066055	0	0	0	0	severe noise / vocabulary shift	Shiva Finance Private Limited	Umbravera Sys	Latin	Latin
S1-579899515	S2-329043512	0	0	0	0	cross-script	Shyam Industries Private Limited	ಶ್ಯಾಮ್ ಇಂಡಸ್ಟ್ರೀಸ್ ಪ್ರೈವೇಟ್ ಲಿಮಿಟೆಡ್	Latin	Kannada
S1-2369997	S2-736625433	0	0	0	0	cross-script	Vision Systems Limited	விஷன் சிஸ்டம்ஸ் லிமிடெட்	Latin	Tamil
S1-752197821	S3-481414101	0	0	0	0	severe noise / vocabulary shift	Pediatric Dentistry Care Associates Inc	#pediatricdentistry	Latin	Latin
S1-380053798	S2-314089828	0	0	0	0	cross-script	Super Sunrise Enterprises Limited	सुपर सनराइज एंटरप्राइजेज लिमिटेड	Latin	Devanagari
S1-434914411	S3-184082257	0	0	0	0	severe noise / vocabulary shift	Mercantiles Educare Private Limited	Mr Drexxyloiri	Latin	Latin
S1-886700404	S2-577882497	0	0	0	0	severe noise / vocabulary shift	Summit League Inc	CENTER SUMMIT INC	Latin	Latin
S1-72652960	S3-863451259	0	0	0	0	short business name	Bpr & Co	BC	Latin	Latin
S1-520972566	S2-171624500	0	0	0	0	cross-script	Shiva Infrastructure Private Limited	शिवा इंफ्रास्ट्रक्चर प्राइवेट लिमिटेड	Latin	Devanagari
S1-249264873	S3-273814857	0	0	0	0	cross-script	Krishna Energy Private Limited	कृष्ण एनर्जी प्राइवेट लिमिटेड	Latin	Devanagari
S1-894578912	S3-150467513	0	0	0	0	cross-script	New Consultancy Private Limited	நியூ Consultancy பிரைவேட் லிமிடெட்	Latin	Tamil
S1-654453567	S3-189065009	0	0	0	0	token reordering	UM Frontier West LLC	LLC UM Fr0ntier Wt	Latin	Latin
S1-935231795	S2-862226695	0	0	0	0	cross-script	Global Logistics Private Limited	ग्लोबल लॉजिस्टिक्स प्राइवेट लिमिटेड	Latin	Devanagari
S1-801889435	S2-42205886	0	0	0	0	cross-script	Smart Care Private Limited	स्मार्ट केयर प्राइवेट लिमिटेड	Latin	Devanagari
S1-469183959	S2-472047160	0	0	0	0	cross-script	East Projects Private Limited	ইস্ট প্রজেক্টস প্রাইভেট লিমিটেড	Latin	Bengali
S1-886213628	S2-120719568	0	0	0	0	token variation	Z/A Manufacturing LLC	Z/A MUFATDCURMIG  LLC	Latin	Latin
S1-575564127	S2-619523236	0	0	0	0	cross-script	Raj Premier Solutions Private Limited	ராஜ் பிரீமியர் சொல்யூஷன்ஸ் பிரைவேட் லிமிடெட்	Latin	Tamil
S1-763572663	S2-38867108	0	0	0	0	severe noise / vocabulary shift	Pavan & Co Corp	@pávan	Latin	Latin
S1-510873908	S2-544196303	0	0	0	0	cross-script	Baba Power Private Limited	ബാബ പവർ പ്രൈവറ്റ് ലിമിറ്റഡ്	Latin	Malayalam
S1-686170445	S3-734544803	0	0	0	0	token variation	Jai Exports Private Limited	Cirasyn Sys d/b/a Jai Exports Private Limited	Latin	Latin
S1-392162365	S3-682023485	0	0	0	0	cross-script	Shyam Estate Private Limited	श्याम एस्टेट प्राइवेट लिमिटेड	Latin	Devanagari
S1-760678310	S2-733481787	0	0	0	0	cross-script	Big Industries Pvt Ltd	बिग इंडस्ट्रीज प्रा. लि.	Latin	Devanagari
S1-384494281	S3-947729703	0	0	0	0	severe noise / vocabulary shift	Ideal & Co	Nylavera	Latin	Latin
S1-476659981	S3-217177903	0	0	0	0	typo / spelling variation	Dermatology Partners Inc.	Dermatology Pártners Inc.	Latin	Latin
S1-473460610	S2-293167049	0	0	0	0	cross-script	Sun Media Private Limited	सन मीडिया प्राइवेट लिमिटेड	Latin	Devanagari
S1-112393541	S3-904935692	0	0	0	0	cross-script	Shree Constructions Private Limited	ಶ್ರೀ ಕನ್‌ಸ್ಟ್ರಕ್ಷನ್ಸ್ ಪ್ರೈವೇಟ್ ಲಿಮಿಟೆಡ್	Latin	Kannada
S1-326287850	S3-505078067	0	0	0	0	abbreviation	South Construction Private Limited	Southconstruction.Com	Latin	Latin
S1-477479691	S3-807988289	0	0	0	0	cross-script	Surya Innovative Products Private Limited	ಸೂರ್ಯ ಇನೋವೇಟಿವ್ ಪ್ರೊಡಕ್ಟ್ಸ್ ಪ್ರೈವೇಟ್ ಲಿಮಿಟೆಡ್	Latin	Kannada
S1-266984653	S3-749877863	0	0	0	0	severe noise / vocabulary shift	Metro Aura Inc.	Veradrex	Latin	Latin
S1-149000123	S2-432516071	0	0	0	0	cross-script	Future Hotel Business Private Limited	ఫ్యూచర్ హోటల్ బిజినెస్ ప్రైవేట్ లిమిటెడ్	Latin	Telugu
S1-521828058	S3-651234672	0	0	0	0	token variation	Oncology Care Associates LLC	Oncology Care LLC-Center	Latin	Latin
S1-652315195	S2-622103286	0	0	0	0	cross-script	Global Services Private Limited	ગ્લોબલ સર્વિસીસ પ્રાઇવેટ લિમિટેડ	Latin	Gujarati
S1-349826635	S2-663751750	0	0	0	0	typo / spelling variation	Foot & Ankle Associates, LLC	Foot & Aelkel Associates, LLC	Latin	Latin
S1-62345215	S3-484505122	0	0	0	0	typo / spelling variation	Sai It (India) Corp	Sai It (Ictnlid)a Corp	Latin	Latin
S1-664313965	S2-557311187	0	0	0	0	abbreviation	Resorts Education Private Limited	ARCXYLOCALO	Latin	Latin
S1-978901718	S2-192191906	0	0	0	0	severe noise / vocabulary shift	Clyance Alternative	Dóvadova	Latin	Latin
S1-880037945	S3-192288742	0	0	0	0	typo / spelling variation	American Coalition	American-Coalgihon	Latin	Latin
S1-821624881	S3-311941973	0	0	0	0	abbreviation	Family Peak Associates	associatespeakfamily.com	Latin	Latin
S1-230958647	S3-611503553	0	0	0	0	severe noise / vocabulary shift	EL Banking LLC	EL LLC Center	Latin	Latin
S1-316249805	S3-603040114	0	0	0	0	cross-script	Star Foundation Pvt Ltd	ಸ್ಟಾರ್ ಫೌಂಡೇಶನ್ Pvt Ltd	Latin	Kannada
S1-106527695	S2-667674705	0	0	0	0	cross-script	Apex Builders Private Limited	એપેક્સ બિલ્ડર્સ પ્રાઇવેટ લિમિટેડ	Latin	Gujarati
S1-442882634	S2-768760743	0	0	0	0	cross-script	Hitech International Private Limited	ಹೈಟೆಕ್ ಇಂಟರ್‌ನ್ಯಾಷನಲ್ ಪ್ರೈವೇಟ್ ಲಿಮಿಟೆಡ್	Latin	Kannada
S1-944157678	S3-381632452	0	0	0	0	numeric mismatch	Williams Holdings Group	Wi1liams Hóldings (ID: 48167)	Latin	Latin
S1-323331619	S2-791284952	0	0	0	0	cross-script	QSB Property	Viovioevo	Latin	Devanagari
S1-94391213	S2-178102907	0	0	0	0	cross-script	IO Technologies Private Limited	IO Tehoclogies Private Limited	Latin	Devanagari
S1-735958358	S2-56021066	0	0	0	0	cross-script	Future Products Pvt Ltd	ഫ്യൂച്ചർ പ്രൊഡക്ട്സ് പ്രൈവറ്റ് ലിമിറ്റഡ്	Latin	Malayalam
S1-434568747	S2-687559397	0	0	0	0	severe noise / vocabulary shift	Frontier Payment	LYRALUM	Latin	Latin
S1-149760054	S3-431460789	0	0	0	0	typo / spelling variation	Seven Public School	Seven Pugbldci  School	Latin	Latin
S1-992433899	S3-162870918	0	0	0	0	abbreviation	Zimmerman Ace Golden Inc.	zagolden.com	Latin	Latin
S1-461100273	S2-243780247	0	0	0	0	cross-script	Hitech Media LLP	హైటెక్ మీడియా ఎల్‌ఎల్‌పీ	Latin	Telugu
S1-610557349	S3-86820903	0	0	0	0	cross-script	Jain Properties Private Limited	जैन प्रॉपर्टीज प्राइवेट लिमिटेड	Latin	Devanagari
S1-519333644	S3-468019283	0	0	0	0	cross-script	North Ram Industries Private Limited	நார்த் ராம் இண்டஸ்ட்ரீஸ் பிரைவேட் லிமிடெட்	Latin	Tamil
S1-860067119	S3-368322845	0	0	0	0	typo / spelling variation	South Logistics	South Loainltics	Latin	Latin
S1-752987018	S3-172644222	0	0	0	0	cross-script	Surya Technology Private Limited	सूर्य टेक्नोलॉजी प्राइवेट लिमिटेड	Latin	Devanagari
S1-228930414	S3-82612836	0	0	0	0	typo / spelling variation	Modern Solutions Private Limited	Modern Slutiosn Private Limited	Latin	Latin
S1-885555485	S3-232558074	0	0	0	0	cross-script	Southern Foods Private Limited	સધર્ન ફૂડ્સ પ્રાઇવેટ લિમિટેડ	Latin	Gujarati
S1-973169761	S3-316490790	0	0	0	0	abbreviation	Domain Traders Ltd	Lumecto	Latin	Latin
S1-75711797	S3-527299717	0	0	0	0	cross-script	International Ventures Private Limited	इंटरनेशनल वेंचर्स प्राइवेट लिमिटेड	Latin	Devanagari
S1-485372423	S3-217101871	0	0	0	0	cross-script	Raj Brothers Private Limited	Rajbrothers.Com	Latin	Gujarati
S1-744425418	S2-491849016	0	0	0	0	cross-script	Maa Constructions Pvt Ltd	माँ कंस्ट्रक्शंस प्रा. लि.	Latin	Devanagari
S1-14251152	S2-523942618	0	0	0	0	cross-script	Ace Aditya Technologies Private Limited	एस आदित्य टेक्नोलॉजीज प्राइवेट लिमिटेड	Latin	Devanagari
S1-852449633	S3-73133293	0	0	0	0	abbreviation	Sidavue LLC	Lumiri	Latin	Latin
S1-754802648	S3-528238973	0	0	0	0	cross-script	Arihant Sai Consulting Private Limited	અરિહંત સાઈ કન્સલ્ટિંગ પ્રાઇવેટ લિમિટેડ	Latin	Gujarati
S1-696867509	S3-611495064	0	0	0	0	abbreviation	Shiva Balaji Foods Private Limited	Ectoorbi	Latin	Latin
S1-285171170	S3-108587545	0	0	0	0	cross-script	Dynamic Consultants Pvt Ltd	డైనమిక్ కన్సల్టెంట్స్ ప్రైవేట్ లిమిటెడ్	Latin	Telugu
S1-942357826	S3-17581554	0	0	0	0	cross-script	Tech Southern Global Private Limited	ಟೆಕ್ ಸದರ್ನ್ ಗ್ಲೋಬಲ್ ಪ್ರೈವೇಟ್ ಲಿಮಿಟೆಡ್	Latin	Kannada
S1-819870248	S3-400544521	0	0	0	0	typo / spelling variation	Dermatology Desert Center LLC	dermatologydesertcenter.com	Latin	Latin
S1-229080238	S2-533470170	0	0	0	0	cross-script	Hari Om Infra Private Limited	हरि ॐ इंफ्रा प्राइवेट लिमिटेड	Latin	Devanagari
S1-23070790	S2-4903444	0	0	0	0	cross-script	Swastik Food Pvt Ltd	ಸ್ವಸ್ತಿಕ್ ಫುಡ್ ಪ್ರೈವೇಟ್ ಲಿಮಿಟೆಡ್	Latin	Kannada
S1-123777043	S2-309721187	0	0	0	0	cross-script	Supreme Products Private Limited	Supreme Prdeucns Private Limited	Latin	Kannada
S1-607575897	S3-352684443	0	0	0	0	cross-script	Raj Jay Management Private Limited	राज जय मैनेजमेंट प्राइवेट लिमिटेड	Latin	Devanagari
S1-936435895	S3-121624818	0	0	0	0	cross-script	Smart Business	स्मार्ट बिजनेस	Latin	Devanagari
S1-246095708	S2-481670813	0	0	0	0	typo / spelling variation	Universal Global Pvt Ltd	universa1 glóbal pvt [ltd]	Latin	Latin
S1-436044635	S2-175987506	0	0	0	0	severe noise / vocabulary shift	Best Hospital	Best Center	Latin	Latin
S1-444509559	S2-808115995	0	0	0	0	cross-script	My Enterprises Private Limited	माय एंटरप्राइजेज प्राइवेट लिमिटेड	Latin	Devanagari
S1-624067828	S2-615336631	0	0	0	0	severe noise / vocabulary shift	Oncology Physicians LLC	Services Oncology-LLC Services	Latin	Latin
S1-847092303	S3-671013434	0	0	0	0	cross-script	Al Food Private Limited	अल फूड प्राइवेट लिमिटेड	Latin	Devanagari
S1-597346838	S3-276241298	0	0	0	0	cross-script	Green Care Private Limited	Green Care प्राइवेट लिमिटेड	Latin	Devanagari
S1-986239453	S3-811759602	0	0	0	0	abbreviation	Shivam South Foundation Private Limited	shivams0uthfoundation.com	Latin	Latin
S1-517812587	S2-985898740	0	0	0	0	typo / spelling variation	Mumbai Advisors Pvt. Ltd.	Mumbai Avdsoocs-Pvt. Ltd.	Latin	Latin
S1-638817250	S3-891502252	0	0	0	0	short business name	Preferred Integrated Hyperliquid	PIH	Latin	Latin
S1-923618272	S3-684241480	0	0	0	0	numeric mismatch	Ear Nose & Throat Partners LLC	Ear Nose & Throat  Partners LLC Commission	Latin	Latin
S1-206820956	S3-659577894	0	0	0	0	abbreviation	Estele Davis Environmental Services	deenvironmental.com	Latin	Latin
S1-305085258	S3-198038612	0	0	0	0	token reordering	Shiva Team Private Limited	Private Shiva Tlahtm [Limited]	Latin	Latin
S1-601616683	S3-763491714	0	0	0	0	severe noise / vocabulary shift	Interstate Society PC	5ervices Interstate PC	Latin	Latin
S1-57478498	S2-9954069	0	0	0	0	cross-script	Sun Consultancy Private Limited	ಸನ್ ಕನ್ಸಲ್ಟೆನ್ಸಿ ಪ್ರೈವೇಟ್ ಲಿಮಿಟೆಡ್	Latin	Kannada
S1-41449586	S3-487685741	0	0	0	0	abbreviation	Fresh Engineering Innovations LLC	Irijax	Latin	Latin
S1-575564127	S3-320568480	0	0	0	0	cross-script	Raj Premier Solutions Private Limited	Raj பிரீமியர் சொல்யூஷன்ஸ் பிரைவேட் லிமிடெட்	Latin	Tamil
S1-819325787	S2-900457669	0	0	0	0	cross-script	Red Investment Private Limited	privateinvestmentred.com	Latin	Gujarati
S1-334848612	S3-356677671	0	0	0	0	cross-script	Shree Consultants Private Limited	Shree कंसल्टेंट्स प्राइवेट लिमिटेड	Latin	Devanagari
S1-962235681	S2-85215050	0	0	0	0	token variation	Youth Association	Youth Aiarin	Latin	Latin
S1-886317327	S2-827958617	0	0	0	0	cross-script	Indo Investments Private Limited	इंडो इन्वेस्टमेंट्स प्राइवेट लिमिटेड	Latin	Devanagari
S1-550006050	S2-246565354	0	0	0	0	abbreviation	Gardener Iron Works	Syniricalo	Latin	Latin
S1-44475187	S2-547347408	0	0	0	0	cross-script	Seven Estate Private Limited	സെവൻ എസ്റ്റേറ്റ് പ്രൈവറ്റ് ലിമിറ്റഡ്	Latin	Malayalam
S1-969544136	S3-326192214	0	0	0	0	cross-script	Indo Dynamic Consulting Private Limited	इंडो डायनामिक कंसल्टिंग प्राइवेट लिमिटेड	Latin	Devanagari
S1-681503909	S2-360552516	0	0	0	0	cross-script	Baba Energy Private Limited	बाबा एनर्जी प्राइवेट लिमिटेड	Latin	Devanagari
S1-95901522	S3-735725480	0	0	0	0	token variation	West Institute of Technology Inc	West Institute Of	Latin	Latin
S1-594211942	S3-613337557	0	0	0	0	typo / spelling variation	Jay Technology	Jay [Techno1ogy]	Latin	Latin
S1-79503963	S3-43150461	0	0	0	0	cross-script	Beniwal Services Limited	Fayenovi	Latin	Devanagari
S1-570483833	S2-863511590	0	0	0	0	cross-script	Sun Consultancy Private Limited	ಸನ್ ಕನ್ಸಲ್ಟೆನ್ಸಿ ಪ್ರೈವೇಟ್ ಲಿಮಿಟೆಡ್	Latin	Kannada
S1-106527695	S3-49343918	0	0	0	0	cross-script	Apex Builders Private Limited	એપેક્સ બિલ્ડર્સ પ્રાઇવેટ લિમિટેડ	Latin	Gujarati
S1-376176068	S2-221961624	0	0	0	0	cross-script	Guru Finance Limited	గురు ఫైనాన్స్ లిమిటెడ్	Latin	Telugu
S1-385498297	S3-472154472	0	0	0	0	typo / spelling variation	Allied Imperii, LLC	Allied Ipmeerri, LLC	Latin	Latin
S1-801089175	S3-108529293	0	0	0	0	severe noise / vocabulary shift	Green Office LLC	Green  LLC Center	Latin	Latin
S1-968627228	S2-244254055	0	0	0	0	cross-script	Dynamic Projects Pvt Ltd	डायनामिक प्रोजेक्ट्स प्रा. लि.	Latin	Devanagari
S1-316249805	S2-504192355	0	0	0	0	cross-script	Star Foundation Pvt Ltd	ಸ್ಟಾರ್ ಫೌಂಡೇಶನ್ ಪ್ರೈವೇಟ್ ಲಿಮಿಟೆಡ್	Latin	Kannada
S1-343025878	S3-766382477	0	0	0	0	typo / spelling variation	Global Coalition	G1obal Cóalition	Latin	Latin
S1-886213628	S2-159449252	0	0	0	0	typo / spelling variation	Z/A Manufacturing LLC	Z/A Manufamturidn  LLC	Latin	Latin
S1-7260384	S2-731513863	0	0	0	0	typo / spelling variation	Shree Foundation	Shree Fóundation	Latin	Latin
S1-965825653	S2-665627	0	0	0	0	cross-script	Al Ventures Private Limited	அல் வென்ச்சர்ஸ் பிரைவேட் லிமிடெட்	Latin	Tamil
S1-208210530	S2-339933957	0	0	0	0	abbreviation	Shree Nursing Home	SHREEHOMENURSING.COM	Latin	Latin
S1-863398350	S3-932333311	0	0	0	0	cross-script	Global Technology Private Limited	ग्लोबल टेक्नोलॉजी प्राइवेट लिमिटेड	Latin	Devanagari
S1-914225152	S3-245823466	0	0	0	0	typo / spelling variation	Ear Nose & Throat Royal Care Group	Ear Nóse & Throat Royal Care Group	Latin	Latin
S1-93815121	S2-432897144	0	0	0	0	abbreviation	Panna Certification Private Limited	pcprivate.com	Latin	Latin
S1-311890962	S2-96604840	0	0	0	0	cross-script	Southern Consulting Pvt Ltd	সাউদার্ন Consulting Pvt Ltd	Latin	Bengali
S1-14823286	S2-621478239	0	0	0	0	cross-script	Green Bharat Constructions Private Limited	ग्रीन भारत कंस्ट्रक्शंस प्राइवेट लिमिटेड	Latin	Devanagari
S1-664844877	S2-153228298	0	0	0	0	numeric mismatch	Al Healthcare Private Limited	... Al Healthcare Private (ID: 77164)	Latin	Latin
S1-998778055	S2-748603394	0	0	0	0	typo / spelling variation	National Initiative P.C.	National Iniaiiative P.C.	Latin	Latin
S1-408555590	S3-216922324	0	0	0	0	token variation	Animal Welfare Network	Animal Wialffer (Network)	Latin	Latin
S1-363645442	S3-151441161	0	0	0	0	typo / spelling variation	Cardiology Center	Cardiology Cénter	Latin	Latin
S1-428852641	S2-281427089	0	0	0	0	cross-script	Ram Technologies LLP	राम टेक्नोलॉजीज एलएलपी	Latin	Devanagari
S1-160679916	S3-910316520	0	0	0	0	cross-script	South Consulting Pvt Ltd	साउथ कंसल्टिंग प्रा. लि.	Latin	Devanagari
S1-829133582	S3-744984105	0	0	0	0	typo / spelling variation	Total Earth	T0tal éarth	Latin	Latin
S1-684172442	S3-19758282	0	0	0	0	cross-script	Southern Constructions Private Limited	सदर्न कंस्ट्रक्शंस प्राइवेट लिमिटेड	Latin	Devanagari
S1-28262274	S2-593125558	0	0	0	0	typo / spelling variation	Overseas Research Pvt Ltd	Overseas Resaerah Pvt Ltd	Latin	Latin
S1-898866920	S3-814488828	0	0	0	0	numeric mismatch	Northern Summit Regency	Northern Súmmit	Latin	Latin
S1-442637152	S2-872190079	0	0	0	0	cross-script	Silver Care Private Limited	सिल्वर केयर प्राइवेट लिमिटेड	Latin	Devanagari
S1-614060557	S3-598266560	0	0	0	0	cross-script	Jay Infra	जय इंफ्रा	Latin	Devanagari
S1-757474281	S3-924975395	0	0	0	0	severe noise / vocabulary shift	West Staffing Inc	West Inc Partners	Latin	Latin
S1-208210530	S3-417676179	0	0	0	0	severe noise / vocabulary shift	Shree Nursing Home	Shree Home Service	Latin	Latin
S1-122714678	S2-915601378	0	0	0	0	abbreviation	Cantu Quality Berto LLC	cántuqualityberto.com	Latin	Latin
S1-53582980	S3-937303316	0	0	0	0	missing address	Shiv Impex LLP	Shiv Iemx LLP	Latin	Latin
S1-629458353	S3-318533776	0	0	0	0	abbreviation	Pediatric Specialists of Town Of Dellona	pstown.com	Latin	Latin
S1-442637152	S3-57813578	0	0	0	0	cross-script	Silver Care Private Limited	सिल्वर केयर प्राइवेट लिमिटेड	Latin	Devanagari
S1-325316719	S3-438307499	0	0	0	0	abbreviation	Sarasiya India Limited	Arcsolio	Latin	Latin
S1-517322263	S2-191546091	0	0	0	0	cross-script	Shivam Foods LLP	शिवम फूड्स एलएलपी	Latin	Devanagari
S1-238093217	S3-847723982	0	0	0	0	severe noise / vocabulary shift	National Guild	Ectoxylowex Formerly National Guild	Latin	Latin
S1-914225152	S2-333723280	0	0	0	0	typo / spelling variation	Ear Nose & Throat Royal Care Group	Ear Nose & Tnct Royal Care Group	Latin	Latin
S1-458305883	S2-144282992	0	0	0	0	cross-script	Al Lakshmi Infotech Private Limited	अल लक्ष्मी इंफोटेक प्राइवेट लिमिटेड	Latin	Devanagari
S1-112393541	S3-76861612	0	0	0	0	cross-script	Shree Constructions Private Limited	ಶ್ರೀ ಕನ್‌ಸ್ಟ್ರಕ್ಷನ್ಸ್ ಪ್ರೈವೇಟ್ ಲಿಮಿಟೆಡ್	Latin	Kannada
S1-690833669	S2-636040293	0	0	0	0	abbreviation	Ear Nose & Throat Health Corp	earnose.com	Latin	Latin
S1-671230362	S2-986956706	0	0	0	0	severe noise / vocabulary shift	Family Partners LLC	Family LLC Services	Latin	Latin
S1-969994160	S2-136255392	0	0	0	0	cross-script	Great Developers Pvt Ltd	ग्रेट डेवलपर्स प्रा. लि.	Latin	Devanagari
S1-379790397	S2-218104490	0	0	0	0	severe noise / vocabulary shift	Bright Investment Pvt Ltd	Ltd Bright Pvt Partners	Latin	Latin
S1-9351477	S3-290585187	0	0	0	0	cross-script	Lotus Technologies Private Limited	लोटस टेक्नोलॉजीज प्राइवेट लिमिटेड	Latin	Devanagari
S1-597346838	S2-180754750	0	0	0	0	cross-script	Green Care Private Limited	ग्रीन केयर प्राइवेट लिमिटेड	Latin	Devanagari
S1-767948269	S3-541183617	0	0	0	0	abbreviation	Green Software Private Limited	greensoftware.com	Latin	Latin
S1-328894514	S2-854949250	0	0	0	0	severe noise / vocabulary shift	Pediatric Dental Health Associates	Pediatric Déntal	Latin	Latin
S1-982925202	S3-973648499	0	0	0	0	cross-script	Unique My Consulting Private Limited	यूनिक माय कंसल्टिंग प्राइवेट लिमिटेड	Latin	Devanagari
S1-590954081	S3-983748222	0	0	0	0	token variation	Ear Nose & Throat Clinic	Gilddrex t/a Ear Nose & Throat Clinic	Latin	Latin
S1-935119903	S2-825991277	0	0	0	0	cross-script	Precision Brothers Private Limited	Sri Precision Bróthers	Latin	Devanagari
S1-98898527	S2-657512424	0	0	0	0	cross-script	Sunrise Impex Pvt Ltd	सनराइज इम्पेक्स प्रा. लि.	Latin	Devanagari
S1-453941962	S2-990867255	0	0	0	0	cross-script	Real Developers	রিয়েল ডেভেলপারস	Latin	Bengali
S1-553537343	S3-443396291	0	0	0	0	typo / spelling variation	East Liquidity	East Lquiiity	Latin	Latin
S1-79468405	S2-974925470	0	0	0	0	severe noise / vocabulary shift	Great Products Private Limited	ଗ୍ରେଟ୍ ପ୍ରୋଡକ୍ଟସ୍ ପ୍ରାଇଭେଟ୍ ଲିମିଟେଡ୍	Latin	Latin
S1-414260962	S2-142935517	0	0	0	0	cross-script	Galaxy Galaxy Technology Pvt Ltd	ಗ್ಯಾಲಕ್ಸಿ ಗ್ಯಾಲಕ್ಸಿ ಟೆಕ್ನಾಲಜಿ ಪ್ರೈವೇಟ್ ಲಿಮಿಟೆಡ್	Latin	Kannada
S1-953760777	S3-54847148	0	0	0	0	typo / spelling variation	Arihant Logistics Private Limited	Arihant Lgoggitsics Private Limited	Latin	Latin
S1-532934978	S2-518872911	0	0	0	0	token variation	Cardiology All Group LLC	CARDIOLOGY GRÓUP LLC [CENTER]	Latin	Latin
S1-989244809	S2-876122051	0	0	0	0	cross-script	Red Logistics Private Limited	রেড লজিস্টিকস প্রাইভেট লিমিটেড	Latin	Bengali
S1-543648021	S3-337122298	0	0	0	0	cross-script	Lotus Ventures Private Limited	लोटस वेंचर्स प्राइवेट लिमिटेड	Latin	Devanagari
S1-283697996	S3-979884440	0	0	0	0	severe noise / vocabulary shift	Metro Ventures Partners	Metro Ventures [Services] - 4645198881	Latin	Latin
S1-755601675	S2-763021101	0	0	0	0	cross-script	Smart Foods Private Limited	સ્માર્ટ ફૂડ્સ પ્રાઇવેટ લિમિટેડ	Latin	Gujarati
S1-794578932	S3-589212468	0	0	0	0	severe noise / vocabulary shift	Laxmi Jay Constructions Private Limited	ଲକ୍ଷ୍ମୀ ଜୟ କନଷ୍ଟ୍ରକସନ୍ସ୍ ପ୍ରାଇଭେଟ୍ ଲିମିଟେଡ୍	Latin	Latin
S1-582002415	S3-861688005	0	0	0	0	cross-script	United Dynamic Business Private Limited	யுனைடெட் Dynamic பிசினஸ் பிரைவேட் லிமிடெட்	Latin	Tamil
S1-552493378	S2-560658106	0	0	0	0	severe noise / vocabulary shift	Ship Brothers Limited	5hip Limited Center	Latin	Latin
S1-394441564	S2-989093174	0	0	0	0	severe noise / vocabulary shift	Ramirez Services	>> ORBIXYLO	Latin	Latin
S1-949153727	S2-992491212	0	0	0	0	cross-script	Golden Finance Private Limited	गोल्डन फाइनेंस प्राइवेट लिमिटेड	Latin	Devanagari
S1-527448977	S3-506157779	0	0	0	0	short business name	Pnj & Co	PC	Latin	Latin
S1-10984020	S3-58586733	0	0	0	0	typo / spelling variation	Pediatric Dentistry Center	Pediatric  Dotitsry Center	Latin	Latin
S1-35676890	S3-232033743	0	0	0	0	cross-script	Galaxy Products Private Limited	ಗ್ಯಾಲಕ್ಸಿ ಪ್ರೊಡಕ್ಟ್ಸ್ ಪ್ರೈವೇಟ್ ಲಿಮಿಟೆಡ್	Latin	Kannada
S1-825045389	S2-425925238	0	0	0	0	abbreviation	Commission on Environmental Protection	commissionon.com	Latin	Latin
S1-278865681	S2-149690520	0	0	0	0	short business name	Sitzes Beacon Food Inc	SBF	Latin	Latin
S1-595581241	S3-656216653	0	0	0	0	abbreviation	T K & E Signs Co	Kt.Com	Latin	Latin
S1-353887747	S2-473006785	0	0	0	0	severe noise / vocabulary shift	Brooks Rocky Hawk Partners	Quocalo	Latin	Latin
S1-873464752	S2-86901649	0	0	0	0	severe noise / vocabulary shift	Physical Therapy Clinic LLC	MIRASYN	Latin	Latin
S1-558589765	S2-296726936	0	0	0	0	typo / spelling variation	Colonial Program	Colonial Ptrrgam	Latin	Latin
S1-399120002	S3-549376269	0	0	0	0	numeric mismatch	Surgical Group	Surgical (Ínc)	Latin	Latin
S1-879410932	S2-801937487	0	0	0	0	cross-script	Global Lotus Infra	ग्लोबल लोटस इंफ्रा	Latin	Devanagari
S1-50990433	S2-918185258	0	0	0	0	cross-script	Raj Services	राज सर्विसेज	Latin	Devanagari
S1-331113741	S2-949344104	0	0	0	0	typo / spelling variation	Empire Center	Empire Cntr	Latin	Latin
S1-734419252	S2-438052301	0	0	0	0	cross-script	Apex Consulting Private Limited	ఏపెక్స్ కన్సల్టింగ్ ప్రైవేట్ లిమిటెడ్	Latin	Telugu
S1-506472762	S3-658459618	0	0	0	0	abbreviation	Geneva Good Superior Northwest Center	Ggsuperior.Com	Latin	Latin
S1-356264091	S2-263754960	0	0	0	0	severe noise / vocabulary shift	West Auto Sales	West Auto (ID: 95108)	Latin	Latin
S1-898656588	S3-347577525	0	0	0	0	severe noise / vocabulary shift	Ss Foundation	Ectoirivantage dba Ss Foundation	Latin	Latin
S1-76670484	S2-751789395	0	0	0	0	cross-script	Maa Systems Private Limited	मां सिस्टम्स प्राइवेट लिमिटेड	Latin	Devanagari
S1-44711103	S2-437380617	0	0	0	0	cross-script	Maa Innovative Infra Pvt Ltd	माँ इनोवेटिव इंफ्रा प्रा. लि.	Latin	Devanagari
S1-795343601	S3-125352065	0	0	0	0	severe noise / vocabulary shift	Brito Properties, LLC	Nylasyn	Latin	Latin
S1-288934190	S2-494239355	0	0	0	0	abbreviation	Nelson, Verena G., Esq.	NVG.CÓM	Latin	Latin
S1-786439272	S2-170830600	0	0	0	0	cross-script	Eastern Enterprises Private Limited	ಈಸ್ಟರ್ನ್ ಎಂಟರ್‌ಪ್ರೈಸಸ್ ಪ್ರೈವೇಟ್ ಲಿಮಿಟೆಡ್	Latin	Kannada
S1-427454487	S3-364923446	0	0	0	0	severe noise / vocabulary shift	Soden Ventures P.C.	5oden P.C. Services	Latin	Latin
S1-746190904	S2-256085535	0	0	0	0	cross-script	Good Jain Solutions Pvt Ltd	गुड जैन सॉल्यूशंस प्रा. लि.	Latin	Devanagari
S1-595581241	S3-362718543	0	0	0	0	abbreviation	T K & E Signs Co	tke.com	Latin	Latin
S1-214592864	S2-572447849	0	0	0	0	cross-script	Shiva Investment Private Limited	சிவா இன்வெஸ்ட்மெண்ட் பிரைவேட் லிமிடெட்	Latin	Tamil
S1-780466294	S2-594112982	0	0	0	0	abbreviation	TJY Leasing Private Limited	tlprivate.com	Latin	Latin
S1-290353753	S2-278158635	0	0	0	0	cross-script	Classic Impex Private Limited	ക്ലാസിക് ഇംപെക്സ് പ്രൈവറ്റ് ലിമിറ്റഡ്	Latin	Malayalam
S1-861183527	S3-556384555	0	0	0	0	cross-script	Urban Finance Pvt Ltd	अर्बन फाइनेंस प्रा. लि.	Latin	Devanagari
S1-641840687	S3-17837514	0	0	0	0	cross-script	Silver Tech Private Limited	સિલ્વર ટેક પ્રાઇવેટ લિમિટેડ	Latin	Gujarati
S1-926168933	S2-382095038	0	0	0	0	cross-script	Blue Impex Private Limited	ब्लू इम्पेक्स प्राइवेट लिमिटेड	Latin	Devanagari
S1-41259778	S2-24619326	0	0	0	0	typo / spelling variation	Oncology Care	@oncologycare	Latin	Latin
S1-671721392	S2-931429736	0	0	0	0	cross-script	Shyam It Private Limited	ஷ்யாம் ஐடி பிரைவேட் லிமிடெட்	Latin	Tamil
S1-949791931	S2-606206404	0	0	0	0	cross-script	Fortune Dream Builders Private Limited	फॉर्च्यून ड्रीम बिल्डर्स प्राइवेट लिमिटेड	Latin	Devanagari
S1-156659889	S2-277959004	0	0	0	0	severe noise / vocabulary shift	Allied Illinois Inc	Allied Inc (Services)	Latin	Latin
S1-47616992	S2-469499430	0	0	0	0	cross-script	Future Infra LLP	ఫ్యూచర్ ఇన్‌ఫ్రా ఎల్‌ఎల్‌పీ	Latin	Telugu
S1-605921047	S2-449574465	0	0	0	0	severe noise / vocabulary shift	Lakshmi Infrastructure Private Limited	LAKSHMI PRIVATE LIMITED CENTER	Latin	Latin
S1-801889435	S2-793514044	0	0	0	0	cross-script	Smart Care Private Limited	स्मार्ट केयर प्राइवेट लिमिटेड	Latin	Devanagari
S1-755601675	S3-236710395	0	0	0	0	cross-script	Smart Foods Private Limited	સ્માર્ટ ફૂડ્સ પ્રાઇવેટ લિમિટેડ	Latin	Gujarati
S1-983979134	S3-528931230	0	0	0	0	cross-script	Southern Ace Constructions Private Limited	সাউদার্ন এইস কনস্ট্রাকশনস প্রাইভেট লিমিটেড	Latin	Bengali
S1-10468395	S2-262035953	0	0	0	0	cross-script	Best Foundation Private Limited	बेस्ट फाउंडेशन प्राइवेट लिमिटेड	Latin	Devanagari
S1-686272156	S3-930276547	0	0	0	0	typo / spelling variation	Patriot Program	Patriot Pmgoam	Latin	Latin
S1-200673271	S3-264332141	0	0	0	0	cross-script	Super Business Private Limited	सुपर बिजनेस प्राइवेट लिमिटेड	Latin	Devanagari
S1-545007722	S3-205436789	0	0	0	0	cross-script	Ss Infrastructure Pvt Ltd	Ss ઇન્ફ્રાસ્ટ્રક્ચર પ્રા. લિ.	Latin	Gujarati
S1-566722568	S2-831730732	0	0	0	0	cross-script	City Technologies Private Limited	सिटी टेक्नोलॉजीज प्राइवेट लिमिटेड	Latin	Devanagari
S1-159025738	S2-649405766	0	0	0	0	cross-script	Blue Hospitality Private Limited	ब्लू हॉस्पिटैलिटी प्राइवेट लिमिटेड	Latin	Devanagari
S1-652315195	S3-603530217	0	0	0	0	cross-script	Global Services Private Limited	Global સર્વિસીસ Private Limited	Latin	Gujarati
S1-969544136	S2-960517892	0	0	0	0	cross-script	Indo Dynamic Consulting Private Limited	इंडो डायनामिक कंसल्टिंग प्राइवेट लिमिटेड	Latin	Devanagari
S1-824530419	S3-513319267	0	0	0	0	cross-script	Hari Tech Private Limited	ஹரி டெக் பிரைவேட் லிமிடெட்	Latin	Tamil
S1-673356401	S3-816115410	0	0	0	0	cross-script	Pioneer Shree Projects	पायोनियर श्री प्रोजेक्ट्स	Latin	Devanagari
S1-990551891	S3-297370743	0	0	0	0	token variation	Federal Toyo	-- Federal Tóyo	Latin	Latin
S1-201686223	S2-374211797	0	0	0	0	cross-script	Indo Impex Limited	इंडो इम्पेक्स लिमिटेड	Latin	Devanagari
S1-725696322	S3-151443972	0	0	0	0	cross-script	Golden Developers Private Limited	கோல்டன் டெவலப்பர்ஸ் பிரைவேட் லிமிடெட்	Latin	Tamil
S1-322699362	S3-357489430	0	0	0	0	typo / spelling variation	Frontier Agnc LLC	Frontier Acn  LLC	Latin	Latin
S1-826209313	S3-728563718	0	0	0	0	short business name	Empire Holding Company LLC	EHC	Latin	Latin
S1-463566852	S3-341804481	0	0	0	0	cross-script	New Infrastructure Limited	New Limited Center	Latin	Kannada
S1-295105184	S2-690588958	0	0	0	0	typo / spelling variation	Atlantic Committee V	At1antic Commetstee V	Latin	Latin
S1-937164631	S3-661333647	0	0	0	0	short business name	Twisted Auto Body	TAB	Latin	Latin
S1-408555590	S2-519665347	0	0	0	0	abbreviation	Animal Welfare Network	AWNETWORK.COM	Latin	Latin
S1-376668820	S2-4076355	0	0	0	0	cross-script	Best Marketing Private Limited	ಬೆಸ್ಟ್ ಮಾರ್ಕೆಟಿಂಗ್ ಪ್ರೈವೇಟ್ ಲಿಮಿಟೆಡ್	Latin	Kannada
S1-435996370	S2-626940526	0	0	0	0	cross-script	Indian Global Private Limited	इंडियन ग्लोबल प्राइवेट लिमिटेड	Latin	Devanagari
S1-252889479	S2-142259238	0	0	0	0	cross-script	Royal Trading Private Limited	റോയൽ ട്രേഡിംഗ് പ്രൈവറ്റ് ലിമിറ്റഡ്	Latin	Malayalam
S1-252483164	S2-474563162	0	0	0	0	cross-script	Eastern Foundation Private Limited	ईस्टर्न फाउंडेशन प्राइवेट लिमिटेड	Latin	Devanagari
S1-460161707	S2-130521828	0	0	0	0	cross-script	Balaji Projects Limited	ಬಾಲಾಜಿ ಪ್ರಾಜೆಕ್ಟ್ಸ್ ಲಿಮಿಟೆಡ್	Latin	Kannada
S1-470322716	S3-527024190	0	0	0	0	abbreviation	Flint LP	[LP] Flihhnt	Latin	Latin
S1-118314079	S3-707015641	0	0	0	0	cross-script	Tech International Private Limited	टेक इंटरनेशनल प्राइवेट लिमिटेड	Latin	Devanagari
S1-927463860	S3-976024183	0	0	0	0	cross-script	Vision Hospitality LLP	ವಿಷನ್ ಹಾಸ್ಪಿಟಾಲಿಟಿ ಎಲ್ಎಲ್‌ಪಿ	Latin	Kannada
S1-435458795	S2-523959830	0	0	0	0	typo / spelling variation	Community Program PLLC	Community Poagdrm-PLLC	Latin	Latin
S1-779629365	S3-385284531	0	0	0	0	cross-script	Future Hospitality Private Limited	फ्यूचर हॉस्पिटैलिटी प्राइवेट लिमिटेड	Latin	Devanagari
S1-902227224	S2-154900704	0	0	0	0	cross-script	Hotel Builders Private Limited	होटल बिल्डर्स प्राइवेट लिमिटेड	Latin	Devanagari
S1-117592532	S3-884301237	0	0	0	0	abbreviation	Urology Gulf Group	urologygulfgroup.com	Latin	Latin
S1-605716148	S2-451316535	0	0	0	0	severe noise / vocabulary shift	Future Agro Private Limited	ଫ୍ୟୁଚର୍ ଆଗ୍ରୋ ପ୍ରାଇଭେଟ୍ ଲିମିଟେଡ୍	Latin	Latin
S1-316700060	S3-899153220	0	0	0	0	typo / spelling variation	Cardiology Value Clinic LLC	cardiologyvalueclinic.com	Latin	Latin
S1-728167460	S2-204259659	0	0	0	0	cross-script	South Trading LLP	ಸೌತ್ ಟ್ರೇಡಿಂಗ್ ಎಲ್ಎಲ್‌ಪಿ	Latin	Kannada
S1-219692570	S3-390701234	0	0	0	0	abbreviation	Pediatric Interstate Care Associates	Pediatricinterstatecare.Com	Latin	Latin
S1-179140121	S3-384774398	0	0	0	0	cross-script	My It Pvt Ltd	माय आईटी प्रा. लि.	Latin	Devanagari
S1-147553636	S3-925648183	0	0	0	0	cross-script	White Dream Services	व्हाइट ड्रीम सर्विसेज	Latin	Devanagari
S1-349826635	S2-615525676	0	0	0	0	typo / spelling variation	Foot & Ankle Associates, LLC	Foot & Ánkle Associates, LLC	Latin	Latin
S1-686170445	S2-356541391	0	0	0	0	cross-script	Jai Exports Private Limited	जय एक्सपोर्ट्स प्राइवेट लिमिटेड	Latin	Devanagari
S1-825895489	S3-3635504	0	0	0	0	severe noise / vocabulary shift	Peak Secure Pearl LLC	Dovawex	Latin	Latin
S1-185339767	S2-137667006	0	0	0	0	severe noise / vocabulary shift	Metro Foundation	Metro Services	Latin	Latin
S1-669325825	S3-159095313	0	0	0	0	cross-script	United It Limited	यूनाइटेड आईटी लिमिटेड	Latin	Devanagari
S1-290992676	S2-373867004	0	0	0	0	cross-script	One Impex Private Limited	વન ઇમ્પેક્સ પ્રાઇવેટ લિમિટેડ	Latin	Gujarati
S1-438475025	S3-59260048	0	0	0	0	token variation	Zephyr PC	Zteiyhr PC	Latin	Latin
S1-159025738	S3-312433552	0	0	0	0	cross-script	Blue Hospitality Private Limited	ब्लू हॉस्पिटैलिटी प्राइवेट लिमिटेड	Latin	Devanagari
S1-452195318	S2-227963584	0	0	0	0	cross-script	Future Power Private Limited	ఫ్యూచర్ Power ప్రైవేట్ లిమిటెడ్	Latin	Telugu
S1-282697380	S3-748239786	0	0	0	0	abbreviation	Paras Finserv Limited	Shri Ectocira	Latin	Latin
S1-5777509	S2-383041511	0	0	0	0	severe noise / vocabulary shift	C & G Constellation LLC	C + G Cónstllirln0 LLC - 8539278029	Latin	Latin
S1-942927206	S3-649057003	0	0	0	0	cross-script	Vision Enterprises Private Limited	विजन एंटरप्राइजेज प्राइवेट लिमिटेड	Latin	Devanagari
S1-604620177	S2-744767347	0	0	0	0	cross-script	Tirupati Best Constructions LLP	तिरुपति बेस्ट कंस्ट्रक्शंस एलएलपी	Latin	Devanagari
S1-516263583	S3-500164329	0	0	0	0	cross-script	New Hari Investments Private Limited	న్యూ హరి ఇన్వెస్ట్‌మెంట్స్ ప్రైవేట్ లిమిటెడ్	Latin	Telugu
S1-723104568	S3-92283042	0	0	0	0	cross-script	All Consultancy Limited	ऑल कंसल्टेंसी लिमिटेड	Latin	Devanagari
S1-394077940	S2-767447387	0	0	0	0	cross-script	South Energy	சவுத் எனர்ஜி	Latin	Tamil
S1-29202373	S3-876260808	0	0	0	0	short business name	Fortune Exports Limited	FE	Latin	Latin
S1-718006993	S2-782244770	0	0	0	0	abbreviation	Chand Vision	M/s CVISION.COM	Latin	Latin
S1-433414973	S2-372207114	0	0	0	0	cross-script	Al Shiv Power Private Limited	Al Shiv ಪವರ್ ಪ್ರೈವೇಟ್ ಲಿಮಿಟೆಡ್	Latin	Kannada
S1-997377040	S3-181030778	0	0	0	0	abbreviation	Sarathy Vidyalaya	Dovaorbiveo	Latin	Latin
S1-37515586	S3-330956555	0	0	0	0	cross-script	Blue Hotel Management Pvt Ltd	ब्लू होटल मैनेजमेंट प्रा. लि.	Latin	Devanagari
S1-396300332	S3-606423108	0	0	0	0	typo / spelling variation	HH International Limited	HH Inetrnatbioanl Limited	Latin	Latin
S1-446467788	S2-794519194	0	0	0	0	cross-script	High Developers Private Limited	ஹை டெவலப்பர்ஸ் பிரைவேட் லிமிடெட்	Latin	Tamil
S1-669182455	S3-290016978	0	0	0	0	cross-script	Hari Business Private Limited	हरि बिजनेस प्राइवेट लिमिटेड	Latin	Devanagari
S1-97059024	S3-303551834	0	0	0	0	cross-script	Al Technology	Sri Ál-Tcemhnlooyg	Latin	Devanagari
S1-573303469	S2-119100698	0	0	0	0	severe noise / vocabulary shift	Vision Care Associates	LUMARCECTO	Latin	Latin
S1-935727990	S2-576233200	0	0	0	0	typo / spelling variation	Construction Shiva Solutions LLP	C0NSTRUCTIONSHIVASOLUTIONSCOM	Latin	Latin
S1-159025738	S3-569388500	0	0	0	0	short business name	Blue Hospitality Private Limited	Blue	Latin	Latin
S1-462144817	S2-195366695	0	0	0	0	token variation	Provue LLC	PRBGVSIE LLC	Latin	Latin
S1-274085128	S2-824150977	0	0	0	0	abbreviation	Ip & Sons LLP	ipsons.com	Latin	Latin
S1-426678992	S3-981828493	0	0	0	0	severe noise / vocabulary shift	Orthopedic Center Inc	Nexiri doing business as Orthopedic Center Inc	Latin	Latin
S1-687794573	S3-701511731	0	0	0	0	cross-script	Global Finance Pvt Ltd	Global फाइनेंस प्रा. लि.	Latin	Devanagari
S1-59876637	S3-872208549	0	0	0	0	typo / spelling variation	Urology Clinic	Urology (Climnc)	Latin	Latin
S1-385741670	S2-617401133	0	0	0	0	token variation	St. Israel	St. Iesdlel	Latin	Latin
S1-195714423	S3-786373605	0	0	0	0	severe noise / vocabulary shift	Work Shiv Pvt Ltd	Ectodelta	Latin	Latin
S1-44138416	S2-246308963	0	0	0	0	abbreviation	Dermatology Partners LLC	ptrdermatology.com	Latin	Latin
S1-997377040	S2-605811037	0	0	0	0	abbreviation	Sarathy Vidyalaya	VSARATHY.COM	Latin	Latin
S1-527557330	S2-328632551	0	0	0	0	cross-script	Guru Products	গুরু প্রোডাক্টস	Latin	Bengali
S1-781327588	S3-236136346	0	0	0	0	token variation	Vision Group	Vision Gróup Service	Latin	Latin
S1-44138416	S2-227919407	0	0	0	0	typo / spelling variation	Dermatology Partners LLC	dermatologypartners.com	Latin	Latin
S1-759581340	S2-971743024	0	0	0	0	cross-script	Black Finance Private Limited	બ્લેક ફાઇનાન્સ પ્રાઇવેટ લિમિટેડ	Latin	Gujarati
S1-2369997	S3-314181634	0	0	0	0	cross-script	Vision Systems Limited	விஷன் சிஸ்டம்ஸ் லிமிடெட்	Latin	Tamil
S1-221315093	S2-450746046	0	0	0	0	token variation	Cascade Mellon	Cascade Mce	Latin	Latin
S1-396300332	S3-902049195	0	0	0	0	abbreviation	HH International Limited	Hhinternational.Com	Latin	Latin
S1-747769786	S2-260301492	0	0	0	0	cross-script	Eastern Business Private Limited	ईस्टर्न बिजनेस प्राइवेट लिमिटेड	Latin	Devanagari
S1-441567229	S2-246408630	0	0	0	0	abbreviation	Pediatric Dental Prairie Group LLC	Ariaveo	Latin	Latin
S1-129804856	S2-445363390	0	0	0	0	cross-script	Dynamic Trading Private Limited	డైనమిక్ ట్రేడింగ్ ప్రైవేట్ లిమిటెడ్	Latin	Telugu
S1-666343734	S2-462780046	0	0	0	0	cross-script	Shiv International Private Limited	शिव इंटरनेशनल प्राइवेट लिमिटेड	Latin	Devanagari
S1-10468395	S3-992946103	0	0	0	0	cross-script	Best Foundation Private Limited	बेस्ट फाउंडेशन प्राइवेट लिमिटेड	Latin	Devanagari
S1-557845018	S2-480582718	0	0	0	0	token variation	Hotel Solutions	Hotel Partners	Latin	Latin
S1-437213733	S2-682750671	0	0	0	0	cross-script	Aditya Bright Builders Limited	ആദിത്യ ബ്രൈറ്റ് ബിൽഡേഴ്സ് ലിമിറ്റഡ്	Latin	Malayalam
S1-754802648	S3-164166186	0	0	0	0	abbreviation	Arihant Sai Consulting Private Limited	Arihant	Latin	Latin
S1-420665256	S2-717710294	0	0	0	0	cross-script	United Systems Private Limited	यूनाइटेड सिस्टम्स प्राइवेट लिमिटेड	Latin	Devanagari
S1-750657371	S2-632126415	0	0	0	0	severe noise / vocabulary shift	Alpha Services Private Limited	ଆଲଫା ସର୍ଭିସେସ୍ ପ୍ରାଇଭେଟ୍ ଲିମିଟେଡ୍	Latin	Latin
S1-974071929	S2-491072407	0	0	0	0	cross-script	Ram Infra	ராம் இன்ஃப்ரா	Latin	Tamil
S1-914617351	S2-350210485	0	0	0	0	abbreviation	Total Hospitality Associates Inc	thassociates.com	Latin	Latin
S1-11384020	S2-973906074	0	0	0	0	short business name	X 7 N Biracilik LLC	#x7	Latin	Latin
S1-58144122	S3-933449541	0	0	0	0	cross-script	Pioneer Estate	Pioneer Erosaec Erosaec	Latin	Devanagari
S1-659014506	S2-137044392	0	0	0	0	abbreviation	West Charitable Trust	westcharitabletrust.com	Latin	Latin
S1-14251152	S2-415997616	0	0	0	0	cross-script	Ace Aditya Technologies Private Limited	एस आदित्य टेक्नोलॉजीज प्राइवेट लिमिटेड	Latin	Devanagari
S1-469910714	S2-589659982	0	0	0	0	typo / spelling variation	Institute of Technology	Institute of Tamchloliyg	Latin	Latin
S1-54868449	S3-19928470	0	0	0	0	token variation	Jones School of Medicine LLC	Jones 5chool of LLC Partners	Latin	Latin
S1-246817492	S3-637333053	0	0	0	0	cross-script	Hari Impex Private Limited	हरि इम्पेक्स प्राइवेट लिमिटेड	Latin	Devanagari
S1-57588381	S2-588051675	0	0	0	0	cross-script	Bombay Infrastructure Limited	बॉम्बे इंफ्रास्ट्रक्चर लिमिटेड	Latin	Devanagari
S1-510873908	S3-864638329	0	0	0	0	token variation	Baba Power Private Limited	Zephjax doing business as Baba Power Private Limited	Latin	Latin
S1-657060842	S3-43747551	0	0	0	0	cross-script	Indo Hari Developers Limited	ઇન્ડો હરિ ડેવલપર્સ લિમિટેડ	Latin	Gujarati
S1-452025803	S3-647755258	0	0	0	0	numeric mismatch	Peak Better Metro	Peak Better Mgtaro - 3004442691	Latin	Latin
S1-100411530	S3-473572518	0	0	0	0	severe noise / vocabulary shift	Seven Tech Private Limited	Kelolyra One	Latin	Latin
S1-394077940	S3-844766355	0	0	0	0	cross-script	South Energy	சவுத் எனர்ஜி	Latin	Tamil
S1-571312186	S2-70229082	0	0	0	0	severe noise / vocabulary shift	Complete Investments LLC	Complete LLC-Service	Latin	Latin
S1-298907561	S2-845788207	0	0	0	0	cross-script	Sky International Private Limited	સ્કાય ઇન્ટરનેશનલ પ્રાઇવેટ લિમિટેડ	Latin	Gujarati
S1-720495351	S3-175018099	0	0	0	0	token variation	Aura & Co	Auna and C0	Latin	Latin
S1-969750347	S3-564066355	0	0	0	0	cross-script	Vijay Al Foundation Pvt Ltd	विजय अल फाउंडेशन प्रा. लि.	Latin	Devanagari
S1-676409457	S2-276761468	0	0	0	0	cross-script	High It Private Limited	हाई आईटी प्राइवेट लिमिटेड	Latin	Devanagari
S1-27848184	S2-645812688	0	0	0	0	token variation	Regional Charities	Regional Chárities Chárities	Latin	Latin
S1-886201492	S3-20727644	0	0	0	0	cross-script	New Properties	న్యూ ప్రాపర్టీస్	Latin	Telugu
S1-323142467	S3-258756735	0	0	0	0	cross-script	My Foundation Limited	Umbraonyx	Latin	Tamil
S1-844492132	S2-476376665	0	0	0	0	cross-script	Shyam Developers Private Limited	श्याम डेवलपर्स प्राइवेट लिमिटेड	Latin	Devanagari
S1-971594350	S3-359060430	0	0	0	0	cross-script	Guru Technology Private Limited	गुरु टेक्नोलॉजी प्राइवेट लिमिटेड	Latin	Devanagari
S1-641505760	S3-299509118	0	0	0	0	abbreviation	Worth Elite Inc.	wórthelite.com	Latin	Latin
S1-746963045	S2-235044025	0	0	0	0	cross-script	Pioneer Exports Pvt Ltd	पायोनियर एक्सपोर्ट्स प्रा. लि.	Latin	Devanagari
S1-823577381	S2-307487697	0	0	0	0	cross-script	Hotel Power Private Limited	ಹೋಟೆಲ್ ಪವರ್ ಪ್ರೈವೇಟ್ ಲಿಮಿಟೆಡ್	Latin	Kannada
S1-978927101	S2-909424303	0	0	0	0	typo / spelling variation	Eastern Enclave Inc.	Eastern Ehclne Inc.	Latin	Latin
S1-72390573	S2-43255163	0	0	0	0	cross-script	Ace Laxmi Global Private Limited	एस लक्ष्मी ग्लोबल प्राइवेट लिमिटेड	Latin	Devanagari
S1-115531066	S2-625538353	0	0	0	0	cross-script	Sree Foundation Private Limited	श्री फाउंडेशन प्राइवेट लिमिटेड	Latin	Devanagari
S1-409788480	S2-868498023	0	0	0	0	cross-script	Big Tech Exports Private Limited	बिग टेक एक्सपोर्ट्स प्राइवेट लिमिटेड	Latin	Devanagari
S1-360923160	S3-4139878	0	0	0	0	severe noise / vocabulary shift	Atlantic Paper Inc	atlanticpaper.com - 3512436302	Latin	Latin
S1-124991677	S3-728893287	0	0	0	0	cross-script	High Marketing Private Limited	हाई मार्केटिंग प्राइवेट लिमिटेड	Latin	Devanagari
S1-658639312	S3-685210289	0	0	0	0	cross-script	Sree Construction Private Limited	ஸ்ரீ கன்ஸ்ட்ரக்ஷன் பிரைவேட் லிமிடெட்	Latin	Tamil
S1-771213219	S2-364741251	0	0	0	0	missing address	Haynes Tri-State Wholesale Inc	Haynes Tri-State Whgolasle Inc #14857	Latin	Latin
S1-988204869	S3-640418063	0	0	0	0	abbreviation	Delgadillo Gold Inc	Iririza	Latin	Latin
S1-229080238	S2-401327722	0	0	0	0	cross-script	Hari Om Infra Private Limited	हरि ओम इंफ्रा प्राइवेट लिमिटेड	Latin	Devanagari
S1-578975776	S3-766912481	0	0	0	0	typo / spelling variation	City International Pvt Ltd	City Inctneational Pvt Ltd	Latin	Latin
S1-853994711	S2-474375866	0	0	0	0	cross-script	Dream Blue Technologies Private Limited	ड्रीम ब्लू टेक्नोलॉजीज प्राइवेट लिमिटेड	Latin	Devanagari
S1-233974940	S3-853055604	0	0	0	0	token variation	Dental Health	Dental  Center	Latin	Latin
S1-535707295	S2-621029978	0	0	0	0	cross-script	Super Interior Private Limited	Shri SUPER IGIOTERIGR PRIVATE LIMITED	Latin	Devanagari
S1-421019269	S2-985042599	0	0	0	0	cross-script	Dream Engineering Private Limited	ड्रीम इंजीनियरिंग प्राइवेट लिमिटेड	Latin	Devanagari
S1-812325036	S3-321267945	0	0	0	0	typo / spelling variation	Youth Center	Youth Cmnar	Latin	Latin
S1-58691984	S2-368347539	0	0	0	0	cross-script	Black Ram Consulting Private Limited	ব্ল্যাক রাম কনসাল্টিং প্রাইভেট লিমিটেড	Latin	Bengali
S1-805674314	S2-895555596	0	0	0	0	severe noise / vocabulary shift	Culbertson Tribeca Inc	Pyraecto	Latin	Latin
S1-246802724	S2-139144438	0	0	0	0	cross-script	Jay Ventures Private Limited	जय वेंचर्स प्राइवेट लिमिटेड	Latin	Devanagari
S1-642958370	S3-200160262	0	0	0	0	cross-script	White Classic Agro Private Limited	व्हाइट क्लासिक एग्रो प्राइवेट लिमिटेड	Latin	Devanagari
S1-656929174	S3-859966108	0	0	0	0	cross-script	Black Producer Private Limited	బ్లాక్ ప్రొడ్యూసర్ ప్రైవేట్ లిమిటెడ్	Latin	Telugu
S1-210697049	S2-174480335	0	0	0	0	typo / spelling variation	Flint Inc	FLÍNT-INC	Latin	Latin
S1-114167160	S2-56244413	0	0	0	0	severe noise / vocabulary shift	Mcdonald United Vehicle LLC	Qúokelo	Latin	Latin
S1-928973964	S2-815006247	0	0	0	0	cross-script	Raj Lakshmi International	राज लक्ष्मी इंटरनेशनल	Latin	Devanagari
S1-126884756	S3-198920916	0	0	0	0	severe noise / vocabulary shift	Synergy Institute of Technology Ltd	Avimira (ID: 16492)	Latin	Latin
S1-933137795	S3-205928082	0	0	0	0	cross-script	Hari Blue Power Pvt Ltd	हरि ब्लू पावर प्रा. लि.	Latin	Devanagari
S1-744425418	S2-360655987	0	0	0	0	cross-script	Maa Constructions Pvt Ltd	मां कंस्ट्रक्शंस प्रा. लि.	Latin	Devanagari
S1-401920011	S3-615249888	0	0	0	0	cross-script	Innovative Builders Private Limited	इनोवेटिव बिल्डर्स Private Limited	Latin	Devanagari
S1-718132699	S2-298904736	0	0	0	0	cross-script	Sree Engineering Private Limited	ஸ்ரீ இன்ஜினியரிங் பிரைவேட் லிமிடெட்	Latin	Tamil
S1-48551744	S2-570698336	0	0	0	0	cross-script	Supreme Systems Private Limited	ಸುಪ್ರೀಮ್ ಸಿಸ್ಟಮ್ಸ್ ಪ್ರೈವೇಟ್ ಲಿಮಿಟೆಡ್	Latin	Kannada
S1-955664725	S3-588024748	0	0	0	0	numeric mismatch	Maum Inc	Mam (Inc)	Latin	Latin
S1-47616992	S2-537719097	0	0	0	0	cross-script	Future Infra LLP	ఫ్యూచర్ ఇన్‌ఫ్రా ఎల్‌ఎల్‌పీ	Latin	Telugu
S1-708056834	S3-1043380	0	0	0	0	abbreviation	Vandana Traders Private Limited	Nylabrix	Latin	Latin
S1-654571192	S2-550576333	0	0	0	0	cross-script	Fortune Developers LLP	फॉर्च्यून डेवलपर्स एलएलपी	Latin	Devanagari
S1-610557349	S2-123849279	0	0	0	0	cross-script	Jain Properties Private Limited	जैन प्रॉपर्टीज प्राइवेट लिमिटेड	Latin	Devanagari
S1-908238228	S2-31427282	0	0	0	0	cross-script	Pioneer Technology Private Limited	पायोनियर टेक्नोलॉजी प्राइवेट लिमिटेड	Latin	Devanagari
S1-272014823	S2-941229275	0	0	0	0	cross-script	First Technology	फर्स्ट टेक्नोलॉजी	Latin	Devanagari
S1-903050200	S3-500973737	0	0	0	0	cross-script	Ss Projects Private Limited	एसएस प्रोजेक्ट्स प्राइवेट लिमिटेड	Latin	Devanagari
S1-160679916	S2-825237629	0	0	0	0	cross-script	South Consulting Pvt Ltd	साउथ कंसल्टिंग प्रा. लि.	Latin	Devanagari
S1-885465874	S2-382548445	0	0	0	0	cross-script	Indo Software Pvt Ltd	ఇండో సాఫ్ట్‌వేర్ ప్రైవేట్ లిమిటెడ్	Latin	Telugu
S1-645392023	S2-169166876	0	0	0	0	cross-script	Krishna Properties	कृष्ण प्रॉपर्टीज	Latin	Devanagari
S1-309157467	S2-162465347	0	0	0	0	severe noise / vocabulary shift	Xen Turtle Private Limited	Cirasol	Latin	Latin
S1-74609866	S2-983304678	0	0	0	0	abbreviation	Delhi Life Private Limited	delhilife.com	Latin	Latin
S1-584613308	S3-393890900	0	0	0	0	cross-script	Blue Business Pvt Ltd	புளூ பிசினஸ் பிரைவேட் லிமிடெட்	Latin	Tamil
S1-805645658	S3-436279681	0	0	0	0	severe noise / vocabulary shift	Rkv Products Private Limited	Zephirimira	Latin	Latin
S1-124991677	S3-129628158	0	0	0	0	cross-script	High Marketing Private Limited	हाई मार्केटिंग प्राइवेट लिमिटेड	Latin	Devanagari
S1-548904087	S3-839980284	0	0	0	0	cross-script	Shree Dream Consultants Limited	శ్రీ డ్రీమ్ కన్సల్టెంట్స్ లిమిటెడ్	Latin	Telugu
S1-602705471	S3-939997141	0	0	0	0	cross-script	Gujarat Services Private Limited	ಗುಜರಾತ್ ಸರ್ವಿಸಸ್ ಪ್ರೈವೇಟ್ ಲಿಮಿಟೆಡ್	Latin	Kannada
S1-407853759	S3-581898287	0	0	0	0	typo / spelling variation	V/O Focus	V/O Foucs	Latin	Latin
S1-549762349	S3-336183126	0	0	0	0	cross-script	Pioneer Consultancy Private Limited	ಪಯೊನೀರ್ ಕನ್ಸಲ್ಟೆನ್ಸಿ ಪ್ರೈವೇಟ್ ಲಿಮಿಟೆಡ್	Latin	Kannada
S1-986020997	S3-570910534	0	0	0	0	typo / spelling variation	9-Star	9-Stár	Latin	Latin
S1-14733163	S2-760280911	0	0	0	0	cross-script	Bharat Business Limited	भारत बिजनेस लिमिटेड	Latin	Devanagari
S1-861183527	S2-758211174	0	0	0	0	cross-script	Urban Finance Pvt Ltd	अर्बन फाइनेंस प्रा. लि.	Latin	Devanagari
S1-131955187	S3-420844872	0	0	0	0	typo / spelling variation	Capital Fund	Capital (Fud)	Latin	Latin
S1-578975776	S2-98011406	0	0	0	0	cross-script	City International Pvt Ltd	সিটি ইন্টারন্যাশনাল প্রাইভেট লিমিটেড	Latin	Bengali
S1-908490306	S3-782769534	0	0	0	0	typo / spelling variation	Tri-State Association	Tri-State Assstdidati0n	Latin	Latin
S1-385741670	S3-614640761	0	0	0	0	typo / spelling variation	St. Israel	St. Icratel	Latin	Latin
S1-936435895	S2-11836476	0	0	0	0	cross-script	Smart Business	स्मार्ट बिजनेस	Latin	Devanagari
S1-212712500	S3-32334395	0	0	0	0	abbreviation	My Brands Private Limited	mbprivate.com	Latin	Latin
S1-824786563	S2-223221830	0	0	0	0	token reordering	Ace Technology Private Limited	ACE TECHNOLO6Y LIMITED PRIVATE	Latin	Latin
S1-83371487	S2-108501660	0	0	0	0	cross-script	Best Systems Private Limited	बेस्ट सिस्टम्स प्राइवेट लिमिटेड	Latin	Devanagari
S1-419365623	S2-777191030	0	0	0	0	severe noise / vocabulary shift	Office of Education	Verabrix	Latin	Latin
S1-573819137	S3-988324515	0	0	0	0	token variation	Alpha Infra Private Limited	A1pha Infra Private	Latin	Latin
S1-961883317	S2-59148349	0	0	0	0	cross-script	Digital Producer Private Limited	ಡಿಜಿಟಲ್ ಪ್ರೊಡ್ಯೂಸರ್ Private Limited	Latin	Kannada
S1-124991677	S2-124254230	0	0	0	0	cross-script	High Marketing Private Limited	हाई मार्केटिंग प्राइवेट लिमिटेड	Latin	Devanagari
S1-424205429	S3-313428867	0	0	0	0	cross-script	Classic Food Private Limited	क्लासिक फूड प्राइवेट लिमिटेड	Latin	Devanagari
S1-742392521	S3-406952880	0	0	0	0	abbreviation	Orthopedic Partners	Deltaonyx	Latin	Latin
S1-323975656	S2-380396941	0	0	0	0	cross-script	Pioneer Infrastructure Private Limited	பயனியர் இன்ஃப்ராஸ்ட்ரக்சர் பிரைவேட் லிமிடெட்	Latin	Tamil
S1-444277961	S2-61720655	0	0	0	0	cross-script	Dream Energy Limited	డ్రీమ్ ఎనర్జీ లిమిటెడ్	Latin	Telugu
S1-998876844	S2-265637368	0	0	0	0	typo / spelling variation	Pinnacle Allied Signs, LLC	Pinnade Allied Sígns, LLC	Latin	Latin
S1-424093882	S3-665242180	0	0	0	0	abbreviation	Src Vidyalaya Pvt Ltd	svidyalayacom	Latin	Latin
S1-317432792	S2-115339503	0	0	0	0	cross-script	Shree Projects Limited	श्री प्रोजेक्ट्स लिमिटेड	Latin	Devanagari
S1-372845787	S3-672626811	0	0	0	0	cross-script	International Industries Private Limited	इंटरनेशनल इंडस्ट्रीज प्राइवेट लिमिटेड	Latin	Devanagari
S1-376176068	S2-582623879	0	0	0	0	cross-script	Guru Finance Limited	గురు ఫైనాన్స్ లిమిటెడ్	Latin	Telugu
S1-76825335	S3-576655691	0	0	0	0	cross-script	High Construction Private Limited	हाई Construction प्राइवेट लिमिटेड	Latin	Devanagari
S1-919757277	S3-402135141	0	0	0	0	severe noise / vocabulary shift	Alpha Tech Private Limited	Fluxonyxveo Labs	Latin	Latin
S1-502533480	S3-444536649	0	0	0	0	short business name	Umang Infrastructure (India) Private Limited	UI	Latin	Latin
S1-595642956	S3-243463240	0	0	0	0	token variation	Oncology Regional Group	Onco1ogy Regional Inc	Latin	Latin
S1-713912434	S3-806926030	0	0	0	0	cross-script	First Infrastructure	ফার্স্ট ইনফ্রাস্ট্রাকচার	Latin	Bengali
S1-892489904	S3-918023034	0	0	0	0	cross-script	Indian Trading Limited	इंडियन ट्रेडिंग लिमिटेड	Latin	Devanagari
S1-127766805	S2-896577376	0	0	0	0	cross-script	Black Projects Private Limited	ব্ল্যাক প্রজেক্টস প্রাইভেট লিমিটেড	Latin	Bengali
S1-234743272	S2-138892633	0	0	0	0	cross-script	Good Global Private Limited	गुड ग्लोबल प्राइवेट लिमिटेड	Latin	Devanagari
S1-673356401	S2-687353720	0	0	0	0	cross-script	Pioneer Shree Projects	पायोनियर श्री प्रोजेक्ट्स	Latin	Devanagari
S1-890739294	S3-763714081	0	0	0	0	severe noise / vocabulary shift	Shivam Agro Pvt Ltd	Nylazetajax trading as Shivam Agro Pvt Ltd	Latin	Latin
S1-137022858	S2-158406680	0	0	0	0	typo / spelling variation	Housing Association LLC	Housing Asnsoeciangaion LLC	Latin	Latin
S1-938243511	S2-293968237	0	0	0	0	severe noise / vocabulary shift	Jones Innovative Goldman Associates	J0nes Innovative	Latin	Latin
S1-723016788	S3-208793254	0	0	0	0	cross-script	Gujarat Healthcare Private Limited	ગુજરાત હેલ્થકેર Private Limited	Latin	Gujarati
S1-125501788	S3-307501350	0	0	0	0	token reordering	Orthopedic Medicine Inc	Inc Orthopedic Msdicoie	Latin	Latin
S1-764428562	S3-302335135	0	0	0	0	cross-script	Raj Products Private Limited	Raj Prdourtcs Private Limited	Latin	Tamil
S1-211829578	S3-666987860	0	0	0	0	severe noise / vocabulary shift	Jay Technologies Limited	Lyrawex doing business as Jay Technologies Limited	Latin	Latin
S1-789478124	S3-952630220	0	0	0	0	typo / spelling variation	Metro Fellowship	metro féllowship	Latin	Latin
S1-285171170	S2-594484691	0	0	0	0	cross-script	Dynamic Consultants Pvt Ltd	డైనమిక్ కన్సల్టెంట్స్ ప్రైవేట్ లిమిటెడ్	Latin	Telugu
S1-709333961	S2-979353329	0	0	0	0	typo / spelling variation	Cozy Yoga	Cozy Yboa	Latin	Latin
S1-531326212	S3-838107922	0	0	0	0	abbreviation	Apex Software Limited	apexs0ftware.com	Latin	Latin
S1-485001429	S3-372933368	0	0	0	0	severe noise / vocabulary shift	Randy Fitzpatrick Ramaco L.L.C.	Umbradrex	Latin	Latin
S1-445679223	S2-920463788	0	0	0	0	cross-script	Classic Sree Impex Private Limited	கிளாசிக் ஸ்ரீ இம்பெக்ஸ் பிரைவேட் லிமிடெட்	Latin	Tamil
S1-785312482	S2-155293803	0	0	0	0	abbreviation	Mac Medical Centre	MMCENTRE.COM	Latin	Latin
S1-460209241	S3-616891914	0	0	0	0	typo / spelling variation	South Producer Private Limited	Smt South Probuer Private Limited	Latin	Latin
S1-454980020	S2-401419523	0	0	0	0	severe noise / vocabulary shift	Royal Mortgage LLC	ROYAL-LLC SERVICE	Latin	Latin
S1-528439536	S3-826549650	0	0	0	0	severe noise / vocabulary shift	Monarch Kodiak	Evofayezeta	Latin	Latin
S1-391711030	S2-935489882	0	0	0	0	abbreviation	Dental Legacy Group LLC	dlegacy.com	Latin	Latin
S1-886201492	S2-473678246	0	0	0	0	cross-script	New Properties	న్యూ ప్రాపర్టీస్	Latin	Telugu
S1-587311600	S3-416283013	0	0	0	0	cross-script	Shree It Private Limited	श्री आईटी प्राइवेट लिमिटेड	Latin	Devanagari
S1-432906752	S2-699679279	0	0	0	0	token variation	Lucky Tavern	Lucky [Tnh]	Latin	Latin
S1-494195573	S2-338744496	0	0	0	0	abbreviation	Jasper Mustang	mjasper.com	Latin	Latin
S1-246817492	S2-271350952	0	0	0	0	cross-script	Hari Impex Private Limited	हरि इम्पेक्स प्राइवेट लिमिटेड	Latin	Devanagari
S1-468897749	S2-40302319	0	0	0	0	cross-script	Hari Software Limited	हरि सॉफ्टवेयर लिमिटेड	Latin	Devanagari
S1-927463860	S2-438265962	0	0	0	0	cross-script	Vision Hospitality LLP	ವಿಷನ್ ಹಾಸ್ಪಿಟಾಲಿಟಿ ಎಲ್ಎಲ್‌ಪಿ	Latin	Kannada
S1-486989563	S2-479781953	0	0	0	0	cross-script	Apex United Builders Private Limited	एपेक्स यूनाइटेड बिल्डर्स प्राइवेट लिमिटेड	Latin	Devanagari
S1-983979134	S3-589709759	0	0	0	0	cross-script	Southern Ace Constructions Private Limited	সাউদার্ন এইস কনস্ট্রাকশনস প্রাইভেট লিমিটেড	Latin	Bengali
S1-646333835	S3-367832835	0	0	0	0	severe noise / vocabulary shift	Eye Care LLC	Novilyra formerly Eye Care LLC	Latin	Latin
S1-211829578	S3-602148773	0	0	0	0	cross-script	Jay Technologies Limited	ಜೇ ಟೆಕ್ನಾಲಜೀಸ್ ಲಿಮಿಟೆಡ್	Latin	Kannada
S1-579323398	S3-505032837	0	0	0	0	abbreviation	Exclusive Multibiz Pvt Ltd	Syndrex	Latin	Latin
S1-514209849	S2-495177612	0	0	0	0	abbreviation	RIX Lifesciences Private Limited	Xyloviocira	Latin	Latin
S1-913317029	S2-94040259	0	0	0	0	severe noise / vocabulary shift	Universal Finance Private Limited	ୟୁନିଭର୍ସାଲ୍ ଫାଇନାନ୍ସ୍ ପ୍ରାଇଭେଟ୍ ଲିମିଟେଡ୍	Latin	Latin
S1-362075205	S2-125929647	0	0	0	0	typo / spelling variation	Apex Nutrition Digital	Apex Nuftcbtiion Digital	Latin	Latin
S1-942357826	S2-395400796	0	0	0	0	cross-script	Tech Southern Global Private Limited	ಟೆಕ್ ಸದರ್ನ್ ಗ್ಲೋಬಲ್ ಪ್ರೈವೇಟ್ ಲಿಮಿಟೆಡ್	Latin	Kannada
S1-683271240	S2-236022683	0	0	0	0	token variation	Womens Health Physicians LLC	Womens Health LLC [Physícians]	Latin	Latin
S1-469910714	S3-920256586	0	0	0	0	token variation	Institute of Technology	Institute of	Latin	Latin
S1-823577381	S2-19701449	0	0	0	0	cross-script	Hotel Power Private Limited	ಹೋಟೆಲ್ ಪವರ್ ಪ್ರೈವೇಟ್ ಲಿಮಿಟೆಡ್	Latin	Kannada
S1-83371487	S2-197682779	0	0	0	0	cross-script	Best Systems Private Limited	बेस्ट सिस्टम्स प्राइवेट लिमिटेड	Latin	Devanagari
S1-6392394	S2-974607455	0	0	0	0	cross-script	Lakshmi Media Pvt Ltd	लक्ष्मी मीडिया प्रा. लि.	Latin	Devanagari
S1-451318949	S3-876521056	0	0	0	0	token variation	Royal Ventures Private Limited	Lumkeloio dba Royal Ventures Private Limited	Latin	Latin
S1-398820135	S3-115885020	0	0	0	0	severe noise / vocabulary shift	Z & N Staffing	Dovakeloquo trading as Z & N Staffing	Latin	Latin
S1-852977473	S3-173692147	0	0	0	0	cross-script	First Estate Limited	फर्स्ट एस्टेट लिमिटेड	Latin	Devanagari
S1-363645442	S3-821114719	0	0	0	0	typo / spelling variation	Cardiology Center	Cardiology Cénter	Latin	Latin
S1-68223934	S3-477716220	0	0	0	0	severe noise / vocabulary shift	Youth Initiative	Zephvantageecto	Latin	Latin
S1-380053798	S3-312390418	0	0	0	0	cross-script	Super Sunrise Enterprises Limited	सुपर सनराइज एंटरप्राइजेज लिमिटेड	Latin	Devanagari
S1-752987018	S2-593873697	0	0	0	0	cross-script	Surya Technology Private Limited	सूर्य टेक्नोलॉजी प्राइवेट लिमिटेड	Latin	Devanagari
S1-411998512	S2-8438547	0	0	0	0	severe noise / vocabulary shift	One International Solutions Private Limited	ਵਨ ਇੰਟਰਨੈਸ਼ਨਲ ਸੋਲਿਊਸ਼ਨਜ਼ ਪ੍ਰਾਈਵੇਟ ਲਿਮਟਿਡ	Latin	Latin
S1-433414973	S2-972088406	0	0	0	0	cross-script	Al Shiv Power Private Limited	ಅಲ್ ಶಿವ್ ಪವರ್ ಪ್ರೈವೇಟ್ ಲಿಮಿಟೆಡ್	Latin	Kannada
S1-773193532	S3-476451007	0	0	0	0	token reordering	Dermatology Desert Associates	Desert Dermat0logy Associates	Latin	Latin
S1-124991677	S2-548045260	0	0	0	0	cross-script	High Marketing Private Limited	हाई मार्केटिंग प्राइवेट लिमिटेड	Latin	Devanagari
S1-812112259	S3-23120817	0	0	0	0	cross-script	Galaxy Media Private Limited	கேலக்ஸி மீடியா பிரைவேட் லிமிடெட்	Latin	Tamil
S1-964943832	S2-670087608	0	0	0	0	typo / spelling variation	Hari Logistics Private Limited	Mr HARI LOGISTICS PRIVBE LIMITED	Latin	Latin
S1-764072984	S2-106752685	0	0	0	0	cross-script	Vision Media Pvt Ltd	विजन मीडिया प्रा. लि.	Latin	Devanagari
S1-690359153	S3-529805290	0	0	0	0	abbreviation	Star Finance LLP	starfinance.com	Latin	Latin
S1-115531066	S3-826601706	0	0	0	0	cross-script	Sree Foundation Private Limited	श्री फाउंडेशन प्राइवेट लिमिटेड	Latin	Devanagari
S1-944620593	S2-817041059	0	0	0	0	typo / spelling variation	Federal Coalition	Federal Coaalidtion	Latin	Latin
S1-669325825	S2-586303231	0	0	0	0	cross-script	United It Limited	यूनाइटेड आईटी लिमिटेड	Latin	Devanagari
S1-710325135	S3-919463589	0	0	0	0	token variation	Cardiology Care LLC	Soljax dba Cardiology Care LLC	Latin	Latin
S1-109928369	S3-495780733	0	0	0	0	cross-script	International Investments LLP	ইন্টারন্যাশনাল ইনভেস্টমেন্টস এলএলপি	Latin	Bengali
S1-6914736	S3-677466634	0	0	0	0	severe noise / vocabulary shift	Sunshine Hospital Limited	Fayevantage	Latin	Latin
S1-520533990	S3-205266209	0	0	0	0	typo / spelling variation	Urology Care Associates Inc	Urology Care Asscmactos Inc	Latin	Latin
S1-486989563	S3-504953017	0	0	0	0	abbreviation	Apex United Builders Private Limited	apexunitedbuilders.com	Latin	Latin
S1-290992676	S3-846403118	0	0	0	0	cross-script	One Impex Private Limited	વન ઇમ્પેક્સ પ્રાઇવેટ લિમિટેડ	Latin	Gujarati
S1-282196011	S3-801067835	0	0	0	0	abbreviation	Super Infrastructure Private Limited	Arianyla	Latin	Latin
S1-230958647	S3-608470547	0	0	0	0	token variation	EL Banking LLC	EL Brdrkg LLC	Latin	Latin
S1-930481810	S3-894839801	0	0	0	0	abbreviation	Pune Industries Private Limited	Tavonyla	Latin	Latin
S1-760678310	S3-611092342	0	0	0	0	cross-script	Big Industries Pvt Ltd	बिग इंडस्ट्रीज प्रा. लि.	Latin	Devanagari
S1-92162108	S2-588137048	0	0	0	0	cross-script	Apex Exports Private Limited	एपेक्स एक्सपोर्ट्स प्राइवेट लिमिटेड	Latin	Devanagari
S1-874275082	S3-710429482	0	0	0	0	token variation	A Cure 2 You LLC	A  Cure 2 Y0u	Latin	Latin
S1-535011878	S3-691174042	0	0	0	0	missing address	Cardinal L.L.C.	Carddinla L.L.C.	Latin	Latin
S1-680518272	S2-754997794	0	0	0	0	cross-script	First Technology Private Limited	ஃபர்ஸ்ட் டெக்னாலஜி பிரைவேட் லிமிடெட்	Latin	Tamil
S1-667592049	S2-463820809	0	0	0	0	cross-script	Blue Systems Pvt Ltd	બ્લૂ સિસ્ટમ્સ પ્રા. લિ.	Latin	Gujarati
S1-194283625	S3-404798989	0	0	0	0	cross-script	Apex Foods Limited	Apex F0ods	Latin	Devanagari
S1-96868522	S2-575224414	0	0	0	0	token variation	Pediatric Dental Clinic	PEDIATRIC CLINIC SERVICES	Latin	Latin
S1-664080820	S2-686765008	0	0	0	0	typo / spelling variation	Delta Project	Delta Próject Co	Latin	Latin
S1-798649003	S3-937312623	0	0	0	0	token variation	Fresh Heartland Pharmaceutical LLC	Fresh Heart1and LLC Center	Latin	Latin
S1-969994160	S3-367697105	0	0	0	0	cross-script	Great Developers Pvt Ltd	ग्रेट डेवलपर्स प्रा. लि.	Latin	Devanagari
S1-942971746	S2-582349153	0	0	0	0	cross-script	Ir Trading Pvt Ltd	Mr Ir Tdrcng Pvt Ltd	Latin	Devanagari
S1-775814651	S2-48393547	0	0	0	0	severe noise / vocabulary shift	Hari Consultants Private Limited	Hari Private Limited Center	Latin	Latin
S1-413939359	S2-682398008	0	0	0	0	cross-script	Vision Properties	विजन प्रॉपर्टीज	Latin	Devanagari
S1-518601268	S2-609408250	0	0	0	0	cross-script	Lakshmi Trading Limited	लक्ष्मी ट्रेडिंग लिमिटेड	Latin	Devanagari
S1-521944928	S2-873663255	0	0	0	0	cross-script	Sunrise Exports Pvt Ltd	সানরাইজ এক্সপোর্টস প্রাইভেট লিমিটেড	Latin	Bengali
S1-515354306	S2-206944904	0	0	0	0	abbreviation	Vibhava (India) Scheme Pvt. Ltd.	Solsyn	Latin	Latin
S1-443571404	S3-226869505	0	0	0	0	abbreviation	Prime Dream Consultancy Private Limited	primedreamconsultancy.com	Latin	Latin
S1-696124896	S2-179764435	0	0	0	0	cross-script	Golden Lotus Logistics Limited	गोल्डन लोटस लॉजिस्टिक्स लिमिटेड	Latin	Devanagari
S1-476192614	S3-315984340	0	0	0	0	cross-script	Tirupati Infrastructure	तिरुपति इंफ्रास्ट्रक्चर	Latin	Devanagari
S1-202156855	S3-889249788	0	0	0	0	abbreviation	Golden International School	Golden	Latin	Latin
S1-476192614	S2-565233137	0	0	0	0	cross-script	Tirupati Infrastructure	तिरुपति इंफ्रास्ट्रक्चर	Latin	Devanagari
S1-384494281	S3-586430914	0	0	0	0	short business name	Ideal & Co	i.com	Latin	Latin
S1-824530419	S2-843767366	0	0	0	0	cross-script	Hari Tech Private Limited	ஹரி டெக் பிரைவேட் லிமிடெட்	Latin	Tamil
S1-140661033	S3-359418075	0	0	0	0	abbreviation	Chiropractic Prime Clinic LLC	clinicchiropracticprime.com	Latin	Latin
S1-163235829	S2-756508004	0	0	0	0	cross-script	Jay Food LLP	ஜெய் ஃபுட் எல்எல்பி	Latin	Tamil
S1-96883845	S3-121095648	0	0	0	0	severe noise / vocabulary shift	Khera & Co	Dr Kcom	Latin	Latin
S1-244925942	S3-82893588	0	0	0	0	cross-script	Ram Vision Construction Private Limited	राम विजन कंस्ट्रक्शन प्राइवेट लिमिटेड	Latin	Devanagari
S1-448644748	S2-131023555	0	0	0	0	typo / spelling variation	SU Realtors Pvt Ltd	SU  RAELTTCS PVT LTD	Latin	Latin
S1-315499527	S2-70890836	0	0	0	0	abbreviation	Vision Choice Care Associates, LLC	choicevisioncare.com	Latin	Latin
S1-900285650	S2-224962883	0	0	0	0	abbreviation	Community (India) Auto Public Limited	Avinovi	Latin	Latin
S1-428852641	S2-241126154	0	0	0	0	cross-script	Ram Technologies LLP	राम टेक्नोलॉजीज एलएलपी	Latin	Devanagari
S1-825440530	S2-953279981	0	0	0	0	cross-script	Best Construction Pvt Ltd	బెస్ట్ కన్‌స్ట్రక్షన్ ప్రైవేట్ లిమిటెడ్	Latin	Telugu
S1-42590481	S2-38634462	0	0	0	0	cross-script	Raj Industries Private Limited	राज इंडस्ट्रीज प्राइवेट लिमिटेड	Latin	Devanagari
S1-875691488	S2-341855197	0	0	0	0	cross-script	Real Agro Private Limited	ರಿಯಲ್ ಅಗ್ರೋ ಪ್ರೈವೇಟ್ ಲಿಮಿಟೆಡ್	Latin	Kannada
S1-48551744	S2-791511070	0	0	0	0	cross-script	Supreme Systems Private Limited	ಸುಪ್ರೀಮ್ Systems Private Limited	Latin	Kannada
S1-842821914	S2-66505780	0	0	0	0	abbreviation	Veterans Foundation, Inc	véteransfoundation.com	Latin	Latin
S1-486767278	S2-828275354	0	0	0	0	cross-script	Shiv Universal Agro LLP	शिव यूनिवर्सल एग्रो एलएलपी	Latin	Devanagari
S1-147553636	S2-566151087	0	0	0	0	cross-script	White Dream Services	व्हाइट ड्रीम सर्विसेज	Latin	Devanagari
S1-558038542	S3-426811822	0	0	0	0	typo / spelling variation	Cascade Trust	Cascade Trúst	Latin	Latin
S1-163235829	S3-460796118	0	0	0	0	cross-script	Jay Food LLP	ஜெய் ஃபுட் எல்எல்பி	Latin	Tamil
S1-856107175	S2-600513653	0	0	0	0	cross-script	Indo Modern Care	ইন্দো মডার্ন কেয়ার	Latin	Bengali
S1-73269870	S2-823873728	0	0	0	0	abbreviation	Paper Marketing Pvt Ltd	Veoumbra	Latin	Latin
S1-45602239	S3-665287118	0	0	0	0	cross-script	Real Investments	रियल इन्वेस्टमेंट्स	Latin	Devanagari
S1-320885447	S2-1273313	0	0	0	0	cross-script	Smart Software	স্মার্ট সফটওয়্যার	Latin	Bengali
S1-442234640	S3-415454041	0	0	0	0	typo / spelling variation	Blue Book Store	Blue Bmógok Store	Latin	Latin
S1-863398350	S3-112409974	0	0	0	0	cross-script	Global Technology Private Limited	ग्लोबल टेक्नोलॉजी प्राइवेट लिमिटेड	Latin	Devanagari
S1-747613333	S3-228037038	0	0	0	0	severe noise / vocabulary shift	I & H Ribbon, LLC	I  & H	Latin	Latin
S1-511683693	S3-547115861	0	0	0	0	cross-script	Balaji Infrastructure Private Limited	బాలాజీ ఇన్‌ఫ్రాస్ట్రక్చర్ ప్రైవేట్ లిమిటెడ్	Latin	Telugu
S1-271029871	S2-457967254	0	0	0	0	cross-script	Good Investments Private Limited	गुड इन्वेस्टमेंट्स प्राइवेट लिमिटेड	Latin	Devanagari
S1-794578932	S3-563020690	0	0	0	0	severe noise / vocabulary shift	Laxmi Jay Constructions Private Limited	ଲକ୍ଷ୍ମୀ ଜୟ କନଷ୍ଟ୍ରକସନ୍ସ୍ ପ୍ରାଇଭେଟ୍ ଲିମିଟେଡ୍	Latin	Latin
S1-657060842	S2-818536619	0	0	0	0	abbreviation	Indo Hari Developers Limited	INDOHARIDEVELOPERS.COM	Latin	Latin
S1-785312482	S3-904003189	0	0	0	0	severe noise / vocabulary shift	Mac Medical Centre	Umbradelta	Latin	Latin
S1-405235613	S3-670890529	0	0	0	0	abbreviation	Green Software Private Limited	softwareprivate.com	Latin	Latin
S1-689594674	S2-107681618	0	0	0	0	typo / spelling variation	Green Global Private Limited	Green Goaal Private Limited	Latin	Latin
S1-79468405	S3-192584157	0	0	0	0	severe noise / vocabulary shift	Great Products Private Limited	ଗ୍ରେଟ୍ ପ୍ରୋଡକ୍ଟସ୍ ପ୍ରାଇଭେଟ୍ ଲିମିଟେଡ୍	Latin	Latin
S1-784492930	S3-865087576	0	0	0	0	abbreviation	Animal Welfare Foundation V	Nylanex	Latin	Latin
S1-564986694	S3-698024561	0	0	0	0	token variation	Bastion LLC	Bhoan LLC	Latin	Latin
S1-37515586	S2-661914223	0	0	0	0	cross-script	Blue Hotel Management Pvt Ltd	ब्लू होटल मैनेजमेंट प्रा. लि.	Latin	Devanagari
S1-53377347	S2-647575394	0	0	0	0	cross-script	High Products Limited	हाई प्रोडक्ट्स लिमिटेड	Latin	Devanagari
S1-368009067	S2-151472755	0	0	0	0	cross-script	Vision Enterprises	விஷன் எண்டர்பிரைசஸ்	Latin	Tamil
S1-813559128	S3-691575809	0	0	0	0	short business name	Coimbatore India Corp	India	Latin	Latin
S1-5304135	S3-611791540	0	0	0	0	severe noise / vocabulary shift	Brown Teucrium Inc.	Brown Inc.-Center	Latin	Latin
S1-374665475	S3-231742654	0	0	0	0	cross-script	Sai Finance Private Limited	साईं फाइनेंस प्राइवेट लिमिटेड	Latin	Devanagari
S1-992661419	S3-763336476	0	0	0	0	cross-script	Perfect Solutions Private Limited	Perfect So1utions Limited Service	Latin	Devanagari
S1-311995373	S3-780864546	0	0	0	0	typo / spelling variation	Life Hospitality	Life [Hopitaliy]	Latin	Latin
S1-870319283	S2-743612202	0	0	0	0	token variation	Dental Health of China	#dentalhealth	Latin	Latin
S1-598949944	S2-157686855	0	0	0	0	token variation	Granite LLC	Garniet LLC	Latin	Latin
S1-348705607	S3-909594222	0	0	0	0	severe noise / vocabulary shift	Via Fresh Quality	#viafresh	Latin	Latin
S1-398820135	S3-23530017	0	0	0	0	token reordering	Z & N Staffing	Stamtfing & N Z	Latin	Latin
S1-298025747	S3-8218465	0	0	0	0	cross-script	Bharat Investments	Bharat Ifesmenes	Latin	Bengali
S1-57275561	S3-398048937	0	0	0	0	typo / spelling variation	Universal Engineering Private Limited	Dr Universal Engneiering Private Limited	Latin	Latin
S1-85059057	S3-576737086	0	0	0	0	severe noise / vocabulary shift	Physical Therapy Associates LLC	Physical Ássociates LLC Services	Latin	Latin
S1-639964892	S2-796990317	0	0	0	0	abbreviation	Ironclad LLC	lANOCLFFAD  LLC	Latin	Latin
S1-519735355	S2-226277638	0	0	0	0	typo / spelling variation	Pediatric Dentistry Medicine LLC	Pediatric Dentistry Mecne LLC	Latin	Latin
S1-641840687	S2-251879549	0	0	0	0	cross-script	Silver Tech Private Limited	સિલ્વર ટેક પ્રાઇવેટ લિમિટેડ	Latin	Gujarati
S1-67587372	S2-841076048	0	0	0	0	cross-script	Krishna Constructions Private Limited	કૃષ્ણ કન્સ્ટ્રક્શન્સ પ્રાઇવેટ લિમિટેડ	Latin	Gujarati
S1-80181441	S3-477570795	0	0	0	0	severe noise / vocabulary shift	Nexify LLC	Nexyif LLC LLC - 8796327514	Latin	Latin
S1-922377061	S2-579928491	0	0	0	0	cross-script	Big Consultants Private Limited	ಬಿಗ್ ಕನ್ಸಲ್ಟೆಂಟ್ಸ್ ಪ್ರೈವೇಟ್ ಲಿಮಿಟೆಡ್	Latin	Kannada
S1-517322263	S2-259341924	0	0	0	0	cross-script	Shivam Foods LLP	शिवम Foods एलएलपी	Latin	Devanagari
S1-35676890	S2-352994988	0	0	0	0	cross-script	Galaxy Products Private Limited	ಗ್ಯಾಲಕ್ಸಿ Products Private Limited	Latin	Kannada
S1-469910714	S2-990393565	0	0	0	0	abbreviation	Institute of Technology	INSTITUTETECHNOLOGY.COM	Latin	Latin
S1-684172442	S2-348234981	0	0	0	0	cross-script	Southern Constructions Private Limited	सदर्न कंस्ट्रक्शंस प्राइवेट लिमिटेड	Latin	Devanagari
S1-675379641	S2-62378725	0	0	0	0	cross-script	Big Logistics Private Limited	बिग लॉजिस्टिक्स प्राइवेट लिमिटेड	Latin	Devanagari
S1-968494892	S3-208372652	0	0	0	0	severe noise / vocabulary shift	Veterans Charities	Ciraflux Co	Latin	Latin
S1-885465874	S3-808383041	0	0	0	0	cross-script	Indo Software Pvt Ltd	ఇండో సాఫ్ట్‌వేర్ Pvt Ltd	Latin	Telugu
S1-196868447	S3-37939790	0	0	0	0	typo / spelling variation	Capital Interests Corp	Capital Itnertetss Corp	Latin	Latin
S1-774134298	S3-857279163	0	0	0	0	cross-script	Seven Bright Services LLP	सेवन ब्राइट सर्विसेज एलएलपी	Latin	Devanagari
S1-531326212	S2-420413707	0	0	0	0	typo / spelling variation	Apex Software Limited	Apex Sgcbale Limited	Latin	Latin
S1-64419765	S2-507589003	0	0	0	0	cross-script	Ss Anand Services Private Limited	एसएस आनंद सर्विसेज प्राइवेट लिमिटेड	Latin	Devanagari
S1-991976847	S2-293573397	0	0	0	0	cross-script	Perfect Media Private Limited	परफेक्ट मीडिया प्राइवेट लिमिटेड	Latin	Devanagari
S1-876713910	S2-519406418	0	0	0	0	cross-script	Bharat Products Private Limited	ഭാരത് പ്രൊഡക്ട്സ് പ്രൈവറ്റ് ലിമിറ്റഡ്	Latin	Malayalam
S1-554420618	S3-520082818	0	0	0	0	cross-script	United Global	यूनाइटेड ग्लोबल	Latin	Devanagari
S1-468897749	S2-80749034	0	0	0	0	cross-script	Hari Software Limited	हरि सॉफ्टवेयर लिमिटेड	Latin	Devanagari
S1-424205429	S2-862599123	0	0	0	0	cross-script	Classic Food Private Limited	क्लासिक फूड प्राइवेट लिमिटेड	Latin	Devanagari
S1-221531669	S2-611084089	0	0	0	0	cross-script	City Universal Care Private Limited	सिटी यूनिवर्सल केयर प्राइवेट लिमिटेड	Latin	Devanagari
S1-958788344	S2-980974741	0	0	0	0	cross-script	Apex Engineering Pvt Ltd	एपेक्स इंजीनियरिंग प्रा. लि.	Latin	Devanagari
S1-785312482	S3-132385889	0	0	0	0	abbreviation	Mac Medical Centre	macmedicalcentre.com	Latin	Latin
S1-808268126	S2-11897444	0	0	0	0	cross-script	One Consultancy Private Limited	వన్ కన్సల్టెన్సీ ప్రైవేట్ లిమిటెడ్	Latin	Telugu
S1-542108674	S3-437959101	0	0	0	0	typo / spelling variation	Tri-State Flaherty	Tri-State Fláherty	Latin	Latin
S1-191918588	S3-394033060	0	0	0	0	missing address	Heartland Crypto Inc	Heartland Crhifpo Inc	Latin	Latin
S1-608968920	S2-32179985	0	0	0	0	severe noise / vocabulary shift	Alpha First Finance Private Limited	ਅਲਫ਼ਾ ਫਸਟ ਫਾਈਨੈਂਸ ਪ੍ਰਾਈਵੇਟ ਲਿਮਟਿਡ	Latin	Latin
S1-76825335	S2-35040991	0	0	0	0	cross-script	High Construction Private Limited	हाई कंस्ट्रक्शन प्राइवेट लिमिटेड	Latin	Devanagari
S1-442637152	S3-542431361	0	0	0	0	abbreviation	Silver Care Private Limited	Pyrariza	Latin	Latin
S1-511683693	S2-603371082	0	0	0	0	severe noise / vocabulary shift	Balaji Infrastructure Private Limited	Shri balajiinfrastructure.com	Latin	Latin
S1-962014871	S3-108648629	0	0	0	0	missing address	A Heritage Indonesia Inc	A Heritage Inhdcofsai Inc	Latin	Latin
S1-808268126	S3-178367931	0	0	0	0	cross-script	One Consultancy Private Limited	వన్ కన్సల్టెన్సీ ప్రైవేట్ లిమిటెడ్	Latin	Telugu
S1-519019285	S3-698639572	0	0	0	0	cross-script	Lakshmi Infrastructure Private Limited	லக்ஷ்மி இன்ஃப்ராஸ்ட்ரக்சர் பிரைவேட் லிமிடெட்	Latin	Tamil
S1-89176857	S2-532323344	0	0	0	0	cross-script	United Developers Private Limited	ಯುನೈಟೆಡ್ ಡೆವಲಪರ್ಸ್ ಪ್ರೈವೇಟ್ ಲಿಮಿಟೆಡ್	Latin	Kannada
S1-598515315	S2-345933715	0	0	0	0	cross-script	Baba Builders Private Limited	বাবা বিল্ডার্স প্রাইভেট লিমিটেড	Latin	Bengali
S1-424114756	S3-373123795	0	0	0	0	abbreviation	Ironclad LLC	Nyladelta	Latin	Latin
S1-939930924	S3-217193272	0	0	0	0	cross-script	Green Properties Private Limited	ग्रीन प्रॉपर्टीज प्राइवेट लिमिटेड	Latin	Devanagari
S1-390592318	S3-308484779	0	0	0	0	short business name	Black Healthcare Private Limited	Black	Latin	Latin
S1-290187987	S2-678940681	0	0	0	0	cross-script	East Silver Technology Private Limited	ఈస్ట్ సిల్వర్ టెక్నాలజీ ప్రైవేట్ లిమిటెడ్	Latin	Telugu
S1-767948269	S2-518375227	0	0	0	0	cross-script	Green Software Private Limited	గ్రీన్ సాఫ్ట్‌వేర్ ప్రైవేట్ లిమిటెడ్	Latin	Telugu
S1-683271240	S3-108267898	0	0	0	0	abbreviation	Womens Health Physicians LLC	wphealthcom	Latin	Latin
S1-808153732	S2-543915145	0	0	0	0	token reordering	Southern Factory LLC	LLC Southern Foatosry	Latin	Latin
S1-470443642	S3-96601129	0	0	0	0	typo / spelling variation	Orthopedic Health P.C.	orthopedic héalth p.c.	Latin	Latin
S1-745875859	S2-72603578	0	0	0	0	token variation	Gulf Resources	GULF RESCLRRCSE	Latin	Latin
S1-252401816	S3-374951752	0	0	0	0	numeric mismatch	Torey's Allied Development	T0rey's Allied	Latin	Latin
S1-247229869	S3-219916806	0	0	0	0	numeric mismatch	Big Pizza	Big  Pbriaz	Latin	Latin
S1-952721952	S3-421648845	0	0	0	0	abbreviation	Shram Technology Private Limited	Arctavo	Latin	Latin
S1-690510590	S3-438273011	0	0	0	0	severe noise / vocabulary shift	Big 6 Barbershop	Yumayumaevo	Latin	Latin
S1-173969546	S3-464273721	0	0	0	0	abbreviation	Rz Transglobal Ltd	Trz.Com	Latin	Latin
S1-524222976	S3-360242785	0	0	0	0	cross-script	Southern Producer Private Limited	सदर्न प्रोड्यूसर प्राइवेट लिमिटेड	Latin	Devanagari
S1-727719053	S3-405536849	0	0	0	0	cross-script	CJ Facilities Private Limited	Cfprivate.Com	Latin	Tamil
S1-683976542	S3-259027543	0	0	0	0	token variation	Chiropractic Specialists Inc	Onyxdrex formerly Chiropractic Specialists Inc	Latin	Latin
S1-749429877	S2-619238324	0	0	0	0	cross-script	Alpha Ventures Private Limited	अल्फा वेंचर्स प्राइवेट लिमिटेड	Latin	Devanagari
S1-358996742	S2-43836829	0	0	0	0	cross-script	New Delhi Productions Private Limited	... New Delhi Produthbons Private Limited	Latin	Devanagari
S1-682913736	S3-379358518	0	0	0	0	token reordering	Delhi Buildcon Limited	Limited Delhi Buidlaon	Latin	Latin
S1-226862856	S3-957417928	0	0	0	0	abbreviation	Sterling	Lumnyla t/a Sterling	Latin	Latin
S1-100411530	S3-890993724	0	0	0	0	cross-script	Seven Tech Private Limited	सेवन टेक प्राइवेट लिमिटेड	Latin	Devanagari
S1-848333209	S2-570992947	0	0	0	0	short business name	Fia	Dovaumbra	Latin	Latin
S1-978613035	S2-731667830	0	0	0	0	abbreviation	CLT Global Private Limited	cltglobalprivate.com	Latin	Latin
S1-480759450	S3-829125509	0	0	0	0	severe noise / vocabulary shift	Safe Automobile Inc	Safe Inc Center	Latin	Latin
S1-274784026	S2-328391637	0	0	0	0	cross-script	Shakti Premier Projects Private Limited	शक्ति प्रीमियर प्रोजेक्ट्स प्राइवेट लिमिटेड	Latin	Devanagari
S1-42083173	S3-424903585	0	0	0	0	cross-script	Seven Systems Private Limited	Seven ಸಿಸ್ಟಮ್ಸ್ ಪ್ರೈವೇಟ್ ಲಿಮಿಟೆಡ್	Latin	Kannada
S1-898656588	S2-793470656	0	0	0	0	cross-script	Ss Foundation	एसएस फाउंडेशन	Latin	Devanagari
S1-182116865	S3-836655128	0	0	0	0	short business name	Town Of	Tn Óf	Latin	Latin
S1-290631377	S3-634592073	0	0	0	0	short business name	Sridhar Academy	SA	Latin	Latin
S1-763963829	S3-582327241	0	0	0	0	typo / spelling variation	New International School	New International Schóol	Latin	Latin
S1-536089533	S3-951202937	0	0	0	0	abbreviation	Bangalore South Durga LLP	Durgasouth.Com	Latin	Latin
S1-396445854	S2-743217832	0	0	0	0	typo / spelling variation	V+ Muniholdings Inc	V+ Munholgs Inc	Latin	Latin
S1-96868522	S3-275973601	0	0	0	0	token variation	Pediatric Dental Clinic	Kelovantage F/K/A Pediatric Dental Clinic	Latin	Latin
S1-531803676	S3-234297650	0	0	0	0	token variation	Womens Health Associates LLC	Tavoquo trading as Womens Health Associates LLC	Latin	Latin
S1-97059024	S2-88271812	0	0	0	0	cross-script	Al Technology	अल टेक्नोलॉजी	Latin	Devanagari
S1-701260834	S2-676571446	0	0	0	0	cross-script	Big Pioneer Systems	ಬಿಗ್ ಪಯೊನೀರ್ ಸಿಸ್ಟಮ್ಸ್	Latin	Kannada
S1-406115395	S2-281576339	0	0	0	0	cross-script	One Agro Private Limited	वन एग्रो प्राइवेट लिमिटेड	Latin	Devanagari
S1-516867833	S3-224460051	0	0	0	0	cross-script	Red Impex	Red Iimpexe	Latin	Kannada
S1-264416914	S2-211575234	0	0	0	0	token variation	Ear Nose & Throat Colonial Associates LLC	Ear Nose & Colonial Ássociates LLC Center	Latin	Latin
S1-970972190	S3-914788601	0	0	0	0	typo / spelling variation	Horizon, LLC	Hooizon, LLC	Latin	Latin
S1-172566849	S2-675281506	0	0	0	0	severe noise / vocabulary shift	Star Suisse Inc	Star Inc-Partners	Latin	Latin
S1-463566852	S2-870285947	0	0	0	0	cross-script	New Infrastructure Limited	ನ್ಯೂ ಇನ್‌ಫ್ರಾಸ್ಟ್ರಕ್ಚರ್ ಲಿಮಿಟೆಡ್	Latin	Kannada
S1-687889469	S2-216334969	0	0	0	0	severe noise / vocabulary shift	Ace Properties	ଏସ୍ ପ୍ରୋପର୍ଟିଜ୍	Latin	Latin
S1-790236517	S2-604550111	0	0	0	0	abbreviation	Quintero Star Vii L.L.C.	Noviciraonyx	Latin	Latin
S1-744425418	S2-73081258	0	0	0	0	cross-script	Maa Constructions Pvt Ltd	माँ कंस्ट्रक्शंस प्रा. लि.	Latin	Devanagari
S1-87270499	S3-871289085	0	0	0	0	cross-script	Vijay Media Private Limited	विजय मीडिया प्राइवेट लिमिटेड	Latin	Devanagari
S1-42749076	S2-236913229	0	0	0	0	cross-script	Life Infrastructure Private Limited	लाइफ इंफ्रास्ट्रक्चर प्राइवेट लिमिटेड	Latin	Devanagari
S1-309580733	S3-628627670	0	0	0	0	token variation	Urgent Care Health LLC	Urgent Care LLC [Center]	Latin	Latin
S1-859120397	S2-92349833	0	0	0	0	cross-script	Premier Software Private Limited	பிரீமியர் சாஃப்ட்வேர் பிரைவேட் லிமிடெட்	Latin	Tamil
S1-832531854	S3-568073557	0	0	0	0	cross-script	Dream Ventures	డ్రీమ్ వెంచర్స్	Latin	Telugu
S1-879410932	S2-4261455	0	0	0	0	cross-script	Global Lotus Infra	ग्लोबल लोटस इंफ्रा	Latin	Devanagari
S1-460209241	S3-878643928	0	0	0	0	cross-script	South Producer Private Limited	साउथ प्रोड्यूसर प्राइवेट लिमिटेड	Latin	Devanagari
S1-828820073	S2-477500964	0	0	0	0	cross-script	Smart Consulting Private Limited	स्मार्ट कंसल्टिंग प्राइवेट लिमिटेड	Latin	Devanagari
S1-861162865	S2-674201123	0	0	0	0	abbreviation	Pavana Solutions (India) LLP	ARCYUMA	Latin	Latin
S1-698115654	S3-985287255	0	0	0	0	cross-script	Shyam International Private Limited	श्याम इंटरनेशनल प्राइवेट लिमिटेड	Latin	Devanagari
S1-10984020	S2-978093443	0	0	0	0	typo / spelling variation	Pediatric Dentistry Center	Pediatric Dentistry Cence Cence	Latin	Latin
S1-853485001	S3-173046219	0	0	0	0	abbreviation	Gadasoft	Synjax	Latin	Latin
S1-964943832	S2-524789605	0	0	0	0	cross-script	Hari Logistics Private Limited	हरि लॉजिस्टिक्स प्राइवेट लिमिटेड	Latin	Devanagari
S1-920487543	S3-611373528	0	0	0	0	numeric mismatch	Vision Physicians	Vision Service	Latin	Latin
S1-540002161	S2-677744932	0	0	0	0	cross-script	Hari Enterprises Pvt Ltd	हरि एंटरप्राइजेज प्रा. लि.	Latin	Devanagari
S1-165347081	S3-240381724	0	0	0	0	abbreviation	Raj Logistics Private Limited	rajlogistics.com	Latin	Latin
S1-693965356	S3-599310633	0	0	0	0	token reordering	Midinet LLC	LLC Miadicnet	Latin	Latin
S1-607575897	S2-337833345	0	0	0	0	cross-script	Raj Jay Management Private Limited	राज जय मैनेजमेंट प्राइवेट लिमिटेड	Latin	Devanagari
S1-939930924	S2-82252715	0	0	0	0	cross-script	Green Properties Private Limited	ग्रीन प्रॉपर्टीज प्राइवेट लिमिटेड	Latin	Devanagari
S1-499933893	S2-693671089	0	0	0	0	missing address	Shree Agro Ltd	M/s SHREE AGOT-LTD	Latin	Latin
S1-398680215	S3-986500833	0	0	0	0	severe noise / vocabulary shift	Metropolitan Business	Wexdovasyn	Latin	Latin
S1-698571148	S3-443871389	0	0	0	0	cross-script	North Global Private Limited	नॉर्थ ग्लोबल प्राइवेट लिमिटेड	Latin	Devanagari
S1-686170445	S2-822476767	0	0	0	0	cross-script	Jai Exports Private Limited	जय एक्सपोर्ट्स प्राइवेट लिमिटेड	Latin	Devanagari
S1-111848651	S3-109070846	0	0	0	0	cross-script	Vijay Seven Builders	വിജയ് സെവൻ ബിൽഡേഴ്സ്	Latin	Malayalam
S1-274599065	S2-424823829	0	0	0	0	typo / spelling variation	Harbor Barings	HARBOR BNRIAGNS	Latin	Latin
S1-35078671	S2-256762300	0	0	0	0	abbreviation	Human Rights Committee Associates	HUMANRIGHTSCOMMITTEECOM	Latin	Latin
S1-195163220	S3-105214680	0	0	0	0	cross-script	Fortune Black Power Private Limited	ఫార్చూన్ బ్లాక్ పవర్ ప్రైవేట్ లిమిటెడ్	Latin	Telugu
S1-21963593	S3-662475006	0	0	0	0	severe noise / vocabulary shift	Mech Real Pvt. Ltd.	Belodovabelo	Latin	Latin
S1-521828058	S2-25222945	0	0	0	0	typo / spelling variation	Oncology Care Associates LLC	0ncology Care Associates	Latin	Latin
S1-215173887	S2-451554612	0	0	0	0	severe noise / vocabulary shift	Royal Dogecoin LLC	Haloveradova	Latin	Latin
S1-179140121	S2-639341576	0	0	0	0	cross-script	My It Pvt Ltd	माय आईटी प्रा. लि.	Latin	Devanagari
S1-172107962	S2-876967179	0	0	0	0	typo / spelling variation	First Lutheran Church	First Lútheran Church	Latin	Latin
S1-572975789	S2-362308906	0	0	0	0	cross-script	Raj Constructions Private Limited	राज कंस्ट्रक्शंस प्राइवेट लिमिटेड	Latin	Devanagari
S1-766025462	S2-495310488	0	0	0	0	typo / spelling variation	Valley Council LLC	Valley Cóntcol LLC	Latin	Latin
S1-966269098	S2-42272526	0	0	0	0	severe noise / vocabulary shift	Peak Resilience LLC	PEAK  LLC CENTER	Latin	Latin
S1-770128219	S2-895217647	0	0	0	0	token variation	Safe Bright LLC	Safe Becsgt [LLC]	Latin	Latin
S1-183602055	S2-697656336	0	0	0	0	cross-script	Digital Tech Pvt Ltd	डिजिटल टेक प्रा. लि.	Latin	Devanagari
S1-764218371	S2-883580594	0	0	0	0	cross-script	Shivam Exports Private Limited	शिवम एक्सपोर्ट्स प्राइवेट लिमिटेड	Latin	Devanagari
S1-48994213	S3-465372715	0	0	0	0	cross-script	Perfect Investments Limited	परफेक्ट इन्वेस्टमेंट्स लिमिटेड	Latin	Devanagari
S1-233440709	S3-4667482	0	0	0	0	typo / spelling variation	Vision Group	VISI0N GROUP	Latin	Latin
S1-447347365	S3-275725813	0	0	0	0	cross-script	Lakshmi Estate Private Limited	लक्ष्मी एस्टेट प्राइवेट लिमिटेड	Latin	Devanagari
S1-917409823	S3-154614142	0	0	0	0	abbreviation	Big Blue Systems Private Limited	bsblue.com	Latin	Latin
S1-521944928	S3-782245819	0	0	0	0	cross-script	Sunrise Exports Pvt Ltd	সানরাইজ Exports প্রাইভেট লিমিটেড	Latin	Bengali
S1-952423716	S3-6089893	0	0	0	0	typo / spelling variation	Arihant Marketing Private Limited	Arihant Masketibng Private  Limited	Latin	Latin
S1-851036997	S2-887649009	0	0	0	0	cross-script	Guru Estate	ગુરુ એસ્ટેટ	Latin	Gujarati
S1-385741670	S3-274319196	0	0	0	0	typo / spelling variation	St. Israel	St. Ísael	Latin	Latin
S1-701260834	S3-653492751	0	0	0	0	cross-script	Big Pioneer Systems	ಬಿಗ್ ಪಯೊನೀರ್ ಸಿಸ್ಟಮ್ಸ್	Latin	Kannada
S1-787357092	S2-352533830	0	0	0	0	cross-script	Dream Infrastructure Limited	ড্রিম ইনফ্রাস্ট্রাকচার লিমিটেড	Latin	Bengali
S1-730360338	S2-22892034	0	0	0	0	severe noise / vocabulary shift	Modern Properties Private Limited	ਮਾਡਰਨ ਪ੍ਰੋਪਰਟੀਜ਼ ਪ੍ਰਾਈਵੇਟ ਲਿਮਟਿਡ	Latin	Latin
S1-357284043	S2-14996240	0	0	0	0	typo / spelling variation	Internal Medicine Green Center LLC	Internal Medicine Garren Center LLC	Latin	Latin
S1-760678310	S3-565400450	0	0	0	0	cross-script	Big Industries Pvt Ltd	बिग इंडस्ट्रीज प्रा. लि.	Latin	Devanagari
S1-614060557	S3-963013258	0	0	0	0	cross-script	Jay Infra	जय इंफ्रा	Latin	Devanagari
S1-616602599	S2-486726284	0	0	0	0	cross-script	Foundation Tradelink Pvt Ltd	FOUNDATION  TDRMAELMINK PVT LTD	Latin	Devanagari
S1-965498795	S3-112459316	0	0	0	0	severe noise / vocabulary shift	Foot & Ankle Care Associates Corporation	-- Foot & Ankle Care	Latin	Latin
S1-839968350	S2-666392366	0	0	0	0	cross-script	Sree Industries Private Limited	श्री इंडस्ट्रीज प्राइवेट लिमिटेड	Latin	Devanagari
S1-895572565	S2-979971138	0	0	0	0	short business name	Metaque	MARUE	Latin	Latin
S1-283173396	S2-862242232	0	0	0	0	severe noise / vocabulary shift	Galaxy Energy LLP	ଗାଲାକ୍ସି ଏନର୍ଜି ଏଲ୍‌ଏଲ୍‌ପି	Latin	Latin
S1-957591047	S2-445046777	0	0	0	0	typo / spelling variation	Fresh Hypnosis Inc.	Fresh Hymfosis Ínc.	Latin	Latin
S1-928397790	S3-474561644	0	0	0	0	abbreviation	Hari Finance Limited	harifinance.com	Latin	Latin
S1-561847859	S2-405903709	0	0	0	0	cross-script	Nextwave Medical Centre Limited	Rizavio	Latin	Devanagari
S1-809197500	S3-612989203	0	0	0	0	severe noise / vocabulary shift	Snazzy Gallery LLP	Brixvioecto+	Latin	Latin
S1-311995373	S3-799552904	0	0	0	0	cross-script	Life Hospitality	லைஃப் ஹாஸ்பிடாலிட்டி	Latin	Tamil
S1-752197821	S2-23060277	0	0	0	0	typo / spelling variation	Pediatric Dentistry Care Associates Inc	Pediatric Dentistry Care Asdscitaes [Inc]	Latin	Latin
S1-965708285	S3-115215976	0	0	0	0	typo / spelling variation	International Impex Private Limited	International Impex Pravtae Límited	Latin	Latin
S1-357285869	S3-941382490	0	0	0	0	cross-script	Pioneer Software Private Limited	பயனியர் சாஃப்ட்வேர் Private Limited	Latin	Tamil
S1-51121547	S2-865981345	0	0	0	0	token variation	Tri-State League	Tri-State Service	Latin	Latin
S1-686170445	S2-916619207	0	0	0	0	severe noise / vocabulary shift	Jai Exports Private Limited	M/s Onyxnylavantage	Latin	Latin
S1-964943832	S3-262644080	0	0	0	0	cross-script	Hari Logistics Private Limited	हरि लॉजिस्टिक्स प्राइवेट लिमिटेड	Latin	Devanagari
S1-113311370	S3-593570416	0	0	0	0	abbreviation	Tambaram Blue Private Limited	Támbaramblue.Com	Latin	Latin
S1-717686750	S3-355018767	0	0	0	0	typo / spelling variation	Cozy Barbershop Inc	Cozy Bbrbresrohp Inc	Latin	Latin
S1-819613080	S3-316966885	0	0	0	0	typo / spelling variation	Creative Financial Inc	Creative Finnamla Inc	Latin	Latin
S1-449625167	S2-314484829	0	0	0	0	token variation	Prime Stellar	Prime Services	Latin	Latin
S1-664313965	S3-420996565	0	0	0	0	abbreviation	Resorts Education Private Limited	Veocalo	Latin	Latin
S1-755540304	S2-152221666	0	0	0	0	abbreviation	Gujarat Services Private Limited	GUJARATSERVICES.COM	Latin	Latin
S1-72832987	S2-267294182	0	0	0	0	cross-script	Bombay Agro Private Limited	બોમ્બે એગ્રો પ્રાઇવેટ લિમિટેડ	Latin	Gujarati
S1-671230362	S3-506587799	0	0	0	0	abbreviation	Family Partners LLC	familypartners.com	Latin	Latin
S1-701382802	S2-963892865	0	0	0	0	token variation	Pediatric Dental Care Associates Inc	Pediatric Dental  Care	Latin	Latin
S1-696470010	S3-186978958	0	0	0	0	severe noise / vocabulary shift	Young Sangh	Fluxriza	Latin	Latin
S1-957591047	S3-384985066	0	0	0	0	severe noise / vocabulary shift	Fresh Hypnosis Inc.	Umbralyramira	Latin	Latin
S1-486767278	S3-810753010	0	0	0	0	cross-script	Shiv Universal Agro LLP	शिव यूनिवर्सल एग्रो एलएलपी	Latin	Devanagari
S1-392621059	S2-584502211	0	0	0	0	typo / spelling variation	Dermatology Group	Dermratflfgy Group	Latin	Latin
S1-584613308	S2-922549231	0	0	0	0	cross-script	Blue Business Pvt Ltd	புளூ பிசினஸ் பிரைவேட் லிமிடெட்	Latin	Tamil
S1-94962737	S2-876543064	0	0	0	0	typo / spelling variation	Urology Physicians Inc	UROLOGY PHBSITCALNS  INC	Latin	Latin
S1-28392235	S3-312013166	0	0	0	0	abbreviation	Construction Khushi Infrastructure Private Limited	Pyranyla	Latin	Latin
S1-698934917	S3-204247214	0	0	0	0	abbreviation	Super Logistics Private Limited	superlogisticscom	Latin	Latin
S1-696124896	S2-706979731	0	0	0	0	cross-script	Golden Lotus Logistics Limited	गोल्डन लोटस लॉजिस्टिक्स लिमिटेड	Latin	Devanagari
S1-144276757	S3-880011605	0	0	0	0	cross-script	East Consultancy Private Limited	ईस्ट कंसल्टेंसी प्राइवेट लिमिटेड	Latin	Devanagari
S1-582002415	S2-337255513	0	0	0	0	cross-script	United Dynamic Business Private Limited	யுனைடெட் டைனமிக் பிசினஸ் பிரைவேட் லிமிடெட்	Latin	Tamil
S1-914045522	S2-731931105	0	0	0	0	cross-script	Tech Technologies Limited	टेक टेक्नोलॉजीज लिमिटेड	Latin	Devanagari
S1-829538384	S3-870955044	0	0	0	0	abbreviation	LMI India Private Limited	lmiindiaprivate.com	Latin	Latin
S1-326844854	S2-302223106	0	0	0	0	typo / spelling variation	Health Coalition	Health Cloamiltnon	Latin	Latin
S1-517322263	S2-281096332	0	0	0	0	cross-script	Shivam Foods LLP	शिवम फूड्स एलएलपी	Latin	Devanagari
S1-599116569	S2-372224152	0	0	0	0	cross-script	Premier Hospitality Pvt Ltd	प्रीमियर हॉस्पिटैलिटी प्रा. लि.	Latin	Devanagari
S1-761404110	S2-688037752	0	0	0	0	cross-script	City Hospitality Private Limited	സിറ്റി ഹോസ്പിറ്റാലിറ്റി പ്രൈവറ്റ് ലിമിറ്റഡ്	Latin	Malayalam
S1-497028624	S3-820909843	0	0	0	0	cross-script	Sky Lakshmi Investment Private Limited	स्काई लक्ष्मी इन्वेस्टमेंट प्राइवेट लिमिटेड	Latin	Devanagari
S1-442637152	S2-905976954	0	0	0	0	cross-script	Silver Care Private Limited	सिल्वर केयर प्राइवेट लिमिटेड	Latin	Devanagari
S1-923283995	S2-932818599	0	0	0	0	abbreviation	Jarleus Bdc LLC	jbdc.com	Latin	Latin
S1-808268126	S3-63620454	0	0	0	0	abbreviation	One Consultancy Private Limited	oneconsultancy.com	Latin	Latin
S1-824786563	S3-686493872	0	0	0	0	cross-script	Ace Technology Private Limited	एस Technology प्राइवेट लिमिटेड	Latin	Devanagari
S1-595488395	S3-547413958	0	0	0	0	cross-script	Black Infotech Pvt Ltd	బ్లాక్ ఇన్ఫోటెక్ ప్రైవేట్ లిమిటెడ్	Latin	Telugu
S1-984577053	S2-984053559	0	0	0	0	token variation	Interstate Alliance	Interstate Almhane Almhane	Latin	Latin
S1-10468395	S2-10190112	0	0	0	0	cross-script	Best Foundation Private Limited	Private Best Foundcatinh Limited	Latin	Devanagari
S1-696867509	S2-338723016	0	0	0	0	cross-script	Shiva Balaji Foods Private Limited	शिवा बालाजी फूड्स प्राइवेट लिमिटेड	Latin	Devanagari
S1-701260834	S2-285825305	0	0	0	0	cross-script	Big Pioneer Systems	ಬಿಗ್ ಪಯೊನೀರ್ ಸಿಸ್ಟಮ್ಸ್	Latin	Kannada
S1-787357092	S2-531582935	0	0	0	0	cross-script	Dream Infrastructure Limited	ড্রিম ইনফ্রাস্ট্রাকচার লিমিটেড	Latin	Bengali
S1-879410932	S3-225253734	0	0	0	0	cross-script	Global Lotus Infra	ग्लोबल लोटस इंफ्रा	Latin	Devanagari
S1-875691488	S3-625046749	0	0	0	0	typo / spelling variation	Real Agro Private Limited	Real Agro Prmvgest Limited	Latin	Latin
S1-563977218	S2-47022188	0	0	0	0	typo / spelling variation	Dermatology Center Inc	Dermat0logy  Center (Inc)	Latin	Latin
S1-924854103	S3-734979155	0	0	0	0	severe noise / vocabulary shift	Pune Technologies Co	Beloonyx	Latin	Latin
S1-68514083	S2-861669476	0	0	0	0	cross-script	Tirupati Logistics Private Limited	तिरुपति लॉजिस्टिक्स प्राइवेट लिमिटेड	Latin	Devanagari
S1-194662727	S3-907175385	0	0	0	0	short business name	Ace Gurukul Private Limited	AG	Latin	Latin
S1-3597945	S2-958431837	0	0	0	0	cross-script	Hari Construction Private Limited	हरि कंस्ट्रक्शन प्राइवेट लिमिटेड	Latin	Devanagari
S1-817263292	S2-16746082	0	0	0	0	cross-script	White Builders Private Limited	વ્હાઇટ બિલ્ડર્સ પ્રાઇવેટ લિમિટેડ	Latin	Gujarati
S1-591940477	S2-219405601	0	0	0	0	cross-script	Balaji Hospitality Private Limited	बालाजी हॉस्पिटैलिटी प्राइवेट लिमिटेड	Latin	Devanagari
S1-820273989	S2-911804937	0	0	0	0	severe noise / vocabulary shift	Dental Care Associates of Spring	#dentalcare	Latin	Latin
S1-42590481	S3-481346814	0	0	0	0	cross-script	Raj Industries Private Limited	राज इंडस्ट्रीज प्राइवेट लिमिटेड	Latin	Devanagari
S1-349475140	S3-942791019	0	0	0	0	token variation	Golden Products Private Limited	Brixfaye formerly: Golden Products Private Limited	Latin	Latin
S1-519333644	S2-629643190	0	0	0	0	cross-script	North Ram Industries Private Limited	நார்த் ராம் இண்டஸ்ட்ரீஸ் பிரைவேட் லிமிடெட்	Latin	Tamil
S1-168642902	S2-187406565	0	0	0	0	cross-script	Star Healthcare Pvt Ltd	स्टार हेल्थकेयर प्रा. लि.	Latin	Devanagari
S1-51991841	S2-936410049	0	0	0	0	cross-script	Prime International Pvt Ltd	பிரைம் இன்டர்நேஷனல் பிரைவேட் லிமிடெட்	Latin	Tamil
S1-434344402	S3-620603538	0	0	0	0	cross-script	Pioneer Global Private Limited	पायोनियर ग्लोबल प्राइवेट लिमिटेड	Latin	Devanagari
S1-989244809	S2-10017249	0	0	0	0	cross-script	Red Logistics Private Limited	রেড লজিস্টিকস প্রাইভেট লিমিটেড	Latin	Bengali
S1-936407518	S3-512482489	0	0	0	0	abbreviation	Everhart Direct International Clinic	deinternational.com	Latin	Latin
S1-225067782	S3-553381199	0	0	0	0	typo / spelling variation	Summit Guild VI	Summit Gingd VI	Latin	Latin
S1-272979013	S2-652855784	0	0	0	0	abbreviation	Alvarado Platinum Purpose LLC	CALOFAYE	Latin	Latin
S1-64419765	S3-363510929	0	0	0	0	cross-script	Ss Anand Services Private Limited	एसएस आनंद सर्विसेज प्राइवेट लिमिटेड	Latin	Devanagari
S1-902712696	S3-139160423	0	0	0	0	abbreviation	Chennai India Private Limited	chénnaiindiaprivate.com	Latin	Latin
S1-171602965	S3-526575323	0	0	0	0	typo / spelling variation	City Healthcare Private Limited	... City Healrhcaire Private Limited	Latin	Latin
S1-684789590	S2-853829385	0	0	0	0	cross-script	Gujarat Business	குஜராத் பிசினஸ்	Latin	Tamil
S1-944620593	S2-475662656	0	0	0	0	typo / spelling variation	Federal Coalition	FEDERAL COAILTION	Latin	Latin
S1-674375688	S2-929771081	0	0	0	0	severe noise / vocabulary shift	Summit Inc	Summit Ínc Services	Latin	Latin
S1-884388031	S2-262076015	0	0	0	0	cross-script	Silver Developers Pvt Ltd	ಸಿಲ್ವರ್ ಡೆವಲಪರ್ಸ್ ಪ್ರೈವೇಟ್ ಲಿಮಿಟೆಡ್	Latin	Kannada
S1-983979134	S2-788939384	0	0	0	0	cross-script	Southern Ace Constructions Private Limited	সাউদার্ন এইস কনস্ট্রাকশনস প্রাইভেট লিমিটেড	Latin	Bengali
S1-614753985	S2-905025505	0	0	0	0	cross-script	New Delhi India Private Limited	New Dblelfi Índia Private Limited	Latin	Devanagari
S1-493607062	S2-171912569	0	0	0	0	numeric mismatch	Aurora Charlton, LLC	Aurora Chadrlton, LLC - 6480464603	Latin	Latin
S1-388631120	S3-21039187	0	0	0	0	typo / spelling variation	Chiropractic Associates L.L.C.	Chiropractic Aoscitaes L.L.C.	Latin	Latin
S1-605716148	S3-357129650	0	0	0	0	severe noise / vocabulary shift	Future Agro Private Limited	ଫ୍ୟୁଚର୍ ଆଗ୍ରୋ ପ୍ରାଇଭେଟ୍ ଲିମିଟେଡ୍	Latin	Latin
S1-645392023	S3-34774785	0	0	0	0	cross-script	Krishna Properties	कृष्ण प्रॉपर्टीज	Latin	Devanagari
S1-323462256	S3-736611499	0	0	0	0	cross-script	Balaji Media Private Limited	बालाजी मीडिया प्राइवेट लिमिटेड	Latin	Devanagari
S1-368009067	S3-742989669	0	0	0	0	cross-script	Vision Enterprises	விஷன் எண்டர்பிரைசஸ்	Latin	Tamil
S1-565604062	S2-633670822	0	0	0	0	cross-script	Perfect Builders Private Limited	परफेक्ट बिल्डर्स प्राइवेट लिमिटेड	Latin	Devanagari
S1-713912434	S2-886612599	0	0	0	0	cross-script	First Infrastructure	ফার্স্ট ইনফ্রাস্ট্রাকচার	Latin	Bengali
S1-666734313	S3-736878295	0	0	0	0	cross-script	Aditya Foods Private Limited	आदित्य फूड्स प्राइवेट लिमिटेड	Latin	Devanagari
S1-891217005	S2-738878667	0	0	0	0	cross-script	White Impex Pvt Ltd	Pvt White Imeohxe Ltd	Latin	Bengali
S1-942357826	S3-488931018	0	0	0	0	cross-script	Tech Southern Global Private Limited	ಟೆಕ್ ಸದರ್ನ್ ಗ್ಲೋಬಲ್ ಪ್ರೈವೇಟ್ ಲಿಮಿಟೆಡ್	Latin	Kannada
S1-923573761	S3-41897677	0	0	0	0	typo / spelling variation	Physical Therapy Modern Care Associates	PHY5ICAL THERAPY MODERN CARE ASSOCIATES	Latin	Latin
S1-779437910	S2-4844398	0	0	0	0	cross-script	Baba Sree Enterprises Private Limited	बाबा श्री एंटरप्राइजेज प्राइवेट लिमिटेड	Latin	Devanagari
S1-421439194	S2-495106586	0	0	0	0	cross-script	Bright Infrastructure Private Limited	ब्राइट इंफ्रास्ट्रक्चर प्राइवेट लिमिटेड	Latin	Devanagari
S1-842458982	S3-968416284	0	0	0	0	cross-script	Indian Global Pvt Ltd	ಇಂಡಿಯನ್ ಗ್ಲೋಬಲ್ ಪ್ರೈವೇಟ್ ಲಿಮಿಟೆಡ್	Latin	Kannada
S1-863490729	S2-734388052	0	0	0	0	severe noise / vocabulary shift	Prairie Dental Associates PC	PRAIRIE DÉNTAL	Latin	Latin
S1-896454262	S3-322289276	0	0	0	0	cross-script	United Tech Private Limited	यूनाइटेड टेक प्राइवेट लिमिटेड	Latin	Devanagari
S1-188401577	S3-943327518	0	0	0	0	cross-script	Shree Systems Pvt Ltd	श्री सिस्टम्स प्रा. लि.	Latin	Devanagari
S1-556447919	S2-285899759	0	0	0	0	typo / spelling variation	New Delhi Servicesprivate Limited	New Delhi Sehvicspivate Limited	Latin	Latin
S1-87270499	S3-874026035	0	0	0	0	cross-script	Vijay Media Private Limited	विजय मीडिया प्राइवेट लिमिटेड	Latin	Devanagari
S1-567115429	S2-599142168	0	0	0	0	cross-script	Shakti Power Private Limited	शक्ति पावर प्राइवेट लिमिटेड	Latin	Devanagari
S1-10468395	S3-997721246	0	0	0	0	cross-script	Best Foundation Private Limited	बेस्ट फाउंडेशन प्राइवेट लिमिटेड	Latin	Devanagari
S1-117434745	S2-642726660	0	0	0	0	token variation	Miller Jpmorgan	Miller [Jsomragn]	Latin	Latin
S1-397625112	S2-390651858	0	0	0	0	cross-script	Gold Digital Products Limited	गोल्ड डिजिटल प्रोडक्ट्स लिमिटेड	Latin	Devanagari
S1-592344831	S3-223996242	0	0	0	0	token variation	Lee Altisource	Lee Algtsioure	Latin	Latin
S1-868824185	S2-323177283	0	0	0	0	typo / spelling variation	M & M Oriental LLC	M & M Oietnal LLC	Latin	Latin
S1-703116170	S3-474470316	0	0	0	0	cross-script	New Eastern Estate Private Limited	ന്യൂ ഈസ്റ്റേൺ എസ്റ്റേറ്റ് പ്രൈവറ്റ് ലിമിറ്റഡ്	Latin	Malayalam
S1-458305883	S2-377954907	0	0	0	0	cross-script	Al Lakshmi Infotech Private Limited	अल लक्ष्मी इंफोटेक प्राइवेट लिमिटेड	Latin	Devanagari
S1-238093217	S3-436071135	0	0	0	0	severe noise / vocabulary shift	National Guild	Veohalo	Latin	Latin
S1-521491126	S3-480926387	0	0	0	0	typo / spelling variation	Engineering Al Plastics Private Limited	Engineering Al Plshtisc Private Limited	Latin	Latin
S1-898040367	S3-386915162	0	0	0	0	token variation	Anchor Housing LLC	Anch0r Housing	Latin	Latin
S1-942357826	S3-549750582	0	0	0	0	cross-script	Tech Southern Global Private Limited	ಟೆಕ್ ಸದರ್ನ್ ಗ್ಲೋಬಲ್ ಪ್ರೈವೇಟ್ ಲಿಮಿಟೆಡ್	Latin	Kannada
S1-331664855	S2-946131956	0	0	0	0	typo / spelling variation	Buvous Inc	Bvumous Inc	Latin	Latin
S1-228930414	S3-945116986	0	0	0	0	cross-script	Modern Solutions Private Limited	મોડર્ન સોલ્યુશન્સ પ્રાઇવેટ લિમિટેડ	Latin	Gujarati
S1-104395911	S2-199389556	0	0	0	0	cross-script	Great Foundation	ग्रेट फाउंडेशन	Latin	Devanagari
S1-351130190	S3-752116914	0	0	0	0	cross-script	Golden Finance Limited	गोल्डन फाइनेंस लिमिटेड	Latin	Devanagari
S1-133980545	S3-305365655	0	0	0	0	cross-script	Southern Media Pvt Ltd	सदर्न मीडिया Pvt Ltd	Latin	Devanagari
S1-926168933	S3-554847817	0	0	0	0	cross-script	Blue Impex Private Limited	Blue Impex प्राइवेट लिमिटेड	Latin	Devanagari
S1-58691984	S3-913688028	0	0	0	0	abbreviation	Black Ram Consulting Private Limited	blackramconsulting.com	Latin	Latin
S1-256847347	S3-18090269	0	0	0	0	severe noise / vocabulary shift	South Value Flag Inc	Deltaflux	Latin	Latin
S1-58144122	S2-281576159	0	0	0	0	cross-script	Pioneer Estate	पायोनियर एस्टेट	Latin	Devanagari
S1-319438377	S3-721938791	0	0	0	0	cross-script	Premier Engineering Private Limited	प्रीमियर इंजीनियरिंग प्राइवेट लिमिटेड	Latin	Devanagari
S1-112009210	S2-9025026	0	0	0	0	cross-script	Vision International Private Limited	विजन इंटरनेशनल प्राइवेट लिमिटेड	Latin	Devanagari
S1-583742165	S2-404539498	0	0	0	0	cross-script	Hitech Infotech Private Limited	हाईटेक इंफोटेक प्राइवेट लिमिटेड	Latin	Devanagari
S1-779629365	S2-237633028	0	0	0	0	cross-script	Future Hospitality Private Limited	फ्यूचर हॉस्पिटैलिटी प्राइवेट लिमिटेड	Latin	Devanagari
S1-777396739	S3-120126962	0	0	0	0	typo / spelling variation	Smith's Studios	Smith's Stdlgs	Latin	Latin
S1-728033873	S3-793397295	0	0	0	0	abbreviation	IH Rocky Oyster Inc	Kornovi	Latin	Latin
S1-888818682	S3-930754614	0	0	0	0	cross-script	First Software	फर्स्ट सॉफ्टवेयर	Latin	Devanagari
S1-323142467	S2-74955143	0	0	0	0	cross-script	My Foundation Limited	மை ஃபவுண்டேஷன் லிமிடெட்	Latin	Tamil
S1-860067119	S2-471640204	0	0	0	0	cross-script	South Logistics	साउथ लॉजिस्टिक्स	Latin	Devanagari
S1-958147286	S3-700729216	0	0	0	0	token variation	Integrative & Co	Itgerahiove & Co	Latin	Latin
S1-441889803	S3-242839994	0	0	0	0	missing address	Jones Intercontinental	Jones Inetrcontinlnl	Latin	Latin
S1-689594674	S2-954167051	0	0	0	0	cross-script	Green Global Private Limited	Dr Green Global Príante Limited - 6019786325	Latin	Devanagari
S1-723016788	S2-92969767	0	0	0	0	cross-script	Gujarat Healthcare Private Limited	ગુજરાત હેલ્થકેર પ્રાઇવેટ લિમિટેડ	Latin	Gujarati
S1-853994711	S3-244131779	0	0	0	0	cross-script	Dream Blue Technologies Private Limited	ड्रीम ब्लू टेक्नोलॉजीज प्राइवेट लिमिटेड	Latin	Devanagari
S1-587311600	S3-115351671	0	0	0	0	cross-script	Shree It Private Limited	Shree-It Prigvate Limited	Latin	Devanagari
S1-200594874	S2-960721509	0	0	0	0	cross-script	Black Investment Private Limited	ब्लैक इन्वेस्टमेंट प्राइवेट लिमिटेड	Latin	Devanagari
S1-53582980	S2-478404292	0	0	0	0	cross-script	Shiv Impex LLP	शिव इम्पेक्स एलएलपी	Latin	Devanagari
S1-955643207	S3-880622714	0	0	0	0	abbreviation	Shree & Sons Private Limited	Lyrafayeevo	Latin	Latin
S1-94928920	S2-925056119	0	0	0	0	cross-script	Unique Impex Private Limited	ইউনিক ইম্পেক্স প্রাইভেট লিমিটেড	Latin	Bengali
S1-787357092	S2-226406324	0	0	0	0	cross-script	Dream Infrastructure Limited	ড্রিম ইনফ্রাস্ট্রাকচার Limited	Latin	Bengali
S1-695534879	S2-172851986	0	0	0	0	typo / spelling variation	Digital Apparel Laboratories LLC	Digita1  Apparel Lrabraotres LLC	Latin	Latin
S1-640536617	S2-521107350	0	0	0	0	cross-script	Blue Om Solutions Private Limited	ब्लू Om Solutions प्राइवेट लिमिटेड	Latin	Devanagari
S1-5285222	S3-436853894	0	0	0	0	cross-script	Star Food Pvt Ltd	स्टार फूड प्रा. लि.	Latin	Devanagari
S1-870086967	S3-469613033	0	0	0	0	typo / spelling variation	Smart Atlantic	Smart Atannitc	Latin	Latin
S1-579899515	S3-634895384	0	0	0	0	abbreviation	Shyam Industries Private Limited	Synsol	Latin	Latin
S1-41449586	S3-15503930	0	0	0	0	typo / spelling variation	Fresh Engineering Innovations LLC	Fresh Entibnehg Innovations LLC	Latin	Latin
S1-404177919	S2-228543417	0	0	0	0	typo / spelling variation	Select Frequency Inc.	Select Famquncy Inc.	Latin	Latin
S1-89176857	S3-547627489	0	0	0	0	cross-script	United Developers Private Limited	Pbrivte United Developers Limited	Latin	Kannada
S1-365439591	S2-643135584	0	0	0	0	severe noise / vocabulary shift	Franken and Walker P.C.	@FRÁNKENWALKER	Latin	Latin
S1-997377040	S2-716214631	0	0	0	0	typo / spelling variation	Sarathy Vidyalaya	5arathy Veidyearaya	Latin	Latin
S1-915161539	S3-431257559	0	0	0	0	cross-script	Smart Investment Private Limited	స్మార్ట్ ఇన్వెస్ట్‌మెంట్ ప్రైవేట్ లిమిటెడ్	Latin	Telugu
S1-18641189	S3-517297057	0	0	0	0	typo / spelling variation	Dermatology Group	Dermatology Gróup	Latin	Latin
S1-968627228	S3-386346993	0	0	0	0	severe noise / vocabulary shift	Dynamic Projects Pvt Ltd	Halotavo Labs	Latin	Latin
S1-714211201	S3-256356076	0	0	0	0	severe noise / vocabulary shift	Apex Health Alliance	Veraevo	Latin	Latin
S1-639964892	S2-630202441	0	0	0	0	severe noise / vocabulary shift	Ironclad LLC	LLC IRNNBLAD	Latin	Latin
S1-969305764	S2-395435536	0	0	0	0	abbreviation	Gorakhpur Super Private Limited	superprivate.com	Latin	Latin
S1-320885447	S3-457475572	0	0	0	0	cross-script	Smart Software	স্মার্ট সফটওয়্যার	Latin	Bengali
S1-414260962	S2-948918333	0	0	0	0	cross-script	Galaxy Galaxy Technology Pvt Ltd	ಗ್ಯಾಲಕ್ಸಿ ಗ್ಯಾಲಕ್ಸಿ ಟೆಕ್ನಾಲಜಿ ಪ್ರೈವೇಟ್ ಲಿಮಿಟೆಡ್	Latin	Kannada
S1-57054986	S3-62099653	0	0	0	0	abbreviation	Karnal Constructions Private Limited	Pyrayumabrix	Latin	Latin
S1-767948269	S3-375172452	0	0	0	0	abbreviation	Green Software Private Limited	greensoftware.com	Latin	Latin
S1-801814739	S3-914315284	0	0	0	0	abbreviation	Oncology Group	Belopyra DBA Oncology Group	Latin	Latin
S1-326287850	S3-740195923	0	0	0	0	cross-script	South Construction Private Limited	ಸೌತ್ ಕನ್‌ಸ್ಟ್ರಕ್ಷನ್ ಪ್ರೈವೇಟ್ ಲಿಮಿಟೆಡ್	Latin	Kannada
S1-713912434	S3-170697281	0	0	0	0	cross-script	First Infrastructure	ফার্স্ট ইনফ্রাস্ট্রাকচার	Latin	Bengali
S1-902227224	S3-700143501	0	0	0	0	cross-script	Hotel Builders Private Limited	होटल बिल्डर्स प्राइवेट लिमिटेड	Latin	Devanagari
S1-333933101	S2-929050239	0	0	0	0	token variation	Allied Principal Inc	Allied Inc Services	Latin	Latin
S1-159025738	S2-296181013	0	0	0	0	cross-script	Blue Hospitality Private Limited	ब्लू हॉस्पिटैलिटी प्राइवेट लिमिटेड	Latin	Devanagari
S1-37515586	S3-446809423	0	0	0	0	cross-script	Blue Hotel Management Pvt Ltd	ब्लू होटल मैनेजमेंट प्रा. लि.	Latin	Devanagari
S1-57528984	S3-344338146	0	0	0	0	typo / spelling variation	City Global Private Limited	City Global Priffvae Limited	Latin	Latin
S1-914083302	S3-786959035	0	0	0	0	abbreviation	Panomtech Mag Pvt. Ltd.	Ciracalo	Latin	Latin
S1-51121547	S2-515520487	0	0	0	0	typo / spelling variation	Tri-State League	TRI-STATE LEGRTE	Latin	Latin
S1-6392394	S2-545849197	0	0	0	0	cross-script	Lakshmi Media Pvt Ltd	लक्ष्मी मीडिया प्रा. लि.	Latin	Devanagari
S1-978838605	S3-190145064	0	0	0	0	token variation	Ear Nose & Throat Care LLC	Ear Nose & Throat | www.earnose.com	Latin	Latin
S1-696124896	S3-109373810	0	0	0	0	abbreviation	Golden Lotus Logistics Limited	Golden	Latin	Latin
S1-764218371	S2-913477271	0	0	0	0	cross-script	Shivam Exports Private Limited	शिवम एक्सपोर्ट्स प्राइवेट लिमिटेड	Latin	Devanagari
S1-605443521	S3-603408273	0	0	0	0	cross-script	Red Engineering Private Limited	रेड इंजीनियरिंग प्राइवेट लिमिटेड	Latin	Devanagari
S1-291136310	S2-450194318	0	0	0	0	numeric mismatch	Dermatology Clinic	Dermatology  Center	Latin	Latin
S1-370765885	S3-984389697	0	0	0	0	abbreviation	Dharmik India (India) Private Limited	diindia.com	Latin	Latin
S1-518571585	S3-123847365	0	0	0	0	severe noise / vocabulary shift	Cultural League LLC	culturalleague.com - 1139111845	Latin	Latin
S1-411998512	S3-455653972	0	0	0	0	severe noise / vocabulary shift	One International Solutions Private Limited	ਵਨ ਇੰਟਰਨੈਸ਼ਨਲ ਸੋਲਿਊਸ਼ਨਜ਼ ਪ੍ਰਾਈਵੇਟ ਲਿਮਟਿਡ	Latin	Latin
S1-839968350	S2-51677560	0	0	0	0	cross-script	Sree Industries Private Limited	श्री इंडस्ट्रीज प्राइवेट लिमिटेड	Latin	Devanagari
S1-885465874	S2-463730224	0	0	0	0	cross-script	Indo Software Pvt Ltd	ఇండో సాఫ్ట్‌వేర్ ప్రైవేట్ లిమిటెడ్	Latin	Telugu
S1-664239241	S2-58721412	0	0	0	0	abbreviation	New Best Energy Pvt Ltd	Verafayeecto	Latin	Latin
S1-889440492	S2-877286423	0	0	0	0	cross-script	Arihant Management Private Limited	அரிஹந்த் மேனேஜ்மெண்ட் பிரைவேட் லிமிடெட்	Latin	Tamil
S1-602517628	S3-715953851	0	0	0	0	cross-script	South Seven Global Private Limited	साउथ सेवन ग्लोबल प्राइवेट लिमिटेड	Latin	Devanagari
S1-232927857	S2-557875256	0	0	0	0	cross-script	Jay Technology Limited	ജയ് ടെക്നോളജി ലിമിറ്റഡ്	Latin	Malayalam
S1-706702758	S3-794442199	0	0	0	0	token variation	Interstate League	Interstate  5ervices	Latin	Latin
S1-539785023	S2-898762103	0	0	0	0	cross-script	Balaji Construction LLP	बालाजी कंस्ट्रक्शन एलएलपी	Latin	Devanagari
S1-463566852	S3-591187317	0	0	0	0	severe noise / vocabulary shift	New Infrastructure Limited	Halokor	Latin	Latin
S1-787197870	S2-56082246	0	0	0	0	abbreviation	Port International School Corp	Syníri	Latin	Latin
S1-195163220	S2-215824739	0	0	0	0	cross-script	Fortune Black Power Private Limited	ఫార్చూన్ బ్లాక్ పవర్ ప్రైవేట్ లిమిటెడ్	Latin	Telugu
S1-992797126	S3-201213023	0	0	0	0	cross-script	Shree Construction Limited	श्री कंस्ट्रक्शन लिमिटेड	Latin	Devanagari
S1-565604062	S3-325992165	0	0	0	0	cross-script	Perfect Builders Private Limited	परफेक्ट बिल्डर्स प्राइवेट लिमिटेड	Latin	Devanagari
S1-622487631	S2-392102857	0	0	0	0	numeric mismatch	Shiva Trading Private Limited	5hiva  Trading Limited Service	Latin	Latin
S1-666343734	S3-985222071	0	0	0	0	typo / spelling variation	Shiv International Private Limited	Shiv lenterhitaioal Private [Limited]	Latin	Latin
S1-579377855	S2-950666304	0	0	0	0	cross-script	Alpha Producer	ಆಲ್ಫಾ Producer	Latin	Kannada
S1-259212074	S3-602955525	0	0	0	0	cross-script	Dynamic Marketing Private Limited	डायनामिक मार्केटिंग प्राइवेट लिमिटेड	Latin	Devanagari
S1-730360338	S3-10736973	0	0	0	0	severe noise / vocabulary shift	Modern Properties Private Limited	ਮਾਡਰਨ ਪ੍ਰੋਪਰਟੀਜ਼ ਪ੍ਰਾਈਵੇਟ ਲਿਮਟਿਡ	Latin	Latin
S1-961883317	S3-814559915	0	0	0	0	cross-script	Digital Producer Private Limited	ಡಿಜಿಟಲ್ ಪ್ರೊಡ್ಯೂಸರ್ ಪ್ರೈವೇಟ್ ಲಿಮಿಟೆಡ್	Latin	Kannada
S1-100781380	S2-24043483	0	0	0	0	cross-script	Silver Projects	సిల్వర్ ప్రాజెక్ట్స్	Latin	Telugu
S1-673356401	S2-478556914	0	0	0	0	cross-script	Pioneer Shree Projects	पायोनियर श्री प्रोजेक्ट्स	Latin	Devanagari
S1-789478124	S3-871626385	0	0	0	0	typo / spelling variation	Metro Fellowship	Metro Fdlltowship	Latin	Latin
S1-103921530	S3-46412737	0	0	0	0	token variation	Creative Consultancy	Creative Service	Latin	Latin
S1-455242993	S3-600955360	0	0	0	0	cross-script	Perfect Investment Private Limited	Perfect इन्वेस्टमेंट प्राइवेट लिमिटेड	Latin	Devanagari
S1-242756686	S3-782355258	0	0	0	0	cross-script	Bharat Software Limited	भारत सॉफ्टवेयर लिमिटेड	Latin	Devanagari
S1-712793448	S2-408520536	0	0	0	0	abbreviation	BX Carbon Private Limited	Dovapyralyra	Latin	Latin
S1-332724598	S2-238277640	0	0	0	0	abbreviation	Johnson Integrated Otg, LLC	OIJOHNSON.COM	Latin	Latin
S1-837715189	S2-144737620	0	0	0	0	typo / spelling variation	Downtown Tavern	Downtown Taecvn	Latin	Latin
S1-5304135	S3-619558169	0	0	0	0	numeric mismatch	Brown Teucrium Inc.	Brown Tuelribu Inc.	Latin	Latin
S1-589876492	S3-790611028	0	0	0	0	cross-script	Silver It Private Limited	சில்வர் ஐடி பிரைவேட் லிமிடெட்	Latin	Tamil
S1-522266129	S2-318232081	0	0	0	0	token variation	Ravindra & Co	Rvisrda & [Co]	Latin	Latin
S1-449222558	S3-654678910	0	0	0	0	missing address	VH Builders Pvt. Ltd.	VH Buiholdebs Pvt. Ltd.	Latin	Latin
S1-260618481	S2-499468314	0	0	0	0	numeric mismatch	United Investments LLC	United United Imestbents LLC	Latin	Latin
S1-771498729	S2-144581561	0	0	0	0	typo / spelling variation	Blue Charities	8lue Chárities	Latin	Latin
S1-246767534	S2-15673558	0	0	0	0	cross-script	Maa Media Private Limited	मां मीडिया प्राइवेट लिमिटेड	Latin	Devanagari
S1-98857342	S2-822354127	0	0	0	0	typo / spelling variation	Deix Inc	Daix Inc	Latin	Latin
S1-808268126	S2-239314408	0	0	0	0	cross-script	One Consultancy Private Limited	వన్ కన్సల్టెన్సీ ప్రైవేట్ లిమిటెడ్	Latin	Telugu
S1-969544136	S3-763486386	0	0	0	0	cross-script	Indo Dynamic Consulting Private Limited	इंडो डायनामिक कंसल्टिंग प्राइवेट लिमिटेड	Latin	Devanagari
S1-449222558	S2-301082006	0	0	0	0	cross-script	VH Builders Pvt. Ltd.	VH Busldes Pvt. Ltd.	Latin	Tamil
S1-885645563	S3-357256365	0	0	0	0	severe noise / vocabulary shift	Family Center	Nexviogild Labs dba Family Center	Latin	Latin
S1-873464752	S2-21654988	0	0	0	0	typo / spelling variation	Physical Therapy Clinic LLC	Physical Terhapy-Clinic LLC	Latin	Latin
S1-928397790	S2-779809287	0	0	0	0	cross-script	Hari Finance Limited	ஹரி ஃபைனான்ஸ் லிமிடெட்	Latin	Tamil
S1-356264091	S3-926993604	0	0	0	0	typo / spelling variation	West Auto Sales	West Auto Sgelas	Latin	Latin
S1-179800630	S2-784094209	0	0	0	0	typo / spelling variation	Little Endocrinology Inc	LITTLE END0CRINOLOGY INC	Latin	Latin
S1-88308787	S3-934817908	0	0	0	0	short business name	Kaizer Brothers Pvt Ltd	KB	Latin	Latin
S1-552177080	S2-619362255	0	0	0	0	missing address	St. Fellowship	St. Féllowship Corporation	Latin	Latin
S1-974071929	S3-942593176	0	0	0	0	cross-script	Ram Infra	ராம் இன்ஃப்ரா	Latin	Tamil
S1-593756776	S2-84968525	0	0	0	0	cross-script	Shiv Investments Private Limited	शिव इन्वेस्टमेंट्स प्राइवेट लिमिटेड	Latin	Devanagari
S1-974071929	S2-877453050	0	0	0	0	cross-script	Ram Infra	ராம் இன்ஃப்ரா	Latin	Tamil
S1-711923523	S3-766136663	0	0	0	0	abbreviation	Barth, Doss and Angell LLC	Beloarcveo	Latin	Latin
S1-464343106	S3-807629106	0	0	0	0	severe noise / vocabulary shift	Schommer, Coffey & Reece Toyo, LLC	Nylavera	Latin	Latin
S1-408382005	S2-3950914	0	0	0	0	cross-script	Shiva Properties Limited	शिवा प्रॉपर्टीज लिमिटेड	Latin	Devanagari
S1-53377347	S3-158619404	0	0	0	0	cross-script	High Products Limited	High Pordtcs Limited	Latin	Devanagari
S1-535191443	S2-732744848	0	0	0	0	cross-script	Smart Management Pvt Ltd	स्मार्ट मैनेजमेंट प्रा. लि.	Latin	Devanagari
S1-742417717	S3-716185408	0	0	0	0	abbreviation	Vega Douglas	dvega.com	Latin	Latin
S1-77591222	S2-336600427	0	0	0	0	abbreviation	Frontier Institute III	FAYEJAX	Latin	Latin
S1-591940477	S3-700924833	0	0	0	0	cross-script	Balaji Hospitality Private Limited	बालाजी हॉस्पिटैलिटी प्राइवेट लिमिटेड	Latin	Devanagari
S1-942927206	S3-781029551	0	0	0	0	cross-script	Vision Enterprises Private Limited	विजन एंटरप्राइजेज प्राइवेट लिमिटेड	Latin	Devanagari
S1-458305883	S2-618672257	0	0	0	0	cross-script	Al Lakshmi Infotech Private Limited	अल लक्ष्मी इंफोटेक प्राइवेट लिमिटेड	Latin	Devanagari
S1-136874646	S2-784244008	0	0	0	0	typo / spelling variation	Ridge Trust	Ridge Trúst	Latin	Latin
S1-757152194	S3-20986300	0	0	0	0	severe noise / vocabulary shift	New Tech Private Limited	Synbelo doing business as New Tech Private Limited	Latin	Latin
S1-746190904	S2-255825193	0	0	0	0	cross-script	Good Jain Solutions Pvt Ltd	गुड जैन सॉल्यूशंस प्रा. लि.	Latin	Devanagari
S1-704359552	S2-927102084	0	0	0	0	missing address	Reliable Technical Works	RELIA8LE  TLECNNICCAL WORKS	Latin	Latin
S1-125501788	S2-241362767	0	0	0	0	token variation	Orthopedic Medicine Inc	Orthopedic Inc  Center	Latin	Latin
S1-654767881	S3-662765618	0	0	0	0	severe noise / vocabulary shift	Kolkata Foundation Pvt Ltd	Ko1kata Pvt Ltd Center	Latin	Latin
S1-7439688	S2-747896977	0	0	0	0	cross-script	Creative Industries Private Limited	ಕ್ರಿಯೇಟಿವ್ ಇಂಡಸ್ಟ್ರೀಸ್ ಪ್ರೈವೇಟ್ ಲಿಮಿಟೆಡ್	Latin	Kannada
S1-614060557	S2-851785866	0	0	0	0	cross-script	Jay Infra	जय इंफ्रा	Latin	Devanagari
S1-874328683	S2-227101464	0	0	0	0	cross-script	Sun Jai Infotech Private Limited	ಸನ್ ಜೈ ಇನ್‌ಫೋಟೆಕ್ ಪ್ರೈವೇಟ್ ಲಿಮಿಟೆಡ್	Latin	Kannada
S1-581830098	S2-525918314	0	0	0	0	cross-script	White Trading Limited	व्हाइट ट्रेडिंग लिमिटेड	Latin	Devanagari
S1-643809838	S3-845167955	0	0	0	0	token variation	National Group	Ntaionml Group Group	Latin	Latin
S1-890739294	S2-854157026	0	0	0	0	cross-script	Shivam Agro Pvt Ltd	ಶಿವಂ ಅಗ್ರೋ ಪ್ರೈವೇಟ್ ಲಿಮಿಟೆಡ್	Latin	Kannada
S1-520972566	S2-175822431	0	0	0	0	cross-script	Shiva Infrastructure Private Limited	शिवा इंफ्रास्ट्रक्चर प्राइवेट लिमिटेड	Latin	Devanagari
S1-620272566	S2-562100708	0	0	0	0	typo / spelling variation	Cardiology Associates, LLC	Cardiology Associltes, LLC	Latin	Latin
S1-872151859	S2-823239596	0	0	0	0	cross-script	Seven Healthcare Private Limited	செவன் ஹெல்த்கேர் பிரைவேட் லிமிடெட்	Latin	Tamil
S1-412583452	S2-97416538	0	0	0	0	severe noise / vocabulary shift	Perfect Impex Private Limited	ਪਰਫੈਕਟ ਇੰਪੈਕਸ ਪ੍ਰਾਈਵੇਟ ਲਿਮਟਿਡ	Latin	Latin
S1-617542443	S3-124642511	0	0	0	0	abbreviation	Super Developers Private Limited	Orbiquozeph	Latin	Latin
S1-323142467	S2-980428496	0	0	0	0	cross-script	My Foundation Limited	மை ஃபவுண்டேஷன் லிமிடெட்	Latin	Tamil
S1-912059841	S3-269207413	0	0	0	0	cross-script	Vision & Co	Co & Vnsiieion	Latin	Tamil
S1-986239453	S2-699655813	0	0	0	0	cross-script	Shivam South Foundation Private Limited	शिवम साउथ फाउंडेशन प्राइवेट लिमिटेड	Latin	Devanagari
S1-351130190	S2-421125927	0	0	0	0	cross-script	Golden Finance Limited	गोल्डन फाइनेंस लिमिटेड	Latin	Devanagari
S1-620160976	S2-484376563	0	0	0	0	cross-script	United Builders Pvt Ltd	ইউনাইটেড বিল্ডার্স প্রাইভেট লিমিটেড	Latin	Bengali
S1-842458982	S3-264292037	0	0	0	0	cross-script	Indian Global Pvt Ltd	ಇಂಡಿಯನ್ ಗ್ಲೋಬಲ್ ಪ್ರೈವೇಟ್ ಲಿಮಿಟೆಡ್	Latin	Kannada
S1-149760054	S3-817662821	0	0	0	0	severe noise / vocabulary shift	Seven Public School	@Sévenpublic	Latin	Latin
S1-581830098	S2-546913867	0	0	0	0	cross-script	White Trading Limited	व्हाइट ट्रेडिंग लिमिटेड	Latin	Devanagari
S1-222804370	S3-169904750	0	0	0	0	cross-script	Maa Energy Private Limited	मां एनर्जी प्राइवेट लिमिटेड	Latin	Devanagari
S1-327423795	S3-694361216	0	0	0	0	abbreviation	Gran Shree Pvt Ltd	sgran.c0m	Latin	Latin
S1-697330113	S2-903064079	0	0	0	0	cross-script	Sunrise Technologies Private Limited	सनराइज टेक्नोलॉजीज प्राइवेट लिमिटेड	Latin	Devanagari
S1-915820077	S2-976522992	0	0	0	0	cross-script	Big Infotech	Big Ifoch	Latin	Devanagari
S1-640536617	S2-695031780	0	0	0	0	cross-script	Blue Om Solutions Private Limited	ब्लू ॐ सॉल्यूशंस प्राइवेट लिमिटेड	Latin	Devanagari
S1-382920467	S2-397717930	0	0	0	0	numeric mismatch	MU India Private Limited	MU India Private Ltd - 7036643938	Latin	Latin
S1-58144122	S2-823766084	0	0	0	0	cross-script	Pioneer Estate	पायोनियर एस्टेट	Latin	Devanagari
S1-832531854	S2-835483014	0	0	0	0	cross-script	Dream Ventures	డ్రీమ్ వెంచర్స్	Latin	Telugu
S1-208143546	S2-816529322	0	0	0	0	abbreviation	Samta Sangh Center	Arccaloflux	Latin	Latin
S1-214774439	S2-456435373	0	0	0	0	severe noise / vocabulary shift	Jagannath Technologies LLP	Rizaonyx	Latin	Latin
S1-10984020	S3-558777148	0	0	0	0	typo / spelling variation	Pediatric Dentistry Center	Pediatric Dshegbtistry Center	Latin	Latin
S1-70369629	S2-520541828	0	0	0	0	token variation	Frontier Ridge Egh	-- Fr0ntier Ridge	Latin	Latin
S1-451318949	S2-342904541	0	0	0	0	cross-script	Royal Ventures Private Limited	రాయల్ వెంచర్స్ ప్రైవేట్ లిమిటెడ్	Latin	Telugu
S1-208210530	S3-244009978	0	0	0	0	severe noise / vocabulary shift	Shree Nursing Home	Shree Home Center	Latin	Latin
S1-545007722	S2-621885515	0	0	0	0	cross-script	Ss Infrastructure Pvt Ltd	એસએસ ઇન્ફ્રાસ્ટ્રક્ચર પ્રા. લિ.	Latin	Gujarati
S1-349171233	S2-169213660	0	0	0	0	cross-script	Dynamic Projects Private Limited	ডায়নামিক প্রজেক্টস প্রাইভেট লিমিটেড	Latin	Bengali
S1-302656709	S2-517743112	0	0	0	0	abbreviation	Colonial Crystal Bain LLC	ccbain.com	Latin	Latin
S1-159697563	S2-74242447	0	0	0	0	cross-script	Shiv Best Global	শিব বেস্ট গ্লোবাল	Latin	Bengali
S1-931862613	S2-767802911	0	0	0	0	cross-script	Seven Estate Limited	सेवन एस्टेट लिमिटेड	Latin	Devanagari
S1-298907561	S3-696048734	0	0	0	0	cross-script	Sky International Private Limited	સ્કાય ઇન્ટરનેશનલ પ્રાઇવેટ લિમિટેડ	Latin	Gujarati
S1-520972566	S3-975927810	0	0	0	0	cross-script	Shiva Infrastructure Private Limited	शिवा इंफ्रास्ट्रक्चर प्राइवेट लिमिटेड	Latin	Devanagari
S1-483720973	S3-618784572	0	0	0	0	short business name	Oleary Holdco LLC	OH	Latin	Latin
S1-927463860	S3-517016483	0	0	0	0	cross-script	Vision Hospitality LLP	ವಿಷನ್ ಹಾಸ್ಪಿಟಾಲಿಟಿ ಎಲ್ಎಲ್‌ಪಿ	Latin	Kannada
S1-331503894	S2-206679125	0	0	0	0	typo / spelling variation	Tri-State Dental Associates LLC	Tri-State Deitnl Associates LLC	Latin	Latin
S1-772934980	S2-288574467	0	0	0	0	numeric mismatch	FT Holdco	FT  Hlhc	Latin	Latin
S1-730360338	S3-280289146	0	0	0	0	token reordering	Modern Properties Private Limited	Private Modern Proprertimces Limited	Latin	Latin
S1-614181038	S3-352905565	0	0	0	0	cross-script	Innovative Properties Private Limited	इनोवेटिव प्रॉपर्टीज प्राइवेट लिमिटेड	Latin	Devanagari
S1-764218371	S2-275939760	0	0	0	0	abbreviation	Shivam Exports Private Limited	SEPRIVATE.COM	Latin	Latin
S1-455242993	S3-319498682	0	0	0	0	cross-script	Perfect Investment Private Limited	परफेक्ट इन्वेस्टमेंट प्राइवेट लिमिटेड	Latin	Devanagari
S1-210697049	S3-777408705	0	0	0	0	token variation	Flint Inc	Fslnt  Inc	Latin	Latin
S1-334848612	S2-334986177	0	0	0	0	cross-script	Shree Consultants Private Limited	श्री कंसल्टेंट्स प्राइवेट लिमिटेड	Latin	Devanagari
S1-343025878	S3-403800547	0	0	0	0	missing address	Global Coalition	Global Service Trading	Latin	Latin
S1-447347365	S3-226610175	0	0	0	0	cross-script	Lakshmi Estate Private Limited	लक्ष्मी एस्टेट प्राइवेट लिमिटेड	Latin	Devanagari
S1-966683265	S3-561803250	0	0	0	0	severe noise / vocabulary shift	Harrie Pantoja Encore	Xylodelta	Latin	Latin
S1-364860667	S2-108892485	0	0	0	0	cross-script	Om Logistics Limited	ಓಂ ಲಾಜಿಸ್ಟಿಕ್ಸ್ ಲಿಮಿಟೆಡ್	Latin	Kannada
S1-45602239	S2-158617275	0	0	0	0	cross-script	Real Investments	रियल इन्वेस्टमेंट्स	Latin	Devanagari
S1-755540304	S2-327386559	0	0	0	0	cross-script	Gujarat Services Private Limited	गुजरात सर्विसेज प्राइवेट लिमिटेड	Latin	Devanagari
S1-548904087	S2-446173518	0	0	0	0	cross-script	Shree Dream Consultants Limited	శ్రీ డ్రీమ్ కన్సల్టెంట్స్ లిమిటెడ్	Latin	Telugu
S1-348024204	S3-166929162	0	0	0	0	severe noise / vocabulary shift	Primary Care Partners	>> careprimary.com	Latin	Latin
S1-405134181	S2-194206033	0	0	0	0	cross-script	Bombay Management	बॉम्बे मैनेजमेंट	Latin	Devanagari
S1-379739623	S2-757965657	0	0	0	0	typo / spelling variation	Dental Strategic Center	DENTAL STBATELGIC CENTER	Latin	Latin
S1-549612411	S2-493572232	0	0	0	0	abbreviation	Loex Maritime PC	Lumdovajax	Latin	Latin
S1-364860667	S3-4506992	0	0	0	0	cross-script	Om Logistics Limited	ಓಂ ಲಾಜಿಸ್ಟಿಕ್ಸ್ ಲಿಮಿಟೆಡ್	Latin	Kannada
S1-343025878	S2-254493959	0	0	0	0	typo / spelling variation	Global Coalition	Global Caoliten	Latin	Latin
S1-482497684	S2-101818494	0	0	0	0	cross-script	Southern Food Pvt Ltd	सदर्न फूड प्रा. लि.	Latin	Devanagari
S1-934400012	S2-582252764	0	0	0	0	cross-script	United Hospitality Private Limited	यूनाइटेड हॉस्पिटैलिटी प्राइवेट लिमिटेड	Latin	Devanagari
S1-824689274	S2-302420496	0	0	0	0	cross-script	Gold Indo Software Pvt Ltd	गोल्ड इंडो सॉफ्टवेयर प्रा. लि.	Latin	Devanagari
S1-159697563	S3-930372228	0	0	0	0	cross-script	Shiv Best Global	শিব বেস্ট গ্লোবাল	Latin	Bengali
S1-966338904	S2-540508228	0	0	0	0	token variation	Cornerstone Vine	CORNERSTONE  PARTNERS	Latin	Latin
S1-328891254	S3-238178208	0	0	0	0	typo / spelling variation	B A & U Digital LLC	B A & U Dígital L.L.C.	Latin	Latin
S1-796846572	S2-478807690	0	0	0	0	cross-script	Krishna Properties Pvt Ltd	कृष्ण प्रॉपर्टीज प्रा. लि.	Latin	Devanagari
S1-79468405	S3-805331539	0	0	0	0	typo / spelling variation	Great Products Private Limited	Great Prcoucts Private Limited	Latin	Latin
S1-203581973	S2-735310190	0	0	0	0	cross-script	Digital Properties Private Limited	डिजिटल प्रॉपर्टीज प्राइवेट लिमिटेड	Latin	Devanagari
S1-826209313	S2-218161072	0	0	0	0	numeric mismatch	Empire Holding Company LLC	Empire Hólding	Latin	Latin
S1-382781081	S2-290518919	0	0	0	0	cross-script	Big Solutions Pvt Ltd	ಬಿಗ್ ಸೊಲ್ಯೂಷನ್ಸ್ ಪ್ರೈವೇಟ್ ಲಿಮಿಟೆಡ್	Latin	Kannada
S1-353057727	S3-959375024	0	0	0	0	cross-script	Unique Food	யுனிக் ஃபுட்	Latin	Tamil
S1-731307751	S3-626936275	0	0	0	0	short business name	Pious India Private Limited	PI	Latin	Latin
S1-443404989	S2-94028148	0	0	0	0	cross-script	Silver Infotech Pvt Ltd	सिल्वर इंफोटेक प्रा. लि.	Latin	Devanagari
S1-447248760	S3-424194215	0	0	0	0	typo / spelling variation	Downtown Pub L.L.C.	Donwnlown Pub L.L.C.	Latin	Latin
S1-829674552	S3-958208139	0	0	0	0	cross-script	My Impex	மை இம்பெக்ஸ்	Latin	Tamil
S1-992966731	S2-35448114	0	0	0	0	cross-script	Krishna Estate Limited	कृष्ण एस्टेट लिमिटेड	Latin	Devanagari
S1-680518272	S3-382945317	0	0	0	0	severe noise / vocabulary shift	First Technology Private Limited	First Private Limited Partners	Latin	Latin
S1-969988644	S3-327668250	0	0	0	0	abbreviation	Raahi Advisors Company	Vioavi	Latin	Latin
S1-941070906	S2-171319969	0	0	0	0	abbreviation	Seven Group of Companies	sevengroupcompanies.com	Latin	Latin
S1-144276757	S3-850395203	0	0	0	0	cross-script	East Consultancy Private Limited	ईस्ट कंसल्टेंसी प्राइवेट लिमिटेड	Latin	Devanagari
S1-604657227	S3-674774295	0	0	0	0	abbreviation	(india) League Finance Private Limited	(india)	Latin	Latin
S1-140311602	S2-24412673	0	0	0	0	cross-script	Lakshmi Foods Private Limited	लक्ष्मी फूड्स प्राइवेट लिमिटेड	Latin	Devanagari
S1-190091010	S2-6430052	0	0	0	0	cross-script	Dream Producer Private Limited	ड्रीम प्रोड्यूसर प्राइवेट लिमिटेड	Latin	Devanagari
S1-471051591	S2-44288697	0	0	0	0	cross-script	Guru Agro Pvt Ltd	गुरु एग्रो प्रा. लि.	Latin	Devanagari
S1-323142467	S2-549916671	0	0	0	0	cross-script	My Foundation Limited	மை ஃபவுண்டேஷன் லிமிடெட்	Latin	Tamil
S1-406104083	S2-371044856	0	0	0	0	severe noise / vocabulary shift	Green Publishing	GREEN SERVICE	Latin	Latin
S1-38606583	S2-963003131	0	0	0	0	cross-script	All Finance Pvt Ltd	ஆல் ஃபைனான்ஸ் பிரைவேட் லிமிடெட்	Latin	Tamil
S1-657060842	S3-552290924	0	0	0	0	abbreviation	Indo Hari Developers Limited	Lumxylo	Latin	Latin
S1-616329570	S2-985813570	0	0	0	0	cross-script	Digital Investment Private Limited	डिजिटल इन्वेस्टमेंट प्राइवेट लिमिटेड	Latin	Devanagari
S1-886317327	S2-422811877	0	0	0	0	typo / spelling variation	Indo Investments Private Limited	Indo Investments Piivntae Limited	Latin	Latin
S1-723647324	S3-659946810	0	0	0	0	cross-script	Universal Software Pvt Ltd	ইউনিভার্সাল সফটওয়্যার প্রাইভেট লিমিটেড	Latin	Bengali
S1-342869608	S3-297762659	0	0	0	0	cross-script	Mumbai Exhibits	Mumbai Exdibihts	Latin	Devanagari
S1-665139459	S2-818250116	0	0	0	0	severe noise / vocabulary shift	Innovative Virtus L.L.C.	Innovative L.L.C. Service (ID: 55649)	Latin	Latin
S1-799975875	S2-426531935	0	0	0	0	cross-script	Surya Power Private Limited	सूर्या पावर प्राइवेट लिमिटेड	Latin	Devanagari
S1-931696646	S2-13392430	0	0	0	0	abbreviation	Pacific Printing Associates LP	RIZAGILDYUMA	Latin	Latin
S1-200204402	S3-470162326	0	0	0	0	cross-script	Supreme Technologies Private Limited	सुप्रीम टेक्नोलॉजीज प्राइवेट लिमिटेड	Latin	Devanagari
S1-424055491	S2-630984295	0	0	0	0	token variation	Boum Inc	Bmm [Inc]	Latin	Latin
S1-323975656	S2-608364417	0	0	0	0	cross-script	Pioneer Infrastructure Private Limited	பயனியர் இன்ஃப்ராஸ்ட்ரக்சர் பிரைவேட் லிமிடெட்	Latin	Tamil
S1-155477524	S2-293529108	0	0	0	0	typo / spelling variation	Health Center	Health Cénter	Latin	Latin
S1-879410932	S2-72993163	0	0	0	0	cross-script	Global Lotus Infra	ग्लोबल लोटस इंफ्रा	Latin	Devanagari
S1-931834579	S3-259352450	0	0	0	0	numeric mismatch	Dental United Associates Inc	Dental United Inc Service	Latin	Latin
S1-361235442	S2-906361204	0	0	0	0	cross-script	Infra Manthan Storage Private Limited	ECTOFAYE	Latin	Bengali
S1-252657205	S2-631607258	0	0	0	0	cross-script	Sun Properties Private Limited	सन प्रॉपर्टीज प्राइवेट लिमिटेड	Latin	Devanagari
S1-914864462	S2-635712069	0	0	0	0	numeric mismatch	Monarch Inc.	>> Mofndch Inc.	Latin	Latin
S1-195163220	S2-53828786	0	0	0	0	cross-script	Fortune Black Power Private Limited	ఫార్చూన్ బ్లాక్ పవర్ ప్రైవేట్ లిమిటెడ్	Latin	Telugu
S1-666734313	S2-183359415	0	0	0	0	cross-script	Aditya Foods Private Limited	आदित्य फूड्स प्राइवेट लिमिटेड	Latin	Devanagari
S1-698115654	S2-998222224	0	0	0	0	cross-script	Shyam International Private Limited	श्याम इंटरनेशनल प्राइवेट लिमिटेड	Latin	Devanagari
S1-185063941	S2-375100208	0	0	0	0	token reordering	Physical Therapy Care Associates	Physical Therapy Ass0ciates Center	Latin	Latin
S1-733560059	S3-228469889	0	0	0	0	cross-script	Hotel Super Logistics Private Limited	ಹೋಟೆಲ್ ಸೂಪರ್ ಲಾಜಿಸ್ಟಿಕ್ಸ್ ಪ್ರೈವೇಟ್ ಲಿಮಿಟೆಡ್	Latin	Kannada
S1-269919281	S3-460134818	0	0	0	0	token variation	Education Alliance	Educati0n Center	Latin	Latin
S1-208210530	S2-562125951	0	0	0	0	severe noise / vocabulary shift	Shree Nursing Home	Shree Home Center Center	Latin	Latin
S1-246095708	S3-738470916	0	0	0	0	typo / spelling variation	Universal Global Pvt Ltd	Universal Gnoiraal Pvt Ltd	Latin	Latin
S1-381123787	S2-450748781	0	0	0	0	cross-script	Creative Exports Private Limited	क्रिएटिव एक्सपोर्ट्स प्राइवेट लिमिटेड	Latin	Devanagari
S1-819325787	S3-387700255	0	0	0	0	cross-script	Red Investment Private Limited	રેડ ઇન્વેસ્ટમેન્ટ પ્રાઇવેટ લિમિટેડ	Latin	Gujarati
S1-992221719	S3-924987485	0	0	0	0	cross-script	First Industries Private Limited	फर्स्ट इंडस्ट्रीज प्राइवेट लिमिटेड	Latin	Devanagari
S1-211829578	S2-320579800	0	0	0	0	token variation	Jay Technologies Limited	Mr Jay Techn0logies	Latin	Latin
S1-672170746	S2-993036787	0	0	0	0	severe noise / vocabulary shift	Jai (India) It Pvt Ltd	Ltd Jai Ít Pvt Partners	Latin	Latin
S1-983153498	S3-343978630	0	0	0	0	abbreviation	East Technology Limited	Easttechno1ogy.Com	Latin	Latin
S1-7439688	S3-819606226	0	0	0	0	token variation	Creative Industries Private Limited	Orbifayex aka Creative Industries Private Limited	Latin	Latin
S1-801889435	S3-303762867	0	0	0	0	token variation	Smart Care Private Limited	Miranyla Formerly Smart Care Private Limited	Latin	Latin
S1-43078408	S2-131446289	0	0	0	0	severe noise / vocabulary shift	Orion PC	Orfn (PC) (PC)	Latin	Latin
S1-41259778	S2-868572705	0	0	0	0	abbreviation	Oncology Care	ocare.com	Latin	Latin
S1-434568747	S3-320125100	0	0	0	0	abbreviation	Frontier Payment	Fluxnyla	Latin	Latin
S1-64447995	S3-797857161	0	0	0	0	numeric mismatch	Poshan & Co	Phcan & Co	Latin	Latin
S1-171602965	S2-343625865	0	0	0	0	cross-script	City Healthcare Private Limited	சிட்டி ஹெல்த்கேர் பிரைவேட் லிமிடெட்	Latin	Tamil
S1-981912032	S2-814783928	0	0	0	0	token variation	Cardiology Reliable Specialists PLLC	Cardiology 5pecialists PLLC Center	Latin	Latin
S1-246767534	S2-728194495	0	0	0	0	cross-script	Maa Media Private Limited	मां मीडिया प्राइवेट लिमिटेड	Latin	Devanagari
S1-503880269	S3-406570865	0	0	0	0	typo / spelling variation	Media Care Technologies Private Limited	Media Care Techn0logies Private Ltd	Latin	Latin
S1-472966709	S3-17648521	0	0	0	0	cross-script	Modern Foods Private Limited	मॉडर्न फूड्स प्राइवेट लिमिटेड	Latin	Devanagari
S1-477230514	S2-521151443	0	0	0	0	cross-script	Prime Systems Limited	പ്രൈം സിസ്റ്റംസ് ലിമിറ്റഡ്	Latin	Malayalam
S1-129804856	S3-415894062	0	0	0	0	typo / spelling variation	Dynamic Trading Private Limited	Dr Dynamic Ttng Private Limited	Latin	Latin
S1-57275561	S2-461792568	0	0	0	0	cross-script	Universal Engineering Private Limited	ইউনিভার্সাল ইঞ্জিনিয়ারিং প্রাইভেট লিমিটেড	Latin	Bengali
S1-146521648	S2-283800597	0	0	0	0	abbreviation	Internal Medicine Center L.L.C.	internalmedicinecenter.com	Latin	Latin
S1-645297414	S2-506655583	0	0	0	0	token variation	Urgent Care Center	URGENT CARE  PARTNERS	Latin	Latin
S1-53953684	S2-207239099	0	0	0	0	severe noise / vocabulary shift	United Guild	United Services | www.unitedser.com	Latin	Latin
S1-993562252	S3-345669304	0	0	0	0	cross-script	Golden Classic Services Private Limited	गोल्डन क्लासिक सर्विसेज प्राइवेट लिमिटेड	Latin	Devanagari
S1-192000718	S3-83113171	0	0	0	0	typo / spelling variation	Capital Biopharma, Inc	Capital Biohmnra, Inc	Latin	Latin
S1-460161707	S2-128022583	0	0	0	0	cross-script	Balaji Projects Limited	ಬಾಲಾಜಿ ಪ್ರಾಜೆಕ್ಟ್ಸ್ ಲಿಮಿಟೆಡ್	Latin	Kannada
S1-361434682	S3-282251606	0	0	0	0	cross-script	High Infotech Private Limited	હાઇ ઇન્ફોટેક પ્રાઇવેટ લિમિટેડ	Latin	Gujarati
S1-114230289	S2-119157136	0	0	0	0	abbreviation	Alter Nursing Home Private Limited	alternursinghome.com	Latin	Latin
S1-718292299	S2-165044725	0	0	0	0	numeric mismatch	Clean Education	The C1ean Education	Latin	Latin
S1-451318949	S3-45186866	0	0	0	0	cross-script	Royal Ventures Private Limited	రాయల్ వెంచర్స్ ప్రైవేట్ లిమిటెడ్	Latin	Telugu
S1-656511789	S2-378419073	0	0	0	0	abbreviation	Vi Institute of Technology	vitechno1ogy.com	Latin	Latin
S1-445706228	S2-336902873	0	0	0	0	cross-script	Green Business Private Limited	గ్రీన్ బిజినెస్ ప్రైవేట్ లిమిటెడ్	Latin	Telugu
S1-49306844	S2-321043586	0	0	0	0	severe noise / vocabulary shift	Bodynon Partners	ÍRIVANTAGE	Latin	Latin
S1-885555485	S3-835058570	0	0	0	0	cross-script	Southern Foods Private Limited	Mr #Southernfoods	Latin	Gujarati
S1-203581973	S2-630886975	0	0	0	0	cross-script	Digital Properties Private Limited	डिजिटल प्रॉपर्टीज प्राइवेट लिमिटेड	Latin	Devanagari
S1-421439194	S2-257543914	0	0	0	0	cross-script	Bright Infrastructure Private Limited	ब्राइट इंफ्रास्ट्रक्चर प्राइवेट लिमिटेड	Latin	Devanagari
S1-264032383	S2-616026483	0	0	0	0	abbreviation	Big Bike Shop LLC	bigbikeshop.com	Latin	Latin
S1-825440530	S3-791421250	0	0	0	0	short business name	Best Construction Pvt Ltd	Best	Latin	Latin
S1-94342147	S2-236693030	0	0	0	0	cross-script	Indo All Healthcare Private Limited	ઇન્ડો ઓલ હેલ્થકેર પ્રાઇવેટ લિમિટેડ	Latin	Gujarati
S1-590954081	S2-91844020	0	0	0	0	abbreviation	Ear Nose & Throat Clinic	EARNOSE.COM	Latin	Latin
S1-398795206	S2-184771073	0	0	0	0	cross-script	South International Private Limited	साउथ इंटरनेशनल प्राइवेट लिमिटेड	Latin	Devanagari
S1-414260962	S3-98405359	0	0	0	0	token reordering	Galaxy Galaxy Technology Pvt Ltd	Pvt Galaxy Gfdnaay Techn0logy Ltd	Latin	Latin
S1-805854535	S2-260425421	0	0	0	0	cross-script	Global Solutions Private Limited	ग्लोबल सॉल्यूशंस प्राइवेट लिमिटेड	Latin	Devanagari
S1-272014823	S3-944588778	0	0	0	0	cross-script	First Technology	First टेक्नोलॉजी	Latin	Devanagari
S1-474533413	S3-165890605	0	0	0	0	typo / spelling variation	Bharat Power Private Limited	Mr Bharat Plmlr Private Limited	Latin	Latin
S1-10468395	S2-232992287	0	0	0	0	cross-script	Best Foundation Private Limited	बेस्ट फाउंडेशन प्राइवेट लिमिटेड	Latin	Devanagari
S1-469183959	S2-911505756	0	0	0	0	cross-script	East Projects Private Limited	ইস্ট প্রজেক্টস প্রাইভেট লিমিটেড	Latin	Bengali
S1-219331414	S2-97404450	0	0	0	0	abbreviation	Zade Industries Group Pvt Ltd	Rizasyn	Latin	Latin
S1-233974940	S2-70749774	0	0	0	0	severe noise / vocabulary shift	Dental Health	Dental Service (ID: 96615)	Latin	Latin
S1-599116569	S3-523833404	0	0	0	0	abbreviation	Premier Hospitality Pvt Ltd	Premier	Latin	Latin
S1-979748785	S3-438822906	0	0	0	0	token variation	Ace Insurance	Ace Isueaecne	Latin	Latin
S1-632640648	S2-381821790	0	0	0	0	cross-script	Blue Hospitality Private Limited	ब्लू हॉस्पिटैलिटी प्राइवेट लिमिटेड	Latin	Devanagari
S1-545435657	S2-38591714	0	0	0	0	cross-script	Jay Engineering Private Limited	ஜெய் இன்ஜினியரிங் பிரைவேட் லிமிடெட்	Latin	Tamil
S1-203581973	S2-228357907	0	0	0	0	numeric mismatch	Digital Properties Private Limited	Digita1 Properties Private Limited (ID: 24977)	Latin	Latin
S1-311890962	S3-753473552	0	0	0	0	cross-script	Southern Consulting Pvt Ltd	সাউদার্ন কনসাল্টিং প্রাইভেট লিমিটেড	Latin	Bengali
S1-58719695	S2-361581124	0	0	0	0	abbreviation	Tois L.L.C.	Calonylazeta	Latin	Latin
S1-666734313	S3-455705319	0	0	0	0	cross-script	Aditya Foods Private Limited	आदित्य फूड्स प्राइवेट लिमिटेड	Latin	Devanagari
S1-852449633	S3-769463630	0	0	0	0	abbreviation	Sidavue LLC	Viofluxvera	Latin	Latin
S1-160330454	S2-606306603	0	0	0	0	typo / spelling variation	Cardiology Clinic	CARDIOLOGY [CLNOIIC]	Latin	Latin
S1-44982621	S3-405534472	0	0	0	0	cross-script	Laxmi Agro Limited	लक्ष्मी एग्रो लिमिटेड	Latin	Devanagari
S1-57528984	S3-319809851	0	0	0	0	cross-script	City Global Private Limited	ಸಿಟಿ ಗ್ಲೋಬಲ್ ಪ್ರೈವೇಟ್ ಲಿಮಿಟೆಡ್	Latin	Kannada
S1-719110620	S3-721232523	0	0	0	0	severe noise / vocabulary shift	Watt Brand LLC	Belobrix Sys	Latin	Latin
S1-239053822	S3-129236263	0	0	0	0	abbreviation	Valley Of Flowers Ventures Private Limited	Ventures	Latin	Latin
S1-698571148	S2-422496400	0	0	0	0	cross-script	North Global Private Limited	नॉर्थ ग्लोबल प्राइवेट लिमिटेड	Latin	Devanagari
S1-57528984	S2-662092542	0	0	0	0	cross-script	City Global Private Limited	ಸಿಟಿ ಗ್ಲೋಬಲ್ ಪ್ರೈವೇಟ್ ಲಿಮಿಟೆಡ್	Latin	Kannada
S1-582002415	S3-844251594	0	0	0	0	cross-script	United Dynamic Business Private Limited	யுனைடெட் டைனமிக் பிசினஸ் பிரைவேட் லிமிடெட்	Latin	Tamil
S1-424055491	S3-243629357	0	0	0	0	typo / spelling variation	Boum Inc	Bóum-Inc	Latin	Latin
S1-766579031	S3-362584303	0	0	0	0	cross-script	Universal Ventures Private Limited	यूनिवर्सल वेंचर्स प्राइवेट लिमिटेड	Latin	Devanagari
S1-664844877	S2-516544188	0	0	0	0	cross-script	Al Healthcare Private Limited	అల్ హెల్త్‌కేర్ ప్రైవేట్ లిమిటెడ్	Latin	Telugu
S1-111483992	S2-466368294	0	0	0	0	cross-script	Al Food Private Limited	અલ ફૂડ પ્રાઇવેટ લિમિટેડ	Latin	Gujarati
S1-900182034	S2-4935474	0	0	0	0	cross-script	Yarrow College	Iripyra	Latin	Devanagari
S1-227229651	S3-917400857	0	0	0	0	abbreviation	Ward and Puig Floating Inc.	Orbilyrajax	Latin	Latin
S1-14251152	S2-291962300	0	0	0	0	abbreviation	Ace Aditya Technologies Private Limited	aatechnologies.com	Latin	Latin
S1-422945891	S3-517542797	0	0	0	0	severe noise / vocabulary shift	N M & Z State	Orbisolaria	Latin	Latin
S1-870086967	S2-224454295	0	0	0	0	severe noise / vocabulary shift	Smart Atlantic	Smart Services	Latin	Latin
S1-412853	S2-815832016	0	0	0	0	cross-script	Fortune Investments Limited	ફોર્ચ્યુન ઇન્વેસ્ટમેન્ટ્સ લિમિટેડ	Latin	Gujarati
S1-970972190	S3-216542719	0	0	0	0	token reordering	Horizon, LLC	LLC Horizno,	Latin	Latin
S1-434169864	S3-333704399	0	0	0	0	cross-script	Shivam Agro Limited	शिवम एग्रो लिमिटेड	Latin	Devanagari
S1-745549475	S3-211713987	0	0	0	0	cross-script	Galaxy Infotech	गैलेक्सी इंफोटेक	Latin	Devanagari
S1-508501065	S3-110303014	0	0	0	0	missing address	Federal Pelican	Federal Center & Co	Latin	Latin
S1-359957197	S3-918853337	0	0	0	0	abbreviation	Frontier Program II	programii.com	Latin	Latin
S1-100411530	S2-938026371	0	0	0	0	cross-script	Seven Tech Private Limited	सेवन टेक प्राइवेट लिमिटेड	Latin	Devanagari
S1-335494834	S3-450275692	0	0	0	0	cross-script	Baba Producer Private Limited	ബാബ പ്രൊഡ്യൂസർ പ്രൈവറ്റ് ലിമിറ്റഡ്	Latin	Malayalam
S1-915161539	S2-584273773	0	0	0	0	cross-script	Smart Investment Private Limited	స్మార్ట్ ఇన్వెస్ట్‌మెంట్ ప్రైవేట్ లిమిటెడ్	Latin	Telugu
S1-903050200	S3-3589867	0	0	0	0	cross-script	Ss Projects Private Limited	एसएस प्रोजेक्ट्स प्राइवेट लिमिटेड	Latin	Devanagari
S1-579780867	S3-94375181	0	0	0	0	cross-script	High Super Solutions Private Limited	हाई सुपर सॉल्यूशंस प्राइवेट लिमिटेड	Latin	Devanagari
S1-508031460	S3-711615274	0	0	0	0	abbreviation	K B & Z Nevada	kbz.cóm	Latin	Latin
S1-79283752	S3-727905731	0	0	0	0	severe noise / vocabulary shift	Janta & Co	& Jsnata Có	Latin	Latin
S1-863192028	S3-902466641	0	0	0	0	cross-script	Aditya Constructions Limited	ఆదిత్య కన్‌స్ట్రక్షన్స్ లిమిటెడ్	Latin	Telugu
S1-44982621	S3-158223087	0	0	0	0	cross-script	Laxmi Agro Limited	लक्ष्मी एग्रो लिमिटेड	Latin	Devanagari
S1-48551744	S3-877989167	0	0	0	0	cross-script	Supreme Systems Private Limited	ಸುಪ್ರೀಮ್ ಸಿಸ್ಟಮ್ಸ್ ಪ್ರೈವೇಟ್ ಲಿಮಿಟೆಡ್	Latin	Kannada
S1-543648021	S2-1323287	0	0	0	0	cross-script	Lotus Ventures Private Limited	लोटस वेंचर्स प्राइवेट लिमिटेड	Latin	Devanagari
S1-992797126	S2-629531148	0	0	0	0	cross-script	Shree Construction Limited	श्री कंस्ट्रक्शन लिमिटेड	Latin	Devanagari
S1-407749526	S3-525152507	0	0	0	0	abbreviation	Mendoza Vaneck Inc	Irinylaquo	Latin	Latin
S1-518752609	S3-672650017	0	0	0	0	abbreviation	Gujarat Food Private Limited	gujaratfood.com	Latin	Latin
S1-684865036	S2-519091681	0	0	0	0	abbreviation	Optimal Horizon Information Inc	Ariatavoveo	Latin	Latin
S1-708056834	S3-72219577	0	0	0	0	abbreviation	Vandana Traders Private Limited	Deltasol+	Latin	Latin
S1-405235613	S2-377392624	0	0	0	0	cross-script	Green Software Private Limited	ग्रीन सॉफ्टवेयर प्राइवेट लिमिटेड	Latin	Devanagari
S1-323462256	S3-914440939	0	0	0	0	abbreviation	Balaji Media Private Limited	Balajimedia.Com	Latin	Latin
S1-903050200	S2-792273469	0	0	0	0	cross-script	Ss Projects Private Limited	एसएस प्रोजेक्ट्स प्राइवेट लिमिटेड	Latin	Devanagari
S1-171602965	S2-820852385	0	0	0	0	cross-script	City Healthcare Private Limited	சிட்டி ஹெல்த்கேர் பிரைவேட் லிமிடெட்	Latin	Tamil
S1-764428562	S2-526829565	0	0	0	0	cross-script	Raj Products Private Limited	ராஜ் புராடக்ட்ஸ் பிரைவேட் லிமிடெட்	Latin	Tamil
S1-539271567	S3-267149606	0	0	0	0	severe noise / vocabulary shift	Cascade Foundation	Yumanovifaye	Latin	Latin
S1-701382802	S3-349702698	0	0	0	0	abbreviation	Pediatric Dental Care Associates Inc	pediatricdentalcare.com	Latin	Latin
S1-953760777	S2-325128410	0	0	0	0	cross-script	Arihant Logistics Private Limited	অরিহন্ত লজিস্টিকস প্রাইভেট লিমিটেড	Latin	Bengali
S1-943506925	S2-270535641	0	0	0	0	typo / spelling variation	Sai Solutions Private Limited	Sai Solutions Privhte Limited	Latin	Latin
S1-564451848	S2-993216444	0	0	0	0	typo / spelling variation	Dermatology Clinic Inc	Dermatology Clínic	Latin	Latin
S1-669325825	S2-925338191	0	0	0	0	cross-script	United It Limited	यूनाइटेड आईटी लिमिटेड	Latin	Devanagari
S1-992661419	S3-436851445	0	0	0	0	cross-script	Perfect Solutions Private Limited	परफेक्ट सॉल्यूशंस प्राइवेट लिमिटेड	Latin	Devanagari
S1-760791123	S3-10883582	0	0	0	0	abbreviation	Gems Nursing Home Corporation	homegemsnursing.com	Latin	Latin
S1-396300332	S2-855304302	0	0	0	0	abbreviation	HH International Limited	hhinternational.com	Latin	Latin
S1-687794573	S3-630124160	0	0	0	0	cross-script	Global Finance Pvt Ltd	ग्लोबल फाइनेंस प्रा. लि.	Latin	Devanagari
S1-331503894	S2-425694770	0	0	0	0	typo / spelling variation	Tri-State Dental Associates LLC	Tri-State Dental Asofciates LLC	Latin	Latin
S1-642114499	S3-31175117	0	0	0	0	token variation	Elite Promoters LLP	Elite Pr0ocares LLP	Latin	Latin
S1-642958370	S2-21911338	0	0	0	0	cross-script	White Classic Agro Private Limited	व्हाइट क्लासिक एग्रो प्राइवेट लिमिटेड	Latin	Devanagari
S1-269028949	S2-220123998	0	0	0	0	cross-script	Balaji Infra Private Limited	பாலாஜி இன்ஃப்ரா பிரைவேட் லிமிடெட்	Latin	Tamil
S1-766579031	S2-195769805	0	0	0	0	cross-script	Universal Ventures Private Limited	यूनिवर्सल वेंचर्स प्राइवेट लिमिटेड	Latin	Devanagari
S1-543900425	S2-881334422	0	0	0	0	cross-script	United Constructions Private Limited	യുണൈറ്റഡ് കൺസ്ട്രക്ഷൻസ് പ്രൈവറ്റ് ലിമിറ്റഡ്	Latin	Malayalam
S1-706483260	S2-267570512	0	0	0	0	cross-script	Global Impex Private Limited	গ্লোবাল ইম্পেক্স প্রাইভেট লিমিটেড	Latin	Bengali
S1-17259968	S2-480062	0	0	0	0	abbreviation	Hisar Ventures Private Limited	venturesprivate.com	Latin	Latin
S1-166313248	S3-943143264	0	0	0	0	typo / spelling variation	O/U Lease	O/U Lele	Latin	Latin
S1-769417059	S3-526478492	0	0	0	0	token variation	Valley Beacon Muniyield LLC	Valley Beacon Beacon Meuniiyld LLC	Latin	Latin
S1-152567017	S3-125870003	0	0	0	0	cross-script	Lotus Business Private Limited	लोटस बिजनेस प्राइवेट लिमिटेड	Latin	Devanagari
S1-504384020	S2-683740493	0	0	0	0	cross-script	Sai Enterprises Private Limited	साई एंटरप्राइजेज प्राइवेट लिमिटेड	Latin	Devanagari
S1-542479949	S2-813601941	0	0	0	0	abbreviation	Frontier Array	NOVIBELO	Latin	Latin
S1-842458982	S3-610194168	0	0	0	0	cross-script	Indian Global Pvt Ltd	Mr gindian.com	Latin	Kannada
S1-38398309	S2-185088939	0	0	0	0	cross-script	East Green Logistics Private Limited	ईस्ट ग्रीन लॉजिस्टिक्स प्राइवेट लिमिटेड	Latin	Devanagari
S1-187678891	S2-161129978	0	0	0	0	severe noise / vocabulary shift	Delta Armour, Inc	De1ta Inc [Services]	Latin	Latin
S1-319438377	S2-359450361	0	0	0	0	cross-script	Premier Engineering Private Limited	प्रीमियर इंजीनियरिंग प्राइवेट लिमिटेड	Latin	Devanagari
S1-175406844	S2-919161831	0	0	0	0	severe noise / vocabulary shift	Davis Australian	Gildbrix	Latin	Latin
S1-775814651	S2-384700847	0	0	0	0	cross-script	Hari Consultants Private Limited	হরি কনসালট্যান্টস প্রাইভেট লিমিটেড	Latin	Bengali
S1-64419765	S2-353016439	0	0	0	0	cross-script	Ss Anand Services Private Limited	एसएस आनंद सर्विसेज प्राइवेट लिमिटेड	Latin	Devanagari
S1-199452422	S3-525090165	0	0	0	0	abbreviation	Oncology Care Associates	Oncology Care	Latin	Latin
S1-168642902	S2-979420898	0	0	0	0	cross-script	Star Healthcare Pvt Ltd	स्टार हेल्थकेयर प्रा. लि.	Latin	Devanagari
S1-391863133	S3-18364682	0	0	0	0	cross-script	City It Pvt Ltd	सिटी आईटी प्रा. लि.	Latin	Devanagari
S1-69185362	S2-262632688	0	0	0	0	cross-script	Sree Investment Private Limited	श्री इन्वेस्टमेंट प्राइवेट लिमिटेड	Latin	Devanagari
S1-604620177	S3-50291146	0	0	0	0	cross-script	Tirupati Best Constructions LLP	Btconstructions.Com	Latin	Devanagari
S1-991487985	S2-80677514	0	0	0	0	abbreviation	Gulf Network V Corp	gulfnetworkv.com	Latin	Latin
S1-335494834	S3-438754243	0	0	0	0	cross-script	Baba Producer Private Limited	ബാബ പ്രൊഡ്യൂസർ പ്രൈവറ്റ് ലിമിറ്റഡ്	Latin	Malayalam
S1-300901117	S2-952733182	0	0	0	0	cross-script	Lotus It Private Limited	लोटस आईटी प्राइवेट लिमिटेड	Latin	Devanagari
S1-226002871	S2-871559259	0	0	0	0	cross-script	Sai Services	साईं सर्विसेज	Latin	Devanagari
S1-742392521	S2-934521549	0	0	0	0	typo / spelling variation	Orthopedic Partners	Orthopedic Plgrftners	Latin	Latin
S1-859179984	S3-381756216	0	0	0	0	abbreviation	Bette N. Andersson, M.D.	Arcvantage	Latin	Latin
S1-118553108	S2-337125472	0	0	0	0	cross-script	Sm Products	Sm Services	Latin	Devanagari
S1-598515315	S3-824265869	0	0	0	0	cross-script	Baba Builders Private Limited	বাবা বিল্ডার্স প্রাইভেট লিমিটেড	Latin	Bengali
S1-199452422	S2-830706996	0	0	0	0	typo / spelling variation	Oncology Care Associates	oncologycareassociates.com	Latin	Latin
S1-75711797	S3-844796817	0	0	0	0	cross-script	International Ventures Private Limited	इंटरनेशनल वेंचर्स प्राइवेट लिमिटेड	Latin	Devanagari
S1-15638633	S2-614467819	0	0	0	0	cross-script	Eastern Apex Construction Private Limited	ईस्टर्न एपेक्स कंस्ट्रक्शन प्राइवेट लिमिटेड	Latin	Devanagari
S1-839084059	S3-445766514	0	0	0	0	abbreviation	Pediatric Dentistry Prime Care, LLC	Pediatric	Latin	Latin
S1-628948690	S3-264626931	0	0	0	0	short business name	Toloum	Tloom	Latin	Latin
S1-67587372	S3-664808900	0	0	0	0	cross-script	Krishna Constructions Private Limited	ક્રિષ્ના કન્સ્ટ્રક્શન્સ પ્રાઇવેટ લિમિટેડ	Latin	Gujarati
S1-190091010	S3-386534914	0	0	0	0	cross-script	Dream Producer Private Limited	ड्रीम प्रोड्यूसर प्राइवेट लिमिटेड	Latin	Devanagari
S1-22850116	S3-765132148	0	0	0	0	cross-script	Global Hospitality Private Limited	ग्लोबल हॉस्पिटैलिटी प्राइवेट लिमिटेड	Latin	Devanagari
S1-244333855	S3-779662359	0	0	0	0	cross-script	Hari Enterprises Private Limited	ஹரி எண்டர்பிரைசஸ் பிரைவேட் லிமிடெட்	Latin	Tamil
S1-841613875	S2-162324614	0	0	0	0	abbreviation	2060 Madison Place Apartments Corp	Arckor	Latin	Latin
S1-574632117	S3-714619385	0	0	0	0	token variation	Little Seafood	Little Slnoodo	Latin	Latin
S1-272014823	S2-527237420	0	0	0	0	cross-script	First Technology	फर्स्ट टेक्नोलॉजी	Latin	Devanagari
S1-804730074	S2-214021356	0	0	0	0	abbreviation	Associated & Brothers Private Limited	associatedbrothers.com	Latin	Latin
S1-437707163	S3-40726619	0	0	0	0	severe noise / vocabulary shift	NC Infosolutions Limited	NC Limited Center	Latin	Latin
S1-476659981	S3-161230697	0	0	0	0	typo / spelling variation	Dermatology Partners Inc.	dermatologypartners.com	Latin	Latin
S1-156659889	S2-835806025	0	0	0	0	severe noise / vocabulary shift	Allied Illinois Inc	ALLIED INC CENTER	Latin	Latin
S1-434169864	S2-350020873	0	0	0	0	cross-script	Shivam Agro Limited	शिवम एग्रो लिमिटेड	Latin	Devanagari
S1-525412891	S3-504437818	0	0	0	0	short business name	EF Life Private Limited	EL	Latin	Latin
S1-83816495	S3-537207598	0	0	0	0	cross-script	Black Management Private Limited	ब्लैक मैनेजमेंट प्राइवेट लिमिटेड	Latin	Devanagari
S1-246767534	S2-256326101	0	0	0	0	cross-script	Maa Media Private Limited	माँ मीडिया प्राइवेट लिमिटेड	Latin	Devanagari
S1-211829578	S2-492772955	0	0	0	0	cross-script	Jay Technologies Limited	ಜೇ ಟೆಕ್ನಾಲಜೀಸ್ ಲಿಮಿಟೆಡ್	Latin	Kannada
S1-829674552	S2-410762195	0	0	0	0	cross-script	My Impex	மை இம்பெக்ஸ்	Latin	Tamil
S1-421019269	S2-190975879	0	0	0	0	cross-script	Dream Engineering Private Limited	ड्रीम इंजीनियरिंग प्राइवेट लिमिटेड	Latin	Devanagari
S1-957257224	S2-254807243	0	0	0	0	abbreviation	Optvue	Drexveo	Latin	Latin
S1-952423716	S3-579804918	0	0	0	0	cross-script	Arihant Marketing Private Limited	अरिहंत मार्केटिंग प्राइवेट लिमिटेड	Latin	Devanagari
S1-612831783	S2-698216204	0	0	0	0	cross-script	Sun Infra Private Limited	सन इंफ्रा प्राइवेट लिमिटेड	Latin	Devanagari
S1-264416914	S2-244453992	0	0	0	0	typo / spelling variation	Ear Nose & Throat Colonial Associates LLC	EAR NÓSE + THROAT COLONIAL ASSOCIATES	Latin	Latin
S1-943506925	S2-389061702	0	0	0	0	cross-script	Sai Solutions Private Limited	साई सॉल्यूशंस प्राइवेट लिमिटेड	Latin	Devanagari
S1-355746180	S3-656385683	0	0	0	0	severe noise / vocabulary shift	Analytics Institute of Technology	Kelonyla	Latin	Latin
S1-928973964	S2-945057663	0	0	0	0	cross-script	Raj Lakshmi International	राज लक्ष्मी इंटरनेशनल	Latin	Devanagari
S1-517694451	S3-115807098	0	0	0	0	severe noise / vocabulary shift	A Cure 9 All	Ectoorbi DBA A Cure 9 All	Latin	Latin
S1-202535110	S3-421303628	0	0	0	0	cross-script	Raj Food Limited	राज फूड लिमिटेड	Latin	Devanagari
S1-584613308	S3-75099701	0	0	0	0	severe noise / vocabulary shift	Blue Business Pvt Ltd	Yumarizaorbi	Latin	Latin
S1-420580071	S2-496644628	0	0	0	0	cross-script	Smart Marketing Private Limited	સ્માર્ટ માર્કેટિંગ પ્રાઇવેટ લિમિટેડ	Latin	Gujarati
S1-406630496	S2-699604199	0	0	0	0	severe noise / vocabulary shift	Reque Ridge Abony, LLC	Veracirasyn	Latin	Latin
S1-531326212	S2-757202129	0	0	0	0	cross-script	Apex Software Limited	एपेक्स सॉफ्टवेयर लिमिटेड	Latin	Devanagari
S1-98898527	S3-340089851	0	0	0	0	cross-script	Sunrise Impex Pvt Ltd	सनराइज इम्पेक्स प्रा. लि.	Latin	Devanagari
S1-119156414	S2-532833231	0	0	0	0	cross-script	Bharat White Consultants Private Limited	भारत व्हाइट कंसल्टेंट्स प्राइवेट लिमिटेड	Latin	Devanagari
S1-816681563	S3-844478201	0	0	0	0	cross-script	Creative Media Pvt Ltd	क्रिएटिव मीडिया प्रा. लि.	Latin	Devanagari
S1-839968350	S2-79841776	0	0	0	0	cross-script	Sree Industries Private Limited	श्री इंडस्ट्रीज प्राइवेट लिमिटेड	Latin	Devanagari
S1-816681563	S2-485517266	0	0	0	0	cross-script	Creative Media Pvt Ltd	क्रिएटिव मीडिया प्रा. लि.	Latin	Devanagari
S1-819896493	S2-692296437	0	0	0	0	typo / spelling variation	Board of Health	Board  of Heliht	Latin	Latin
S1-917409823	S2-106673683	0	0	0	0	cross-script	Big Blue Systems Private Limited	बिग ब्लू सिस्टम्स प्राइवेट लिमिटेड	Latin	Devanagari
S1-260618481	S3-233725807	0	0	0	0	numeric mismatch	United Investments LLC	United  lnvestments LLC (ID: 95364)	Latin	Latin
S1-659779220	S2-98113708	0	0	0	0	typo / spelling variation	New Delhi Global Limited	New Dehil Global Limited	Latin	Latin
S1-571312186	S3-882509966	0	0	0	0	severe noise / vocabulary shift	Complete Investments LLC	Service Complete LLC	Latin	Latin
S1-610557349	S3-245880938	0	0	0	0	cross-script	Jain Properties Private Limited	जैन प्रॉपर्टीज प्राइवेट लिमिटेड	Latin	Devanagari
S1-573303469	S3-776280810	0	0	0	0	numeric mismatch	Vision Care Associates	Vision Care Associates Co - 9743754431	Latin	Latin
S1-455352787	S2-145878737	0	0	0	0	severe noise / vocabulary shift	Haley Pharma LLC	Nexcalo	Latin	Latin
S1-412583452	S3-124022955	0	0	0	0	severe noise / vocabulary shift	Perfect Impex Private Limited	ਪਰਫੈਕਟ ਇੰਪੈਕਸ ਪ੍ਰਾਈਵੇਟ ਲਿਮਟਿਡ	Latin	Latin
S1-311995373	S3-494432395	0	0	0	0	severe noise / vocabulary shift	Life Hospitality	Ciravera	Latin	Latin
S1-699532231	S2-789235616	0	0	0	0	token variation	Oncology Partners	Oncology Sérvice	Latin	Latin
S1-107043441	S3-300991399	0	0	0	0	cross-script	High Enterprises LLP	Gíldveo	Latin	Devanagari
S1-83883172	S2-579417475	0	0	0	0	cross-script	Shivam It Private Limited	ಶಿವಂ ಐಟಿ ಪ್ರೈವೇಟ್ ಲಿಮಿಟೆಡ್	Latin	Kannada
S1-499421604	S3-393412324	0	0	0	0	cross-script	Al Producer Pvt Ltd	Al Próducer Pvt Ltd	Latin	Devanagari
S1-363645442	S3-969197680	0	0	0	0	typo / spelling variation	Cardiology Center	Cardiology Croer	Latin	Latin
S1-96868522	S2-257573595	0	0	0	0	severe noise / vocabulary shift	Pediatric Dental Clinic	Fayevio	Latin	Latin
S1-319449017	S3-385122454	0	0	0	0	cross-script	Perfect Care Private Limited	परफेक्ट केयर प्राइवेट लिमिटेड	Latin	Devanagari
S1-823881495	S2-74379740	0	0	0	0	severe noise / vocabulary shift	X 2 Premier Oil, Inc	Qu0zeph	Latin	Latin
S1-968578053	S2-835163852	0	0	0	0	abbreviation	Newgen Jewellers Private Limited	Avizetariza	Latin	Latin
S1-782887958	S2-792868679	0	0	0	0	token variation	Compass LLC	Comdafs (LLC)	Latin	Latin
S1-927463860	S3-464299155	0	0	0	0	cross-script	Vision Hospitality LLP	Vision Hopstalyt LLP	Latin	Kannada
S1-872151859	S3-351198259	0	0	0	0	cross-script	Seven Healthcare Private Limited	செவன் ஹெல்த்கேர் பிரைவேட் லிமிடெட்	Latin	Tamil
S1-422543905	S2-558549207	0	0	0	0	abbreviation	Jackson, Price & Hernandez LLC	RIZARIZAVERA	Latin	Latin
S1-690833669	S3-529966972	0	0	0	0	missing address	Ear Nose & Throat Health Corp	Ear Nose & Throat Health Ventures	Latin	Latin
S1-629074170	S3-571688969	0	0	0	0	cross-script	Creative Consulting Private Limited	క్రియేటివ్ కన్సల్టింగ్ ప్రైవేట్ లిమిటెడ్	Latin	Telugu
S1-26151380	S2-904421586	0	0	0	0	cross-script	Star Developers Limited	स्टार डेवलपर्स लिमिटेड	Latin	Devanagari
S1-857480338	S3-553327266	0	0	0	0	severe noise / vocabulary shift	Signet Beverages LLP	Dovafayekelo	Latin	Latin
S1-144276757	S3-853532050	0	0	0	0	severe noise / vocabulary shift	East Consultancy Private Limited	Wexevodrex	Latin	Latin
S1-676716020	S2-257050575	0	0	0	0	cross-script	Shiva Global Private Limited	শিব গ্লোবাল প্রাইভেট লিমিটেড	Latin	Bengali
S1-390592318	S2-943848555	0	0	0	0	cross-script	Black Healthcare Private Limited	ब्लैक हेल्थकेयर प्राइवेट लिमिटेड	Latin	Devanagari
S1-567580717	S3-468886085	0	0	0	0	cross-script	Ram Infra Private Limited	রাম ইনফ্রা প্রাইভেট লিমিটেড	Latin	Bengali
S1-117434745	S2-634048884	0	0	0	0	severe noise / vocabulary shift	Miller Jpmorgan	MILLER [SERVICES]	Latin	Latin
S1-767948269	S3-122745227	0	0	0	0	cross-script	Green Software Private Limited	గ్రీన్ సాఫ్ట్‌వేర్ ప్రైవేట్ లిమిటెడ్	Latin	Telugu
S1-53377347	S3-857818846	0	0	0	0	typo / spelling variation	High Products Limited	High Pr0ducts Ltd	Latin	Latin
S1-664239241	S3-16036177	0	0	0	0	severe noise / vocabulary shift	New Best Energy Pvt Ltd	ਨਿਊ ਬੈਸਟ Energy ਪ੍ਰਾ. ਲਿ.	Latin	Latin
S1-669182455	S3-291741093	0	0	0	0	cross-script	Hari Business Private Limited	हरि बिजनेस प्राइवेट लिमिटेड	Latin	Devanagari
S1-736230319	S2-493903514	0	0	0	0	severe noise / vocabulary shift	Shea Mccoy Apex Chase Inc	Kelolyra	Latin	Latin
S1-862923434	S3-516966787	0	0	0	0	token reordering	Arihant Properties Limited	Limited Arihant Porprtils	Latin	Latin
S1-903050200	S2-802201492	0	0	0	0	cross-script	Ss Projects Private Limited	एसएस प्रोजेक्ट्स प्राइवेट लिमिटेड	Latin	Devanagari
S1-682065234	S2-233037401	0	0	0	0	cross-script	Shyam Healthcare Private Limited	श्याम हेल्थकेयर प्राइवेट लिमिटेड	Latin	Devanagari
S1-640536617	S3-955617417	0	0	0	0	cross-script	Blue Om Solutions Private Limited	ब्लू ओम सॉल्यूशंस प्राइवेट लिमिटेड	Latin	Devanagari
S1-110724576	S2-962108765	0	0	0	0	severe noise / vocabulary shift	Romona's Investments	Fayeflux	Latin	Latin
S1-933137795	S2-392329720	0	0	0	0	cross-script	Hari Blue Power Pvt Ltd	हरि ब्लू पावर प्रा. लि.	Latin	Devanagari
S1-516263583	S3-732226508	0	0	0	0	cross-script	New Hari Investments Private Limited	న్యూ హరి ఇన్వెస్ట్‌మెంట్స్ ప్రైవేట్ లిమిటెడ్	Latin	Telugu
S1-9351477	S2-643068321	0	0	0	0	cross-script	Lotus Technologies Private Limited	लोटस टेक्नोलॉजीज प्राइवेट लिमिटेड	Latin	Devanagari
S1-85059057	S2-348024958	0	0	0	0	typo / spelling variation	Physical Therapy Associates LLC	PHYSICAL THRAPY ASSOCIATES LLC	Latin	Latin
S1-745898090	S3-481944250	0	0	0	0	cross-script	GR Electric Pvt. Ltd.	grelectriccom	Latin	Bengali
S1-342512015	S2-320160134	0	0	0	0	cross-script	Star Infotech Private Limited	स्टार इंफोटेक प्राइवेट लिमिटेड	Latin	Devanagari
S1-323462256	S2-857903306	0	0	0	0	cross-script	Balaji Media Private Limited	बालाजी मीडिया प्राइवेट लिमिटेड	Latin	Devanagari
S1-853994711	S3-762862889	0	0	0	0	cross-script	Dream Blue Technologies Private Limited	ड्रीम ब्लू टेक्नोलॉजीज प्राइवेट लिमिटेड	Latin	Devanagari
S1-246767534	S3-682964825	0	0	0	0	cross-script	Maa Media Private Limited	माँ मीडिया प्राइवेट लिमिटेड	Latin	Devanagari
S1-132729943	S2-363629986	0	0	0	0	cross-script	East Consultancy Private Limited	ஈஸ்ட் கன்சல்டன்சி பிரைவேட் லிமிடெட்	Latin	Tamil
S1-808268126	S2-854145082	0	0	0	0	cross-script	One Consultancy Private Limited	వన్ కన్సల్టెన్సీ ప్రైవేట్ లిమిటెడ్	Latin	Telugu
S1-59663546	S3-360932381	0	0	0	0	severe noise / vocabulary shift	Distinct Academy Pvt. Ltd.	Pyrairipyra One	Latin	Latin
S1-535011878	S2-717354582	0	0	0	0	token variation	Cardinal L.L.C.	Caardianl [L.L.C.]	Latin	Latin
S1-412853	S2-212593508	0	0	0	0	cross-script	Fortune Investments Limited	ફોર્ચ્યુન ઇન્વેસ્ટમેન્ટ્સ લિમિટેડ	Latin	Gujarati
S1-338068352	S3-811519250	0	0	0	0	cross-script	Vision Investments Pvt Ltd	విజన్ ఇన్వెస్ట్‌మెంట్స్ ప్రైవేట్ లిమిటెడ్	Latin	Telugu
S1-745423382	S3-473658176	0	0	0	0	cross-script	Ss Healthcare Pvt Ltd	Ss Pvt Ltd-Center	Latin	Devanagari
S1-333933101	S2-972181537	0	0	0	0	typo / spelling variation	Allied Principal Inc	Allied Príineal Inc	Latin	Latin
S1-709333961	S3-833486849	0	0	0	0	token variation	Cozy Yoga	Cozy  Yhaa	Latin	Latin
S1-244925942	S2-60152619	0	0	0	0	cross-script	Ram Vision Construction Private Limited	राम विजन कंस्ट्रक्शन प्राइवेट लिमिटेड	Latin	Devanagari
S1-814977770	S3-322913420	0	0	0	0	token variation	Physical Therapy Partners Corp	Orbiorbi dba Physical Therapy Partners Corp	Latin	Latin
S1-285257631	S2-311345815	0	0	0	0	cross-script	Digital Producer Private Limited	डिजिटल प्रोड्यूसर प्राइवेट लिमिटेड	Latin	Devanagari
S1-154687443	S3-317237904	0	0	0	0	typo / spelling variation	Green Ventures Limited	Green Venutsdhis Limited	Latin	Latin
S1-165347081	S2-717703389	0	0	0	0	abbreviation	Raj Logistics Private Limited	rajlogistics.com	Latin	Latin
S1-829394449	S2-660150543	0	0	0	0	typo / spelling variation	EA Realty Private Limited	EA Rdyt Private (Limited)	Latin	Latin
S1-930699575	S2-317586268	0	0	0	0	cross-script	Super Laxmi Management Pvt Ltd	सुपर लक्ष्मी मैनेजमेंट प्रा. लि.	Latin	Devanagari
S1-518601268	S3-674892199	0	0	0	0	cross-script	Lakshmi Trading Limited	लक्ष्मी ट्रेडिंग लिमिटेड	Latin	Devanagari
S1-819328308	S3-532194058	0	0	0	0	severe noise / vocabulary shift	VG Brands-Mumbai	Kelonex One	Latin	Latin
S1-215173435	S2-864260393	0	0	0	0	cross-script	Universal Global It Private Limited	यूनिवर्सल ग्लोबल आईटी प्राइवेट लिमिटेड	Latin	Devanagari
S1-971594350	S2-963393287	0	0	0	0	cross-script	Guru Technology Private Limited	गुरु टेक्नोलॉजी प्राइवेट लिमिटेड	Latin	Devanagari
S1-200673271	S2-880614691	0	0	0	0	cross-script	Super Business Private Limited	सुपर बिजनेस प्राइवेट लिमिटेड	Latin	Devanagari
S1-511425051	S3-162579549	0	0	0	0	typo / spelling variation	Raum Inc	Rgdm Inc	Latin	Latin
S1-891217005	S3-470953657	0	0	0	0	cross-script	White Impex Pvt Ltd	হোয়াইট Impex প্রাইভেট লিমিটেড	Latin	Bengali
S1-296017863	S2-615462003	0	0	0	0	typo / spelling variation	Fresh Cleaning Service	Fresh Cleaning Smevrice	Latin	Latin
S1-708875234	S2-216572607	0	0	0	0	severe noise / vocabulary shift	Hari Industries Private Limited	ହରି ଇଣ୍ଡଷ୍ଟ୍ରିଜ୍ ପ୍ରାଇଭେଟ୍ ଲିମିଟେଡ୍	Latin	Latin
S1-935231795	S3-207324731	0	0	0	0	cross-script	Global Logistics Private Limited	ग्लोबल लॉजिस्टिक्स प्राइवेट लिमिटेड	Latin	Devanagari
S1-898040367	S2-529730930	0	0	0	0	missing address	Anchor Housing LLC	Anchor Hóusing LLC	Latin	Latin
S1-200673271	S3-129191718	0	0	0	0	cross-script	Super Business Private Limited	सुपर बिजनेस प्राइवेट लिमिटेड	Latin	Devanagari
S1-505264059	S2-818101857	0	0	0	0	cross-script	Jay Consultants Private Limited	జై కన్సల్టెంట్స్ ప్రైవేట్ లిమిటెడ్	Latin	Telugu
S1-884107599	S2-946783592	0	0	0	0	severe noise / vocabulary shift	Total Portfolio Inc	Total  Inc Services	Latin	Latin
S1-244333855	S2-995054805	0	0	0	0	cross-script	Hari Enterprises Private Limited	ஹரி எண்டர்பிரைசஸ் பிரைவேட் லிமிடெட்	Latin	Tamil
S1-43064924	S2-332675495	0	0	0	0	cross-script	Laxmi Finance Private Limited	लक्ष्मी फाइनेंस प्राइवेट लिमिटेड	Latin	Devanagari
S1-894578912	S2-509820802	0	0	0	0	cross-script	New Consultancy Private Limited	நியூ கன்சல்டன்சி பிரைவேட் லிமிடெட்	Latin	Tamil
S1-442214570	S2-635096477	0	0	0	0	abbreviation	Aspen Center	A5PEN-CLENE	Latin	Latin
S1-581471159	S3-394934111	0	0	0	0	severe noise / vocabulary shift	Thane Invatrade Private Limited	Kelovantage	Latin	Latin
S1-632640648	S3-986135831	0	0	0	0	cross-script	Blue Hospitality Private Limited	Blue हॉस्पिटैलिटी Private Limited	Latin	Devanagari
S1-622109377	S2-433016329	0	0	0	0	abbreviation	Hise National Flag LLC	fhnational.com	Latin	Latin
S1-187752501	S3-52091791	0	0	0	0	typo / spelling variation	Pune Leasing Limited	Pune Lebscng Limited	Latin	Latin
S1-595488395	S2-673553081	0	0	0	0	cross-script	Black Infotech Pvt Ltd	బ్లాక్ ఇన్ఫోటెక్ ప్రైవేట్ లిమిటెడ్	Latin	Telugu
S1-758838700	S3-224333301	0	0	0	0	typo / spelling variation	Pediatric Dental Partners L.L.C.	Pediatric Dental Parcnres L.L.C.	Latin	Latin
S1-511816679	S2-12825603	0	0	0	0	short business name	Dova	Dav	Latin	Latin
S1-443571404	S3-765067230	0	0	0	0	cross-script	Prime Dream Consultancy Private Limited	பிரைம் டிரீம் கன்சல்டன்சி பிரைவேட் லிமிடெட்	Latin	Tamil
S1-275599086	S2-334132968	0	0	0	0	cross-script	Bright Industries Pvt Ltd	બ્રાઇટ ઇન્ડસ્ટ્રીઝ પ્રા. લિ.	Latin	Gujarati
S1-499421604	S2-424239846	0	0	0	0	cross-script	Al Producer Pvt Ltd	अल प्रोड्यूसर प्रा. लि.	Latin	Devanagari
S1-275599086	S2-353134041	0	0	0	0	cross-script	Bright Industries Pvt Ltd	બ્રાઇટ ઇન્ડસ્ટ્રીઝ પ્રા. લિ.	Latin	Gujarati
S1-517322263	S3-972380370	0	0	0	0	cross-script	Shivam Foods LLP	शिवम फूड्स एलएलपी	Latin	Devanagari
S1-152237277	S3-614473376	0	0	0	0	abbreviation	Global Spirits Private Limited	Global	Latin	Latin
S1-876713910	S2-637726220	0	0	0	0	cross-script	Bharat Products Private Limited	ഭാരത് പ്രൊഡക്ട്സ് പ്രൈവറ്റ് ലിമിറ്റഡ്	Latin	Malayalam
S1-232927857	S2-866077729	0	0	0	0	cross-script	Jay Technology Limited	Jay Techn0logy	Latin	Malayalam
S1-35676890	S2-479336367	0	0	0	0	cross-script	Galaxy Products Private Limited	ಗ್ಯಾಲಕ್ಸಿ ಪ್ರೊಡಕ್ಟ್ಸ್ ಪ್ರೈವೇಟ್ ಲಿಮಿಟೆಡ್	Latin	Kannada
S1-58144122	S3-166063428	0	0	0	0	cross-script	Pioneer Estate	पायोनियर एस्टेट	Latin	Devanagari
S1-736130363	S2-905596439	0	0	0	0	abbreviation	Urban Auto Body	urbanautobody.com	Latin	Latin
S1-307687559	S2-271841054	0	0	0	0	cross-script	DX Scale Private Limited	Kordova	Latin	Bengali
S1-411213259	S3-338688015	0	0	0	0	cross-script	Ram Consultants Limited	राम कंसल्टेंट्स लिमिटेड	Latin	Devanagari
S1-698934917	S3-782500925	0	0	0	0	cross-script	Super Logistics Private Limited	Limited Super Private Services	Latin	Malayalam
S1-372042894	S2-715755174	0	0	0	0	cross-script	Baba Impex Private Limited	बाबा इम्पेक्स प्राइवेट लिमिटेड	Latin	Devanagari
S1-332748711	S3-103765299	0	0	0	0	severe noise / vocabulary shift	Prudent Public School Ltd	Novivera Co	Latin	Latin
S1-474533413	S2-319631861	0	0	0	0	cross-script	Bharat Power Private Limited	भारत पावर प्राइवेट लिमिटेड	Latin	Devanagari
S1-949908785	S3-166049968	0	0	0	0	typo / spelling variation	Great Fellowship	Great Fllwoship	Latin	Latin
S1-361410625	S2-656416945	0	0	0	0	cross-script	Swastik Business	स्वस्तिक बिजनेस	Latin	Devanagari
S1-981912032	S2-9049357	0	0	0	0	abbreviation	Cardiology Reliable Specialists PLLC	crspecialists.com	Latin	Latin
S1-294153031	S3-784464334	0	0	0	0	severe noise / vocabulary shift	J 7 Q Games LLC	>> Veokororbi	Latin	Latin
S1-171602965	S3-680752666	0	0	0	0	token variation	City Healthcare Private Limited	Umbradelta a/k/a City Healthcare Private Limited	Latin	Latin
S1-925514981	S2-736740535	0	0	0	0	cross-script	Pioneer Media	पायोनियर मीडिया	Latin	Devanagari
S1-272014823	S3-900314923	0	0	0	0	cross-script	First Technology	फर्स्ट टेक्नोलॉजी	Latin	Devanagari
S1-144954684	S2-808870914	0	0	0	0	abbreviation	Mms Traders Private Limited	Ariawexflux	Latin	Latin
S1-110568245	S2-798687838	0	0	0	0	cross-script	Shree Infrastructure Limited	श्री इंफ्रास्ट्रक्चर लिमिटेड	Latin	Devanagari
S1-894578912	S3-195435917	0	0	0	0	cross-script	New Consultancy Private Limited	நியூ கன்சல்டன்சி பிரைவேட் லிமிடெட்	Latin	Tamil
S1-340431286	S3-133267303	0	0	0	0	abbreviation	Santa Barbara Animal Welfare Piedmont Institute LLC	Animal	Latin	Latin
S1-928665897	S2-798406835	0	0	0	0	cross-script	Great Exports	ગ્રેટ એક્સપોર્ટ્સ	Latin	Gujarati
S1-899252465	S2-469176350	0	0	0	0	cross-script	Guru Marketing Private Limited	ಗುರು ಮಾರ್ಕೆಟಿಂಗ್ ಪ್ರೈವೇಟ್ ಲಿಮಿಟೆಡ್	Latin	Kannada
S1-718059177	S2-707329086	0	0	0	0	cross-script	Red Dynamic Ventures Pvt Ltd	रेड डायनामिक वेंचर्स प्रा. लि.	Latin	Devanagari
S1-750487167	S2-529830991	0	0	0	0	typo / spelling variation	United Network	UNITED NÉTWORK	Latin	Latin
S1-664239241	S2-478781512	0	0	0	0	token variation	New Best Energy Pvt Ltd	New Best ਐਨਰਜੀ Pvt Ltd	Latin	Latin
S1-991487985	S2-669301480	0	0	0	0	numeric mismatch	Gulf Network V Corp	Gulf Neothkw V Corp	Latin	Latin
S1-814977770	S3-978698199	0	0	0	0	typo / spelling variation	Physical Therapy Partners Corp	physicaltherapypartners.com	Latin	Latin
S1-451124303	S3-568827547	0	0	0	0	cross-script	Hotel Investments Private Limited	Hotel ఇన్వెస్ట్‌మెంట్స్ Private Limited	Latin	Telugu
S1-911184716	S2-280111537	0	0	0	0	cross-script	Unique Properties LLP	यूनिक प्रॉपर्टीज एलएलपी	Latin	Devanagari
S1-898904188	S3-133607833	0	0	0	0	cross-script	Green Producer Private Limited	ग्रीन प्रोड्यूसर प्राइवेट लिमिटेड	Latin	Devanagari
S1-451147965	S2-528217283	0	0	0	0	typo / spelling variation	Dermatology Premier Care Associates LLC	DERMAT0LOGY PREMIER CARE ASSOCIATES  LLC	Latin	Latin
S1-888945716	S2-758216100	0	0	0	0	typo / spelling variation	Dermatology Associates	dermato1ogyassociates.com	Latin	Latin
S1-734419252	S3-215240852	0	0	0	0	abbreviation	Apex Consulting Private Limited	consultingprivate.com	Latin	Latin
S1-898656588	S2-899858909	0	0	0	0	cross-script	Ss Foundation	एसएस फाउंडेशन	Latin	Devanagari
S1-669019715	S3-894332427	0	0	0	0	token variation	New Delhi Producer Private Limited	Fluxmiravantage D.B.A. New Delhi Producer Private Limited	Latin	Latin
S1-607575897	S2-303291870	0	0	0	0	cross-script	Raj Jay Management Private Limited	राज जय मैनेजमेंट प्राइवेट लिमिटेड	Latin	Devanagari
S1-334848612	S2-948976721	0	0	0	0	cross-script	Shree Consultants Private Limited	श्री कंसल्टेंट्स प्राइवेट लिमिटेड	Latin	Devanagari
S1-993562252	S3-188050276	0	0	0	0	cross-script	Golden Classic Services Private Limited	गोल्डन क्लासिक सर्विसेज प्राइवेट लिमिटेड	Latin	Devanagari
S1-317713081	S3-823570123	0	0	0	0	abbreviation	Blue Hair Studio Partners	Arcciranovi	Latin	Latin
S1-507883773	S3-295631144	0	0	0	0	numeric mismatch	Urgent Care Partners	Urgent Care	Latin	Latin
S1-964943832	S3-459925865	0	0	0	0	cross-script	Hari Logistics Private Limited	हरि लॉजिस्टिक्स प्राइवेट लिमिटेड	Latin	Devanagari
S1-259212074	S3-766250904	0	0	0	0	cross-script	Dynamic Marketing Private Limited	डायनामिक मार्केटिंग प्राइवेट लिमिटेड	Latin	Devanagari
S1-810909346	S2-12545644	0	0	0	0	cross-script	Sahaya Arcade Private Limited	DELTADREX	Latin	Tamil
S1-390480699	S2-516110153	0	0	0	0	missing address	Ear Nose & Throat Clinic Inc.	Ear Nose + Throat Cflinic Inc.	Latin	Latin
S1-83816495	S2-934066023	0	0	0	0	cross-script	Black Management Private Limited	ब्लैक मैनेजमेंट प्राइवेट लिमिटेड	Latin	Devanagari
S1-721435930	S2-685696460	0	0	0	0	cross-script	Jai Foods Private Limited	ஜெய் ஃபுட்ஸ் பிரைவேட் லிமிடெட்	Latin	Tamil
S1-195712982	S2-464092459	0	0	0	0	cross-script	Surya Services Private Limited	सूर्या सर्विसेज प्राइवेट लिमिटेड	Latin	Devanagari
S1-123756872	S3-121403783	0	0	0	0	abbreviation	Falcon Inc.	Fálcon	Latin	Latin
S1-859120397	S3-57233072	0	0	0	0	abbreviation	Premier Software Private Limited	Fayexylo	Latin	Latin
S1-34610644	S2-197449796	0	0	0	0	cross-script	Mumbai Technologies	Mumbai Tcnloohgies	Latin	Devanagari
S1-217156248	S3-80558100	0	0	0	0	abbreviation	Royal (India) Estates	Lyravio	Latin	Latin
S1-839084059	S3-450237737	0	0	0	0	abbreviation	Pediatric Dentistry Prime Care, LLC	Pediatricdentistryprime.Com	Latin	Latin
S1-572975789	S3-840327488	0	0	0	0	cross-script	Raj Constructions Private Limited	राज कंस्ट्रक्शंस प्राइवेट लिमिटेड	Latin	Devanagari
S1-152567017	S2-570885422	0	0	0	0	cross-script	Lotus Business Private Limited	लोटस बिजनेस प्राइवेट लिमिटेड	Latin	Devanagari
S1-598945756	S2-829626285	0	0	0	0	numeric mismatch	Delhi Trading	Delhi Tdóag	Latin	Latin
S1-477230514	S2-538129111	0	0	0	0	cross-script	Prime Systems Limited	പ്രൈം സിസ്റ്റംസ് ലിമിറ്റഡ്	Latin	Malayalam
S1-676716020	S3-739858615	0	0	0	0	cross-script	Shiva Global Private Limited	শিব গ্লোবাল প্রাইভেট লিমিটেড	Latin	Bengali
S1-132681468	S2-340983265	0	0	0	0	abbreviation	The Dent Grill	dentgrill.com	Latin	Latin
S1-762300169	S3-660283083	0	0	0	0	typo / spelling variation	Orthopedic Group	Orthonpeidc Group	Latin	Latin
S1-93187399	S3-344554780	0	0	0	0	cross-script	Unique Marketing Private Limited	यूनिक मार्केटिंग प्राइवेट लिमिटेड	Latin	Devanagari
S1-162505674	S3-552777764	0	0	0	0	missing address	Equinox Corporation	Équinox Trading	Latin	Latin
S1-548904087	S3-812208401	0	0	0	0	cross-script	Shree Dream Consultants Limited	శ్రీ Dream కన్సల్టెంట్స్ Limited	Latin	Telugu
S1-93331650	S3-297354880	0	0	0	0	token variation	Foot & Ankle Delta Center	Iriyumax aka Foot & Ankle Delta Center	Latin	Latin
S1-132729943	S3-542505955	0	0	0	0	cross-script	East Consultancy Private Limited	Plrrgrivadte East Consultancy Limited	Latin	Tamil
S1-317432792	S3-844250037	0	0	0	0	token variation	Shree Projects Limited	Service Shree Limited	Latin	Latin
S1-798293696	S2-860890478	0	0	0	0	severe noise / vocabulary shift	Shiva Agro Private Limited	ଶିବ ଆଗ୍ରୋ ପ୍ରାଇଭେଟ୍ ଲିମିଟେଡ୍	Latin	Latin
S1-171602965	S3-6030233	0	0	0	0	cross-script	City Healthcare Private Limited	சிட்டி ஹெல்த்கேர் பிரைவேட் லிமிடெட்	Latin	Tamil
S1-57528984	S3-511429314	0	0	0	0	cross-script	City Global Private Limited	ಸಿಟಿ ಗ್ಲೋಬಲ್ ಪ್ರೈವೇಟ್ ಲಿಮಿಟೆಡ್	Latin	Kannada
S1-698571148	S2-532203494	0	0	0	0	cross-script	North Global Private Limited	नॉर्थ ग्लोबल प्राइवेट लिमिटेड	Latin	Devanagari
S1-399117891	S2-12353729	0	0	0	0	cross-script	Surya Trading Pvt Ltd	सूर्या ट्रेडिंग प्रा. लि.	Latin	Devanagari
S1-814977770	S3-977148565	0	0	0	0	token variation	Physical Therapy Partners Corp	Physical Partners Corp Partners	Latin	Latin
S1-485318161	S3-110646079	0	0	0	0	typo / spelling variation	Chiropractic Health Co	Chir0practic Health Co	Latin	Latin
S1-506166707	S2-877539625	0	0	0	0	typo / spelling variation	Cardiology Associates Inc	cardiologyassociates.com	Latin	Latin
S1-943408281	S2-167654852	0	0	0	0	cross-script	Dream Food Private Limited	ड्रीम फूड प्राइवेट लिमिटेड	Latin	Devanagari
S1-150559016	S2-974427352	0	0	0	0	cross-script	Universal Impex Private Limited	यूनिवर्सल इम्पेक्स प्राइवेट लिमिटेड	Latin	Devanagari
S1-519387845	S2-394692189	0	0	0	0	cross-script	Ace Producer Private Limited	एस प्रोड्यूसर प्राइवेट लिमिटेड	Latin	Devanagari
S1-740676893	S3-690799518	0	0	0	0	abbreviation	Bay Academy	Orbicira d/b/a Bay Academy	Latin	Latin
S1-46493141	S2-212881702	0	0	0	0	cross-script	First Exports Private Limited	ফার্স্ট এক্সপোর্টস প্রাইভেট লিমিটেড	Latin	Bengali
S1-193415954	S3-861631186	0	0	0	0	cross-script	North Innovative Consultancy Private Limited	नॉर्थ इनोवेटिव कंसल्टेंसी प्राइवेट लिमिटेड	Latin	Devanagari
S1-785299579	S2-93166668	0	0	0	0	cross-script	Silver Agro Private Limited	सिल्वर एग्रो प्राइवेट लिमिटेड	Latin	Devanagari
S1-992797126	S3-129181449	0	0	0	0	cross-script	Shree Construction Limited	श्री कंस्ट्रक्शन लिमिटेड	Latin	Devanagari
S1-764218371	S3-963552371	0	0	0	0	cross-script	Shivam Exports Private Limited	शिवम एक्सपोर्ट्स प्राइवेट लिमिटेड	Latin	Devanagari
S1-618905093	S2-325149773	0	0	0	0	abbreviation	Vava Center	Ariazephfaye	Latin	Latin
S1-682065234	S3-338208476	0	0	0	0	cross-script	Shyam Healthcare Private Limited	श्याम हेल्थकेयर प्राइवेट लिमिटेड	Latin	Devanagari
S1-29202373	S2-961265744	0	0	0	0	cross-script	Fortune Exports Limited	फॉर्च्यून एक्सपोर्ट्स लिमिटेड	Latin	Devanagari
S1-83883172	S3-267171733	0	0	0	0	cross-script	Shivam It Private Limited	ಶಿವಂ ಐಟಿ ಪ್ರೈವೇಟ್ ಲಿಮಿಟೆಡ್	Latin	Kannada
S1-992661419	S2-501926140	0	0	0	0	cross-script	Perfect Solutions Private Limited	परफेक्ट सॉल्यूशंस प्राइवेट लिमिटेड	Latin	Devanagari
S1-456563705	S2-780781158	0	0	0	0	typo / spelling variation	Cardiology Medicine Center	Cardiology Medicine Cflnetr	Latin	Latin
S1-155477524	S2-344389068	0	0	0	0	typo / spelling variation	Health Center	Hea1th Ctnter	Latin	Latin
S1-918689861	S3-220380319	0	0	0	0	severe noise / vocabulary shift	Ace Ventures Private Limited	Ace Private Limited Center	Latin	Latin
S1-883676510	S3-219363100	0	0	0	0	cross-script	Sun Alpha Energy Private Limited	సన్ ఆల్ఫా ఎనర్జీ ప్రైవేట్ లిమిటెడ్	Latin	Telugu
S1-928973964	S2-852768248	0	0	0	0	cross-script	Raj Lakshmi International	राज लक्ष्मी इंटरनेशनल	Latin	Devanagari
S1-608968920	S3-439642475	0	0	0	0	severe noise / vocabulary shift	Alpha First Finance Private Limited	ਅਲਫ਼ਾ ਫਸਟ ਫਾਈਨੈਂਸ ਪ੍ਰਾਈਵੇਟ ਲਿਮਟਿਡ	Latin	Latin
S1-232868676	S3-408900968	0	0	0	0	token variation	Desert Mission	Desert Services	Latin	Latin
S1-983979134	S2-32361927	0	0	0	0	cross-script	Southern Ace Constructions Private Limited	সাউদার্ন এইস কনস্ট্রাকশনস প্রাইভেট লিমিটেড	Latin	Bengali
S1-420580071	S2-843399337	0	0	0	0	cross-script	Smart Marketing Private Limited	સ્માર્ટ માર્કેટિંગ પ્રાઇવેટ લિમિટેડ	Latin	Gujarati
S1-394077940	S3-565543935	0	0	0	0	short business name	South Energy	SE	Latin	Latin
S1-215378166	S3-484420795	0	0	0	0	typo / spelling variation	Horizon Educational Society Ltd	hórizoneducationalsociety.com	Latin	Latin
S1-405235613	S3-743742009	0	0	0	0	cross-script	Green Software Private Limited	ग्रीन सॉफ्टवेयर प्राइवेट लिमिटेड	Latin	Devanagari
S1-665520914	S2-682575281	0	0	0	0	abbreviation	Hind Trading Pvt Ltd	hindtrading.com	Latin	Latin
S1-698934917	S2-164151686	0	0	0	0	cross-script	Super Logistics Private Limited	സൂപ്പർ ലോജിസ്റ്റിക്സ് പ്രൈവറ്റ് ലിമിറ്റഡ്	Latin	Malayalam
S1-287019469	S2-243501514	0	0	0	0	cross-script	Sky Hotel Enterprises Pvt Ltd	स्काई होटल एंटरप्राइजेज प्रा. लि.	Latin	Devanagari
S1-689038019	S2-815633883	0	0	0	0	cross-script	Innovative Digital Foods Private Limited	ఇన్నోవేటివ్ డిజిటల్ ఫుడ్స్ ప్రైవేట్ లిమిటెడ్	Latin	Telugu
S1-499497746	S3-818061203	0	0	0	0	cross-script	Innovative Products Private Limited	इनोवेटिव प्रोडक्ट्स प्राइवेट लिमिटेड	Latin	Devanagari
S1-52046312	S3-835245619	0	0	0	0	typo / spelling variation	Shiv Processing Private Limited	Shiv Prceesiing Private-Limited	Latin	Latin
S1-507432234	S2-849731566	0	0	0	0	cross-script	Big My Industries Private Limited	बिग माय इंडस्ट्रीज प्राइवेट लिमिटेड	Latin	Devanagari
S1-961883317	S3-854833931	0	0	0	0	abbreviation	Digital Producer Private Limited	Digital	Latin	Latin
S1-558720094	S2-426913930	0	0	0	0	cross-script	First Properties Private Limited	फर्स्ट प्रॉपर्टीज प्राइवेट लिमिटेड	Latin	Devanagari
S1-594211942	S2-382232956	0	0	0	0	cross-script	Jay Technology	ಜೇ ಟೆಕ್ನಾಲಜಿ	Latin	Kannada
S1-898656588	S2-190698343	0	0	0	0	severe noise / vocabulary shift	Ss Foundation	Ss Partners	Latin	Latin
S1-612221479	S3-326136304	0	0	0	0	abbreviation	Cornerstone Delta Aldel LLC	cdaldel.com	Latin	Latin
S1-383361621	S3-470640633	0	0	0	0	cross-script	Alpha Business Private Limited	अल्फा बिजनेस प्राइवेट लिमिटेड	Latin	Devanagari
S1-233512006	S2-420850269	0	0	0	0	token variation	Fresh Cafe	FRESH CEEA	Latin	Latin
S1-290166603	S2-443108765	0	0	0	0	cross-script	Blue Food Private Limited	ब्लू फूड प्राइवेट लिमिटेड	Latin	Devanagari
S1-138880664	S2-984910781	0	0	0	0	abbreviation	Projects Bean Communication Pvt Ltd	DOVAHALO	Latin	Latin
S1-706483260	S2-656738371	0	0	0	0	cross-script	Global Impex Private Limited	গ্লোবাল ইম্পেক্স প্রাইভেট লিমিটেড	Latin	Bengali
S1-399117891	S3-143374034	0	0	0	0	cross-script	Surya Trading Pvt Ltd	सूर्य ट्रेडिंग प्रा. लि.	Latin	Devanagari
S1-729109910	S2-838852668	0	0	0	0	numeric mismatch	Scholarship Fund	... 5cholarship Fd	Latin	Latin
S1-405235613	S2-303614574	0	0	0	0	cross-script	Green Software Private Limited	ग्रीन सॉफ्टवेयर प्राइवेट लिमिटेड	Latin	Devanagari
S1-708875234	S3-475402806	0	0	0	0	severe noise / vocabulary shift	Hari Industries Private Limited	ହରି ଇଣ୍ଡଷ୍ଟ୍ରିଜ୍ ପ୍ରାଇଭେଟ୍ ଲିମିଟେଡ୍	Latin	Latin
S1-573303469	S3-674450376	0	0	0	0	token variation	Vision Care Associates	Ciraquo née Vision Care Associates	Latin	Latin
S1-316249805	S3-402713010	0	0	0	0	cross-script	Star Foundation Pvt Ltd	ಸ್ಟಾರ್ ಫೌಂಡೇಶನ್ Pvt Ltd	Latin	Kannada
S1-839700852	S2-906255319	0	0	0	0	cross-script	Eastern Digital Builders Private Limited	ईस्टर्न डिजिटल बिल्डर्स प्राइवेट लिमिटेड	Latin	Devanagari
S1-401920011	S3-633534924	0	0	0	0	cross-script	Innovative Builders Private Limited	इनोवेटिव बिल्डर्स प्राइवेट लिमिटेड	Latin	Devanagari
S1-44982621	S2-39461454	0	0	0	0	cross-script	Laxmi Agro Limited	लक्ष्मी एग्रो लिमिटेड	Latin	Devanagari
S1-755540304	S2-377245067	0	0	0	0	severe noise / vocabulary shift	Gujarat Services Private Limited	@gujaratservices	Latin	Latin
S1-582002415	S3-524775554	0	0	0	0	abbreviation	United Dynamic Business Private Limited	Veobelo	Latin	Latin
S1-776913304	S3-251679970	0	0	0	0	cross-script	Black Technology Private Limited	ब्लैक टेक्नोलॉजी प्राइवेट लिमिटेड	Latin	Devanagari
