source1_entity_id	target_entity_id	failure_category	s1_business_name	target_business_name	s1_address	target_address	s1_country	target_country
S1-968627228	S3-597058496	severe_lexical_mutation	Dynamic Projects Pvt Ltd	Xyloorbi	At Post Shirur, Shirur, Beed, Maharashtra	At Post Shirur, Beed, Shirur, MH	India	India
S1-325942999	S3-313142403	severe_lexical_mutation	Balaji Technologies Pvt Ltd	బాలాజీ టెక్నాలజీస్ Pvt Ltd	C-103, 14, Champapet, Hayathnagar, K.V.Rangareddy, Telangana	C-##103, 14, Champapet, Hayathnagar, K.v.rangareddy, TG	India	India
S1-599116569	S2-821211691	severe_lexical_mutation	Premier Hospitality Pvt Ltd	PREMIER PVT LTD CENTER	Faridabad, Haryana, 15/1, 3Rd Floor, Reliable Control Solution, Faridabad	15/1, 3RD FLOOR, RELIABLE CONTROL SOLUTION, FARIDABAD, हरियाणा	India	India
S1-472966709	S2-923931933	cross_script	Modern Foods Private Limited	मॉडर्न फूड्स प्राइवेट लिमिटेड	110, Floor-1, Plot-289, Emca House, Shahid Bhagat Singh Road, Ballard Estate, Mumbai, Maharashtra	110, MUMBAI, Maharashtra	India	India
S1-965825653	S3-347887368	severe_lexical_mutation	Al Ventures Private Limited	Ventures	No 6/127, Arcot Road, Porur, Chennai, Kancheepuram, Tamil Nadu	No 6/127, Arcot Road, Porur, Chennai, Kancheepuram, Tamil Nadu	India	India
S1-222804370	S2-933301640	cross_script	Maa Energy Private Limited	माँ एनर्जी प्राइवेट लिमिटेड	New India Centre17 Cooperage Rd 5Th Floor, Mumbai, Mumbai City, Maharashtra	NEW INDIA CENTRE17 COOPERAGE RD 5TH FLOOR, MUMBAI CITY, MUMBAI, Maharashtra	India	India
S1-953760777	S3-830383978	severe_lexical_mutation	Arihant Logistics Private Limited	অরিহন্ত লজিস্টিকস প্রাইভেট লিমিটেড	Bl -1, 13Th Floor, Fl-13D 76/1B Bidhan Sarani, Kolkata, Kolkata, Howrah, West Bengal	Bl -1, 13Th Floor, Fl-13d 76/1B Bidhan Sarani, Kolkata, Howrah, Kolkata, পশ্চিমবঙ্গ	India	India
S1-487777131	S3-83455308	numeric_mismatch	Ear Nose & Throat Metro Medicine	Ear Nose & Medicine Mnbeftoro Throat	3419 King Street, Portsmouth City, VA	Virginia, 341 King Saint, Portsmouth	US	US
S1-567580717	S2-585539055	severe_lexical_mutation	Ram Infra Private Limited	রাম ইনফ্রা প্রাইভেট লিমিটেড	Synthesis Business Park Tower, 3C, 3Rd Floor, Cbd-1, Action Area Ii, North 24 Pgs, North 24 Parganas, West Bengal	SYNTHESIS BUSINESS PARK TOWER, West Bengal, NORTH 24 PARGANAS, NORTH 24 PGS	India	India
S1-199683466	S2-775112421	cross_script	First South Management Limited	फर्स्ट साउथ मैनेजमेंट लिमिटेड	Flat No-2 Noor Jahan Chs, S G Barve Marg Kulra West, Mumbai, Maharashtra	FLAT NO-2 NOOR JAHAN CHS, BOMBAY, MUMBAI, Maharashtra	India	India
S1-559945905	S3-148566791	severe_lexical_mutation	Behavioral Health Partners Inc	Behavioral Héalth Pctneas Inc Inc	5745 -258 Northampton Boulevard, Virginia Beach City, VA	5745 -258 Northampton Boulevard, Virginia Beach, Virginia	US	US
S1-38398309	S3-674705066	cross_script	East Green Logistics Private Limited	ईस्ट ग्रीन लॉजिस्टिक्स प्राइवेट लिमिटेड	Pune, Haveli, Sno.25/1/1 Suvarn Park, Maharashtra, Flat-A/21	Sno.2-5/1/1 Suvarn Park, MH, Haveli, Pune	India	India
S1-587311600	S2-20070158	cross_script	Shree It Private Limited	श्री आईटी प्राइवेट लिमिटेड	G-11/2 Sangam Vihar, New Delhi, South Delhi, Delhi	G-11/2 SANGAM VIHAR, NEW DELHI, SOUTH DELHI, दिल्ली	India	India
S1-949153727	S2-402638545	cross_script	Golden Finance Private Limited	गोल्डन फाइनेंस प्राइवेट लिमिटेड	Office No. A207, 2Nd Floor, Freight Forwarders Premises, Plot No. 5, Sect 1, Dronagiri, Ur, An, Navi Mumbai, Raigarh, Maharashtra	OFFICE NO. A207, 2ND FLOOR, FREIGHT FORWARDERS PREMISES, PLOT NO. 5, SECT 1, DRONAGIRI, UR, AN, NAVI MUMBAI, RAIGARH, Maharashtra	India	India
S1-776913304	S2-421424431	cross_script	Black Technology Private Limited	ब्लैक टेक्नोलॉजी प्राइवेट लिमिटेड	Delhi, East Delhi, 78, Ugf, Rani Garden, East Delhi	UGF, RANI GARDEN, EAST DELHI, 78, Delhi	India	India
S1-349826635	S2-691885881	severe_lexical_mutation	Foot & Ankle Associates, LLC	Center Foot & Associates, LLC	1225 Rio Grande Drive, Allen, TX	#1225 RIO GRANDE DRIVE, ALLEN, TX	US	US
S1-48994213	S2-540192221	cross_script	Perfect Investments Limited	परफेक्ट इन्वेस्टमेंट्स लिमिटेड	Office No -1101, 11Th Floor Technocity It Premises Co-Op Society, Sector X-5/3 T.T.C.Ind Ar, Ea, Mahape, Navi Mumbai, Thane, Maharashtra	BLOCK B-##585 OFFICE NO -1101, THANE, महाराष्ट्र	India	India
S1-156268557	S3-680530366	severe_lexical_mutation	Surya Group of Companies	Vantagebrix	Beed, Maharashtra, Masewadi, Beed, H No 171	H No 171, Masewadi, Beed, Maharashtra	India	India
S1-990550702	S2-629882929	numeric_mismatch	Piedmont Academy LLC	Piedmont Aacdhmy LLC	4844 Brown's Pond Road, Selma, NC	004844 BROWN'S POND ROAD, SELMA, NC	US	US
S1-29202373	S2-116339875	cross_script	Fortune Exports Limited	फॉर्च्यून एक्सपोर्ट्स लिमिटेड	Plot No 36, Bp Number, Nit, Faridabad, Haryana, Faridabad, Haryana	NO 36, BP NUMBER, NIT, FARIDABAD, HARYANA, FARIDABAD, Haryana	India	India
S1-368009067	S2-983242163	cross_script	Vision Enterprises	விஷன் Enterprises	11 B / 5 2Nd Floor Pillaiyar Kovil North Street Gopalasamudram Cheranmahadevi Taluk Tir, Unelveli, Tirunelveli, Tamil Nadu	H.NO 11 B / 5 2ND FLOOR PILLAIYAR KOVIL NRTH STREET GOPALASAMUDRAM CHERANMAHADEVI TALUK TIR, UNELVELI, TIRUNELVELI, Tamil Nadu	India	India
S1-584613308	S3-633627990	cross_script	Blue Business Pvt Ltd	புளூ பிசினஸ் பிரைவேட் லிமிடெட்	No.21, Durai Samy Pillai Street, West Tambaram, Tambaram, Kanchipuram, Tamil Nadu	H.no 21, Tambaram, Kanchipuram, TN	India	India
S1-639291627	S2-988517625	cross_script	Gujarat Hospitality Private Limited	गुजरात हॉस्पिटैलिटी प्राइवेट लिमिटेड	Shop-C Newton City Apartm, Ent 126/16 Khandari Bazar, Lucknow, Uttar Pradesh	SHOP-C NEWTON CITY APARTM, ENT 126/16 KHANDARI BAZAR, LUCKNOW, उत्तर प्रदेश	India	India
S1-777528513	S3-391474963	cross_script	Gold Food Private Limited	Gold फूड प्राइवेट लिमिटेड	B-433, First Floor, G.D. Colony Phase-3, Mayur Vihar, Delhi, East Delhi, Delhi	B-433, First Floor, G.d. Colony Phase-3, Mayur Vihar, Delhi, DL	India	India
S1-805854535	S2-647316135	cross_script	Global Solutions Private Limited	ग्लोबल सॉल्यूशंस प्राइवेट लिमिटेड	166, G/F Pkt-3 Phase 2 Shahid Bhagat Singh Apartment Sec-14, Dwarka, South Delhi, Delhi	166, G/F PKT-3 PHASE 2 SHAHID BHAGAT SINGH APARTMENT SEC-14, SOUTH DELHI, DWARKA, Delhi	India	India
S1-876713910	S2-870172581	severe_lexical_mutation	Bharat Products Private Limited	ഭാരത് പ്രൊഡക്ട്സ് പ്രൈവറ്റ് ലിമിറ്റഡ്	Xv/383, Muttom, Thaikkattukara P.O, Aluva, Ernakulam, Kerala	Kerala, XV/383/9, MUTTOM, THAIKKATTUKARA P.O, ALUVA, ERNAKULAM	India	India
S1-617978273	S2-884230521	severe_lexical_mutation	Palintech	Patntlfhc	2137 262nd Court, Des Moines, WA	2137 262ND CT, DES MOINES, WA	US	US
S1-399080604	S3-208700721	severe_lexical_mutation	Great Consultants Private Limited	ଗ୍ରେଟ୍ କନସଲଟାଣ୍ଟସ୍ ପ୍ରାଇଭେଟ୍ ଲିମିଟେଡ୍	Katapali Barpali, Bargarh, Sambalpur, Orissa	Sambalpur, ଓଡ଼ିଶା, Bargarh, Katapali Barpali	India	India
S1-870810760	S2-810798309	cross_script	Perfect Products	परफेक्ट प्रोडक्ट्स	E-1/1, Midc, Kupwad Block Sangli, Pune, Maharashtra	E-1/1, MIDC, KUPWAD BLOCK SANGLI, PUNE, Maharashtra	India	India
S1-450848064	S2-656376531	severe_lexical_mutation	Ear Nose & Throat Group	Ear Nose-+	117 Fernwood Drive, Naperville, IL	117 FSRNWOOD DR, NAPERVILLE, IL	US	US
S1-285171170	S3-787144658	severe_lexical_mutation	Dynamic Consultants Pvt Ltd	డైనమిక్ కన్సల్టెంట్స్ ప్రైవేట్ లిమిటెడ్	2Nd Floor Dwaraka Heights, Plot No.17 Jubilee Enclave, Madhapur, Hitech City, Hyderabad, Telangana	TG, Hyderabad, Plot No.17 Jubilee Enclave, Madhapur, Hitech City, Hyderabad, 2Nd Floor Dwaraka Heights	India	India
S1-467042123	S3-871027886	severe_lexical_mutation	KP Highland Manufacturing LLC	Orbivio	16137 130th Street, North Royalton, OH	130rd Saint, North Royalton, Ohio	US	US
S1-595488395	S3-204246905	severe_lexical_mutation	Black Infotech Pvt Ltd	Black Infroec Pvt Ltd	10-58, Vinayaka Nagar Bala Nagar, Hyderabad, Telangana	10-58, Hyderabad, TG	India	India
S1-549762349	S2-643942050	severe_lexical_mutation	Pioneer Consultancy Private Limited	ಪಯೊನೀರ್ ಕನ್ಸಲ್ಟೆನ್ಸಿ ಪ್ರೈವೇಟ್ ಲಿಮಿಟೆಡ್	Karnataka, Mysore, Cv Road, Idga Fourcv Road, Idga, 3261/1 Four, Mysore	NO 3261/1 FOUR, CV ROAD, IDGA FOURCV ROAD, IDGA, MYSORE, Karnataka	India	India
S1-847092303	S2-129383634	cross_script	Al Food Private Limited	अल फूड प्राइवेट लिमिटेड	C/O Sri Jeet Lal Ram, S/O-Dhoori Ram, Thana Kesariya Khijirpura, East Champaran, East Champaran, Bihar	HN 283 C/O SRI JEET LAL RAM, S/O-DHOORI RAM, THANA KESARIYA KHIJIRPURA, EAST CHAMPARAN, EAST CHAMPARAN, बिहार	India	India
S1-837201341	S2-761703199	cross_script	Dream Solutions	ड्रीम सॉल्यूशंस	Sr No 2/1B/2, Ramchandranagar, Dhankawadi, Pune City, Pune, Maharashtra	SR NO 2/1B/2, PUNE CITY, PUNE, महाराष्ट्र	India	India
S1-892236211	S2-978107596	severe_lexical_mutation	First Presbyterian Church of Minneapolis	firstpresbyterianchurch.com	3912 Bloomington Avenue, Minneapolis, MN	3912 BLOOMINGTON AVE, MINNEAPOLIS, MN	US	US
S1-364860667	S2-354991224	severe_lexical_mutation	Om Logistics Limited	Om Limited Services	No 301 Shravanee Premier Ashoka Pillar Road, Madhavan Park, Bangalore South, Bangalore, Karnataka	H.NO 301 SHRAVANEE PREMIER ASHOKA PILLAR ROAD, MADHAVAN PARK, BANGALORE SOUTH, Karnataka	India	India
S1-556447919	S3-601332018	severe_lexical_mutation	New Delhi Servicesprivate Limited	newdelhiservicesprivate.com	T-192, Jain Colony Part-1, Uttam Nagar, New Delhi, West Delhi, Delhi	T-##192, Jain Colony Part-1, Uttam Nagar, New Delhi, West Delhi, DL	India	India
S1-53518431	S2-721907266	severe_lexical_mutation	Axford Quality Spdr	aqspdr.com	368 Warren Road, Bldg 5, Carbondale, IL	IL, CARBONDALE, 368-372 WARREN ROAD	US	US
S1-106527695	S3-681813895	severe_lexical_mutation	Apex Builders Private Limited	Apex Bui1ders Private Limited	S.No. 662P1, Nr. Specific Ceramic Tal. Morbi, Dist. Morbi, Rangpar, Rajkot, Gujarat	S.no. 662P1, Nr. Specific Ceramic Tal. Morbi, Dist. Morbi, Rangpar, Rajkot, GJ	India	India
S1-992797126	S3-979897241	cross_script	Shree Construction Limited	श्री कंस्ट्रक्शन लिमिटेड	Ho-3, K-155 7 C Residency, Chinhat, Lucknow, Uttar Pradesh	Lucknow, UP, Lucknow, Ho-003	India	India
S1-705219892	S3-870150759	severe_lexical_mutation	Life Software Private Limited	లైఫ్ సాఫ్ట్‌వేర్ ప్రైవేట్ లిమిటెడ్	Hyderabad, Mayuri Marg Begumpet, Mayuri Apartments, Telangana, A1/12	A1/12, Mayuri Marg Begumpet, Hyderabad, TG	India	India
S1-535372299	S3-875875063	cross_script	Sky Infrastructure Private Limited	ஸ்கை இன்ஃப்ராஸ்ட்ரக்சர் பிரைவேட் லிமிடெட்	Tanjore Main Road, Tiruchirappalli, 35, Tamil Nadu, Tiruchirappalli	35, Tanjore Main Road, Tiruchirappalli, TN	India	India
S1-796378651	S3-186082160	severe_lexical_mutation	# 1 OC Idea LLC	1oc.com	Unit Apartment 317, 505 University Avenue, Rochester, NY	505. University Avenue, Rochester CDP, Unit Apartment 317, New York	US	US
S1-118314079	S3-568981228	cross_script	Tech International Private Limited	टेक इंटरनेशनल प्राइवेट लिमिटेड	Kh No. 364 Lathmar Colony Baghu, Ghaziabad, Uttar Pradesh	Kh No. 364 Lathmar Colony Baghu, Ghaziabad, UP	India	India
S1-714764521	S2-77113358	abbreviation_acronym	Meia	Mia	5151 Goliad Street, Rockwall, TX	#5151 GOLIAD STREET, ROCKWALL, TX	US	US
S1-232927857	S3-498823377	severe_lexical_mutation	Jay Technology Limited	ജയ് Technology Limited	#Km 11/600B, First Floor Ranzom Building, Chundappuram, Koduvally, Kozhikode, Kerala	#Km 11/600B, Kozhikode, കേരളം	India	India
S1-566722568	S3-983795123	cross_script	City Technologies Private Limited	सिटी टेक्नोलॉजीज प्राइवेट लिमिटेड	Meridien Apartments Chs Ltd, Veera Desai Road, Andheri (W), Mumbai City, 501/4, Mumbai, Maharashtra	Mumbai, Mumbai City, MH, Block E-559 501/4	India	India
S1-854900449	S2-650809249	cross_script	Anand Creative Media Pvt Ltd	आनंद क्रिएटिव मीडिया प्रा. लि.	177, Ground Floor, Pocket D-6 Rohini West, New Delhi, West Delhi, Delhi	Delhi, NEW DELHI, 17, WEST DELHI	India	India
S1-803667513	S2-999974129	severe_lexical_mutation	The Dent Book Store	dentbookstore.com	103 Vine Street, Blanchester, OH	103 1/2 VINE STREET, BLANCHESTER, OH	US	US
S1-87270499	S2-337819583	cross_script	Vijay Media Private Limited	विजय मीडिया प्राइवेट लिमिटेड	B/8, Maheshwari Mansion, 34, L.J.Marg, Napeansea Road, Mumbai, Maharashtra	B/8, MAHESHWARI MANSION, 34, L.J.MARG, NAPEANSEA ROAD, MUMBAI, महाराष्ट्र	India	India
S1-628948690	S3-232842105	numeric_mismatch	Toloum	Tsulom	Chicago, IL, 2635 Avers Avenue	2352 Avers Aevnue, Chicago, Illinois	US	US
S1-723104568	S3-770229885	cross_script	All Consultancy Limited	ऑल कंसल्टेंसी लिमिटेड	488, 3, Rampur Devrai, Lucknow, Uttar Pradesh	488, Lucknow, UP	India	India
S1-274484730	S3-901787125	numeric_mismatch	Fresh Pilates LLC	Fresh Pílates LLC	1220 Belleau Avenue, Dallas, TX	N/A, Texas, 1218 Belleau Ave, Dallas	US	US
S1-386187339	S2-133120494	missing_address	VN Association Limited	VN ATSODNCTAIMN  LIMITED | www.vnatsodnc.com	Gujarat, Flat 303, Surat, Roshan Park Appt, Chowki Sheri, Saiyadpura, Surat City		India	India
S1-229087497	S2-419395745	severe_lexical_mutation	Anchor, PC	AHNTCGIHO,R PC	1151 Bailey Noel Drive, Unit 207, Columbus, OH	1151 BAILEY NOEL DR, COLUMBUS, OH	US	US
S1-744425418	S3-264340612	numeric_mismatch	Maa Constructions Pvt Ltd	Maa Cobnstruacions Pvt Ltd	S.No. 316B, Plot No. 1, Basappa Peth, Satara, Maharashtra	662 S.no. 316B, Mumbai, Satara, MH	India	India
S1-617542443	S2-37305916	cross_script	Super Developers Private Limited	सुपर डेवलपर्स प्राइवेट लिमिटेड	24-A, Clyde Road Hazratganj, Lucknow, Uttar Pradesh	PLOT 582 24-A, LUCKNOW, Uttar Pradesh	India	India
S1-73177229	S2-163158159	severe_lexical_mutation	Eastern Communities LLC	CEASTERN.COM	528 Old San Antonio Road, Unit B, Dale, TX	528 OLD SAN ANTONIO ROAD, DALE, TX	US	US
S1-967163852	S3-769973705	severe_lexical_mutation	UN Aurora Co	UN-Co Services	1111 Draper Parkway, Unit 110, Draper City (sl Co), UT	##1111 Draper Pkwy, Unit 110, Draper City (Sl Co), Utah	US	US
S1-725696322	S2-917969147	severe_lexical_mutation	Golden Developers Private Limited	Golden Private Limited Partners	165, Lakeview Road, Westmambalam, Madras-33., Mambalam, Madras-33., Chennai, Tamil Nadu	165., LAKEVIEW ROAD, WESTMAMBALAM, MADRAS-33., MAMBALAM, MADRAS-33., Tamil Nadu	India	India
S1-999363646	S2-428791480	severe_lexical_mutation	Urgent Care Associates LLC	URGENT CARE ASRGIFATEES LLC	8400 Golf Ridge Drive, Charlotte, NC	8400 GOLF RIDGE DR, CHARLOTTE, NC	US	US
S1-659014506	S3-176290133	severe_lexical_mutation	West Charitable Trust	Drexmiragild doing business as West Charitable Trust	Hotel Anandvihar, No.39, K.R.Road, Opp: Vanivilas Hospital, Bangalore, Karnataka	Hotel Anandvihar, No.39, K.R.Road, Opp: Vanivilas Hospital, Bangalore, Karnataka	India	India
S1-971594350	S2-756088124	cross_script	Guru Technology Private Limited	गुरु टेक्नोलॉजी प्राइवेट लिमिटेड	Shop No. M-8, Gurgaon, Haryana, Qutub Plaza, Dlf Phase-1, Gurugram	BLOCK G-64 SHOP NO. M-8, QUTUB PLAZA, DLF PHASE-1, GURGAON, हरियाणा	India	India
S1-764428562	S3-777515520	cross_script	Raj Products Private Limited	ராஜ் புராடக்ட்ஸ் பிரைவேட் லிமிடெட்	4-B, Sipcot Industrial Estate, Pudukothai, Pudukkottai, Pudukkottai, Sivaganga, Tamil Nadu	-B, Pudukkottai, Sivaganga, TN	India	India
S1-918689861	S2-20266979	cross_script	Ace Ventures Private Limited	एस वेंचर्स प्राइवेट लिमिटेड	C/O Rhythm Corporation Office No D 3 Renuka Complex, 4Th Floor, Jangali Mahara, J Road, Pune, Maharashtra	C/O RHYTHM CORPORATION OFFICE NO D 3 RENUKA COMPLEX, 4TH FLOOR, JANGALI MAHARA, J ROAD, PUNE, ERANDWANE, Maharashtra	India	India
S1-351130190	S2-289057565	cross_script	Golden Finance Limited	Golden फाइनेंस लिमिटेड	C 001 A Sector 16 B, Noida, Gautam Buddha Nagar, Uttar Pradesh	C 001 A SECTOR 16 B, NOIDA, Uttar Pradesh	India	India
S1-807407408	S3-200414676	cross_script	Arihant It Private Limited	Arihant It प्राइवेट लिमिटेड	Flat 203 2Nd Floor Santoshi Niwas Co-Op, Ashok Nagar Road Bhandup Mumbai, Mumbai, Maharashtra	Flat 203 2Nd Floor Santoshi Niwas Co-op, Mumbai, MH	India	India
S1-11613684	S2-918454412	numeric_mismatch	New Delhi Foundation Private Limited	NEW DELHI FOUNDATION PRFIAVDIHAE LIMITED	141-B, Shahpur Jat Andrewsganj, New Delhi, South Delhi, Delhi	41-B, SHAHPUR JAT ANDRESGANJ, NEW DELHI, Delhi	India	India
S1-771498729	S3-395971799	severe_lexical_mutation	Blue Charities	Blue Chrtiies	812 Lasalle Avenue, Unit APT. 12A, Hampton City, VA	812 Lasalle Ave, # APT. 12A, Hampton, Virginia	US	US
S1-770038371	S2-479292594	severe_lexical_mutation	Anchor Digital Solutions LLC	Brixzeta	885 93rd Avenue, Coon Rapids, MN	885 93RD AVE, COON RAPIDS, MN	US	US
S1-446509180	S2-369491534	severe_lexical_mutation	Board of Motor Vehicles Inc	boardmotorvehicles.com #89582	1312 Mcanear Court, Cleburne, TX	1312 MCANEAR CT, CLEURNE, TX	US	US
S1-628400744	S3-830674647	severe_lexical_mutation	First Power Private Limited	ఫస్ట్ పవర్ ప్రైవేట్ లిమిటెడ్	H.No.6-4-589, Plot No.215, Phase Iv, Vanasthalipuram, Hyderabad, Telangana	H.no.6-4-58, Hyderabad, TG	India	India
S1-643809838	S3-784097657	severe_lexical_mutation	National Group	Natnol  Group	TX, Inez, 1188 Rodeo Road	1188 Rodeo Rd, Inez, Texas	US	US
S1-888818682	S3-411876761	numeric_mismatch	First Software	Shri First Ssolftare	C-802, Maharashtra, 24K, Glitterati Apartments, Vishal Nagar, Nr. Dp Road, Pimple Nilakh, Pune	C-02, Pune, MH	India	India
S1-95901522	S3-791773834	severe_lexical_mutation	West Institute of Technology Inc	westinstitutetechnology.com	3841 Woodland Avenue, Western Springs, IL	Woodland Avenue, Western Sprnigs, Illinois	US	US
S1-566722568	S3-547118302	cross_script	City Technologies Private Limited	सिटी टेक्नोलॉजीज प्राइवेट लिमिटेड	Meridien Apartments Chs Ltd, Veera Desai Road, Andheri (W), Mumbai City, 501/4, Mumbai, Maharashtra	Block E-559 501/4, Meridien Apartments Chs Ltd, Veera Desai Road, Andheri (W), Mumbai, Mumbai City, MH	India	India
S1-463806901	S3-779429151	severe_lexical_mutation	NWB Interiors Pvt Ltd	Rizapyra	279/4, Champa Smruti Society, Nr Bhavik Society, Paldi, Ahmedabad, Gujarat	279/4, Champa Smruti Society, Nr Bhavik Society, Paldi, Ahmedabad, Gujarat	India	India
S1-443571404	S2-143466503	cross_script	Prime Dream Consultancy Private Limited	பிரைம் டிரீம் கன்சல்டன்சி பிரைவேட் லிமிடெட்	Chennai, 96/89, Kamdar Nagar, 3Rd Street Nungambakkam, Chennai, Tamil Nadu	96/89, KAMDAR NAGAR, 3RD STREET NUNGAMBAKKAM, CHENNAI, Tamil Nadu	India	India
S1-195163220	S2-612715545	severe_lexical_mutation	Fortune Black Power Private Limited	ఫార్చూన్ బ్లాక్ పవర్ ప్రైవేట్ లిమిటెడ్	No 22, Adarsh Nagar Swaroop Nagar, Uppal, Hyderabad, Telangana	22, ADARSH NAGAR SWAROOP NAGAR, UPPAL, HYDERABAD, RANGA REDDY, Telangana	India	India
S1-986239453	S3-158075144	cross_script	Shivam South Foundation Private Limited	शिवम साउथ फाउंडेशन प्राइवेट लिमिटेड	Plot No. 1094, Sector 13-17, Huda, Near Kidney Hospital, Panipat, Haryana	#1094, Sector 13-17, Huda, Near Kidney Hospital, Panipat, HR	India	India
S1-348984051	S3-447090725	severe_lexical_mutation	New Delhi Studio Private Limited	Newdelhistudio.Com	B-10/4 Wazirpur Group Industrial Area, New Delhi, North Delhi, Delhi	Hn 123 B-10/4 Wazirpur Group Industrial Area, New Delhi, North Delhi, DL	India	India
S1-59783157	S2-841487952	severe_lexical_mutation	Shiv India Private Limited	SHIV IGNADI PRIVATE LIMITED	No. 45/1, Bangalore, Bangalore North, Karnataka, 10Th Floor, High Point, Sampangi Rama Nagar, Palace Road	NO. 45/1, 10TH FLOOR, HIGH POINT, SAMPANGI RAMA NAGAR, PALACE ROAD, BANGALORE NORTH, <NULL>, Karnataka	India	India
S1-56465046	S3-719279897	severe_lexical_mutation	Asset Building Institute	Asset Bui1ding	Crisfield, 19 Somers Cove, MD	19 Somers Cove, Crisfield, Maryland	US	US
S1-875691488	S3-881831067	severe_lexical_mutation	Real Agro Private Limited	Real Private Limited Service	No 10, 2Nd Floor, Krishnaja Constructions Yashoda Nagar, Opp. Jakkur Aerodrum, Bellaryroad, Bangalore, Karnataka	No 10, 2Nd Floor, Krishnaja Constructions Yashoda Nagar, Opp. Jakkur Aerodrum, KA, Bangalore, Bellaryroad	India	India
S1-787357092	S3-22495094	severe_lexical_mutation	Dream Infrastructure Limited	ড্রিম ইনফ্রাস্ট্রাকচার লিমিটেড	C/O Satadal Debnath Anadi Nagar Krishnagar, Nadia, West Bengal	C/o Satadal Debnath Anadi Nagar Krishnagar, Nadia, WB	India	India
S1-215909177	S3-869095751	severe_lexical_mutation	Parasnath Trust	Kornyla	Plot No 20, 3Rd Floor, Road No. 2, Green Park Avenue, Suchithra, Rangareddy, Telangana	H.no 20, 3Rd Floor, Road No. 2, Green Park Avenue, Suchithra, Rangareddy, TG	India	India
S1-44108193	S3-959258705	severe_lexical_mutation	Environmental Project LLC	Environmental Pdogjsect LLC	7701 Sand Road, Union Mills, IN	Indiana, 7701 Sand Rd, Union Mills	US	US
S1-874328683	S2-366991565	severe_lexical_mutation	Sun Jai Infotech Private Limited	ಸನ್ ಜೈ ಇನ್‌ಫೋಟೆಕ್ ಪ್ರೈವೇಟ್ ಲಿಮಿಟೆಡ್	Plotno-557-P37, 557-P38, 557-P39 Sompura 2Nd Stage, Karnataka, Bangalore Rural, Nelamangala	PLOT C-870 PLOTNO-557-P37, 557-P38, 557-P39 SOMPURA 2ND STAGE, BANGALORE RURAL, T.BEGUR, Karnataka	India	India
S1-823577381	S3-669649958	severe_lexical_mutation	Hotel Power Private Limited	ಹೋಟೆಲ್ ಪವರ್ ಪ್ರೈವೇಟ್ ಲಿಮಿಟೆಡ್	Bangalore, 4Th Floor, Lakshmi Complex No.40, K.R.Road(Fort), No.12, Karnataka	Door No 12, Bangalore, ಕರ್ನಾಟಕ	India	India
S1-180931199	S3-364615555	severe_lexical_mutation	Anderson's Hypnosis Inc.	Anderson's Hnnhssi Inc.	112 Grayson Drive, Jonesboro, AR	112- Grayson Dr, Jonesboro, Arkansas	US	US
S1-894706044	S2-366890710	severe_lexical_mutation	First Enterprises Pvt Ltd	ફર્સ્ટ એન્ટરપ્રાઇઝિસ પ્રા. લિ.	16 Pushpadhanwa Bunglowopp Taxshila Flats Vastrapur, Ahmedabad, Gujarat	H.NO 16 PUSHPADHANWA BUNGLOWOPP TAXSHILA FLATS VASTRAPUR, AHMEDABAD, GUJARAT, ગુજરાત	India	India
S1-950797472	S3-82307603	severe_lexical_mutation	Beacon National Allocation LLC	Zetanexfaye	457 Country Way, Scituate, MA	Massachusetts, 457 Country Way, Scituate	US	US
S1-518105823	S3-96340598	severe_lexical_mutation	First Cathedral	First Cathaedral	MD, 3907 92nd Avenue, Upper Marlboro	92nd Avenue, Upper Marlboro, Maryland	US	US
S1-857454415	S3-937499307	severe_lexical_mutation	Milan Consultants Private Limited	Arianovi	Sulur Tk, Coimbatore, S.F.No:622/1, Varapatty Village Velappa Naicken Palayam (Po), Tamil Nadu	S.f.no:622/1, Western Region Coimbatore, Coimbatore, TN	India	India
S1-915820077	S2-67661504	cross_script	Big Infotech	बिग इंफोटेक	Om Sai Radhe, Govind Chs, Near Hly Cros School, Chikanghar, Kalyan, West, Thane, Maharashtra, Thane, Shop No. 4	THANE, SHOP NO. ##4, महाराष्ट्र, THANE, OM SAI RADHE, GOVIND CHS, NEAR HLY CROS SCHOOL, CHIKANGHAR, KALYAN, WEST	India	India
S1-839700852	S2-300304666	cross_script	Eastern Digital Builders Private Limited	ईस्टर्न डिजिटल बिल्डर्स प्राइवेट लिमिटेड	C-1441, Tigri Near Mother Dairy, New Delhi, South Delhi, Delhi	C-144, TIGRI NEAR MOTHER DAIRY, NEW DELHI, SOUTH DELHI, दिल्ली	India	India
S1-120534408	S2-602192597	cross_script	Royal Global Limited	रॉयल ग्लोबल लिमिटेड	25E/40 Punjabi Bagh West, Sec Iii West Delhi, New Delhi, West Delhi, Delhi	NO 25E/40 PUNJABI BAGH WEST, WEST DELHI, Delhi	India	India
S1-914225152	S3-141645080	severe_lexical_mutation	Ear Nose & Throat Royal Care Group	Ear Nhobfe & Throat Royal Care Group	4717 Papaya Drive, Fair Oaks, CA	NULL, Carmichael, California, 4717 Papaya Drive	US	US
S1-358996742	S3-834010410	severe_lexical_mutation	New Delhi Productions Private Limited	New Delhi Private Limited Services	New Delhi, Central Delhi, Caxton House 2E Jhandewalan Extension, Delhi, Rani Jhansi R, Oad	Caxton House 2E Jhandewalan Extension, Rani Jhansi R, Oad, New Delhi, Central Delhi, DL	India	India
S1-83828946	S2-435647692	severe_lexical_mutation	Shree Construction Pvt Ltd	ശ്രീ കൺസ്ട്രക്ഷൻ പ്രൈവറ്റ് ലിമിറ്റഡ്	C/O Abdul Azeez T, 18/137, Chethupalam, Kottapadi, Ernad, Malappuram, Malapuram, Kerala	C/O ABDUL AZEEZ T, 18/137, CHETHUPALAM, KOTTAPADI, ERNAD, MALAPPURAM, MALAPURAM, Kerala	India	India
S1-195163220	S3-319330092	severe_lexical_mutation	Fortune Black Power Private Limited	ఫార్చూన్ బ్లాక్ పవర్ ప్రైవేట్ లిమిటెడ్	No 22, Adarsh Nagar Swaroop Nagar, Uppal, Hyderabad, Telangana	22, Adarsh Nagar Swaroop Nagar, Uppal, Hyderabad, TG	India	India
S1-132172418	S3-527770007	abbreviation_acronym	Swift Suburban Pvt. Ltd.	SS	A-06, Pocket-P3, Sector Phi-1, Gautam Budh Nagar, Gautam Buddha Nagar, Uttar Pradesh	A-06, Pocket-P3, Sector Phi-1, Gautam Budh Nagar, Gautam Buddha Nagar, Uttar Pradesh	India	India
S1-119187241	S2-865100548	cross_script	Silver Classic Industries Private Limited	சில்வர் கிளாசிக் இண்டஸ்ட்ரீஸ் பிரைவேட் லிமிடெட்	Dr.No.299, Anandha Nagar, Gudalur (N) And (S), Coimbatore North, Coimbatore, Tamil Nadu	COIMBATORE, COIMBATORE NORTH, DR.NO.299, தமிழ்நாடு	India	India
S1-443388633	S2-835618786	severe_lexical_mutation	Nonie Hunter Golden Amplify Inc	Zetayumairi	Unit #14, Aurora, 1780 Winterfield Drive, IL	1780 WINTERFIELD DR, AURORA, IL	US	US
S1-375212196	S2-347698207	severe_lexical_mutation	Blue Charter School LLC	Blue Charter Sch0ol Llc	341 Gear Street, Galena, IL	GEAR ST, GALENA, IL	US	US
S1-862923434	S2-623020326	cross_script	Arihant Properties Limited	अरिहंत प्रॉपर्टीज लिमिटेड	South Delhi, Main Market Greater Kailash-Ii, Delhi, M-1, New Delhi	M-C-1, MAIN MARKET GREATER KAILASH-II, SOUTH DELHI, NEW DELHI, Delhi	India	India
S1-592101719	S3-25096945	severe_lexical_mutation	Ratais LLC	Rtagibs (LLC)	326 Cherry Avenue, Unit B, Cookeville, TN	Cherry Ave, Unit B, Cookeville, Tennessee	US	US
S1-718059177	S3-670740211	cross_script	Red Dynamic Ventures Pvt Ltd	रेड डायनामिक वेंचर्स प्रा. लि.	Maaesa Creations, C/O Priyanka Garg, 135 Prime Estate, Kho Nagoriyan, Jagatpura, Jaipur, Rajasthan	Maaesa Creations, Jaipur, राजस्थान	India	India
S1-61734017	S3-7085532	severe_lexical_mutation	Bright International Private Limited	Sri Bright Inereantional Private  Limited	C-463, 3Rd Floor Yojana Vihar, Delhi, East Delhi, Delhi	C-463, Delhi, East Delhi, DL	India	India
S1-112656772	S3-235964827	cross_script	Shyam Services Private Limited	श्याम सर्विसेज प्राइवेट लिमिटेड	Fa- 24-C, 3Rd Floor, Shaheen Bagh Abul Fazal Enclave, Jamia Nagar Okhla, New Delhi, South Delhi, Delhi	Fa- 24-C, 3Rd Floor, Shaheen Bagh Abul Fazal Enclave, Jamia Nagar Okhla, New Delhi, DL, New Delhi	India	India
S1-392162365	S3-2687236	severe_lexical_mutation	Shyam Estate Private Limited	Quolyra	Fl-1, Cozy Nook Aptt, Pl No.-103/2, Near Garden Hotel, Panvel, Raigarh(Mh), Maharashtra	Maharashtra, Fl-1, Cozy Nook Aptt, Pl No.-103/2, Near Garden Hotel, Raigarh(Mh), Panvel	India	India
S1-80567250	S3-127806472	severe_lexical_mutation	Sterling Apparel Products	Dovaaria Labs	302 Crestview Road, Southern Pines, NC	302 Crestview Road, Southern Pines, NC	US	US
S1-301051606	S3-330078749	cross_script	Lotus Ventures Pvt Ltd	लोटस वेंचर्स प्रा. लि.	32 Karitk New Link Roadopp Laxmi Industries Andheri (W), Mumbai, Maharashtra	H.no 32 Karitk New Link Roadopp Laxmi Industries Andheri (W), Mumbai, MH	India	India
S1-398795206	S3-377207999	cross_script	South International Private Limited	साउथ इंटरनेशनल प्राइवेट लिमिटेड	Shakuntla Sadan, Bank Road Tilak Nagar Road No-2 Rukunpura, Patna, Bihar	Patna, BR, Bank Road Tilak Nagar Road No-2 Rukunpura, Shakuntla Sadan, Patna	India	India
S1-46626801	S2-46134866	cross_script	Star Developers Private Limited	ஸ்டார் டெவலப்பர்ஸ் பிரைவேட் லிமிடெட்	320/4, Opposite 57Th Block, Manali New Town, Chennai, Tamil Nadu	320/4, TIRUVALLUR, CHENNAI, Tamil Nadu	India	India
S1-63324787	S3-201994245	severe_lexical_mutation	Cascade Program	Cprogram.Com	6431 Tournament Lane, Fl 1, Chandler, AZ	6431- Tournament Lane, Fl. 1, Ocotillo, Arizona	US	US
S1-517694451	S2-491727849	severe_lexical_mutation	A Cure 9 All	A Ce 9 All	1701 Lakeview Drive, Johnson City, TN	JOHNSON CITY, 1701- LAKEVIEW DRIVE, TN	US	US
S1-158086383	S3-976939597	abbreviation_acronym	Pioneer Air Private Limited	PA	473-474, Auto Market, Hisar, Haryana	473-474, Auto Market, Hisar, Haryana	India	India
S1-886317327	S3-233602204	cross_script	Indo Investments Private Limited	Indo इन्वेस्टमेंट्स प्राइवेट लिमिटेड	1901 Eden Woods Shahstrinagrlokhandwala Complex Andheri (W), Mumbai, Maharashtra	1901 Eden Woods Shahstrinagrlokhandwala Complex Andheri (W), Mumbai, MH	India	India
S1-459383258	S2-824421143	severe_lexical_mutation	Western Aktiengesellschaft Inc	Inc Western Akidngedemcscaft	4708 31st Place, Mount Rainier, MD	MOUNT RAINIER, MD, 4708 31ST PL	US	US
S1-67182799	S3-803106257	severe_lexical_mutation	Back Alley Bistro, LLC	Back Álley Bístro, LLC	8845 Schlottman Road, Maineville, OH	8845 Schlottman Road, Hamilton Twp, Ohio	US	US
S1-435345632	S3-946102267	severe_lexical_mutation	Womens Health Fresh Care Associates PLLC	Avievocalo Formerly Womens Health Fresh Care Associates PLLC	4116 450, Chalmers, IN	4116 450, Chalmers, IN	US	US
S1-566722568	S3-927048315	severe_lexical_mutation	City Technologies Private Limited	Onyxjax	Meridien Apartments Chs Ltd, Veera Desai Road, Andheri (W), Mumbai City, 501/4, Mumbai, Maharashtra	501/4, Meridien Apartments Chs Ltd, Veera Desai Road, Andheri (W), Mumbai, Mumbai City, Maharashtra	India	India
S1-473460610	S2-618092523	cross_script	Sun Media Private Limited	सन मीडिया प्राइवेट लिमिटेड	House No. 187, Indore, Madhya Pradesh, Anandam, Omaxe City-1, Indore	HOUSE NO. 187, ANANDAM, OMAXE CITY-1, INDORE, मध्य प्रदेश	India	India
S1-580167890	S3-835218271	severe_lexical_mutation	Economic Development Fellowship Inc	Economic Denvelhoofent Féllowship Inc	1221 51st Avenue, Unit #12, Hillsboro, OR	Oregon, Hillsboro, 1221 51st Ave	US	US
S1-102253241	S3-588689345	severe_lexical_mutation	Mumbai Services Private Limited	Múmbaiservices.Com	Flat No. 303, F Wing, Ganga Estate O-Op Hsg Soc, Sion Trombay Road, Chembur, Mumbai, Maharashtra	F Wing, Ganga Estate O-op Hsg Soc, Sion Trombay Road, Chembur, Door No 303, Mumbai, MH	India	India
S1-704246921	S3-161171324	severe_lexical_mutation	Arlen Patnode Pacific Rare LLC	Syndova	460 Hebron Road, Turner, ME	460 Hebron Rd, Turer, Maine	US	US
S1-94342147	S2-183205897	severe_lexical_mutation	Indo All Healthcare Private Limited	ઇન્ડો ઓલ હેલ્થકેર પ્રાઇવેટ લિમિટેડ	Unit No. 4, Office No. 01, Desk No. 06 Wing 1 Gift Aspire 2, Block 12, Zone -1, Gift City Gandhinagar, Gandhinagar, Gandhi Nagar, Gujarat	UNTI NO. #4, GANDHINAGAR, Gujarat	India	India
S1-552569650	S3-485113959	severe_lexical_mutation	Anchor Japan Ltd	Anchor Jápan Ltd	116 W End Avenue, Unit Apartment 10, Freeport, NY	116 W End Avenue, # Apartment 10, Frepeort, New York	US	US
S1-305145198	S2-566121950	numeric_mismatch	Internal Medicine Custom Specialists PC	internalmedicinecustom.com	300 Lower Buckeye Road, Unit 1, Avondale, AZ	00300 LOWER BUCKEYE RD, AVONDALE GOODYEAR, AZ	US	US
S1-421019269	S3-873041370	cross_script	Dream Engineering Private Limited	ड्रीम इंजीनियरिंग प्राइवेट लिमिटेड	Unit No. 1001, 10Th Floor, Pavilion Business Square, Sg Barve Marg, Chembur, Mumbai, Maharashtra	Unit No. ##1001, Mumbai, MH	India	India
S1-421170006	S3-250265713	severe_lexical_mutation	(india) Aatrey India Pvt Ltd	iiaatrey.com	39, Shakespeare Sarani 5Th Floor, Kolkata, Howrah, West Bengal	Howrah, WB, ##39, Kolkota	India	India
S1-816413952	S3-870263295	cross_script	All Builders Private Limited	ஆல் பில்டர்ஸ் பிரைவேட் லிமிடெட்	No.254, T C Street, Tondiarpet Fort St George, Chennai, Tamil Nadu	No.254, T C Street, Tondiarpet Fort St George, Chennai, தமிழ்நாடு	India	India
S1-928397790	S3-67335657	severe_lexical_mutation	Hari Finance Limited	Shri Hari Fnsioeanre Fnsioeanre Limited	No.3/17, Nehru Colony, 2Nd Street Darasuram Post, Kumbakonam, Thanjavur, Tamil Nadu	##3/17, Nehru Colony, 2Nd Street Darasuram Post, Kumbakonam, Thanjavur, TN	India	India
S1-605921047	S3-795648644	cross_script	Lakshmi Infrastructure Private Limited	लक्ष्मी इंफ्रास्ट्रक्चर प्राइवेट लिमिटेड	V-158/3 F/F Kh No-58 Gali, No-5, Arvind Nagar Ghonda, East Delhi, Delhi	V-158/ F/f Kh No-58 Gali, No-5, Arvind Nagar Ghonda, East Delhi, DL	India	India
S1-11258671	S3-285980338	severe_lexical_mutation	Community Initiative	Community Initimtaie	16 Peterson Road, North Andover, MA	16 Peterson Rd, North Andover, Massachusetts	US	US
S1-361235442	S3-402602747	severe_lexical_mutation	Infra Manthan Storage Private Limited	Novivera	5, Clive Row 6Th Floor, Room No 6A, Kolkata, Kolkata, Howrah, West Bengal	5, Clive Row 6Th Floor, Room No 6A, Kolkata, Kolkata, Howrah, West Bengal	India	India
S1-146477330	S2-4533132	severe_lexical_mutation	Signature Learning Company	sígnaturelearning.com	30 Woodland Drive, Rye Brook, NY	30 WOODLAND DRIVE, NY, PORT CHESTER	US	US
S1-472966709	S3-556464527	severe_lexical_mutation	Modern Foods Private Limited	Modern Fnooisn Private Limited	110, Floor-1, Plot-289, Emca House, Shahid Bhagat Singh Road, Ballard Estate, Mumbai, Maharashtra	810, Floor-1, Plot-289, Emca House, Shahid Bhagat Singh Road, Ballard Estate, Mumbai, महाराष्ट्र	India	India
S1-368009067	S2-509308676	cross_script	Vision Enterprises	விஷன் எண்டர்பிரைசஸ்	11 B / 5 2Nd Floor Pillaiyar Kovil North Street Gopalasamudram Cheranmahadevi Taluk Tir, Unelveli, Tirunelveli, Tamil Nadu	11 B / 5 2ND FLOOR PILLAIYAR KOVIL NORTH STREET GOPALASAMUDRAM CHERANMAHADEVI TALUK TIR, UNELVELI, TIRUNELVELI, Tamil Nadu	India	India
S1-543631331	S3-170712176	severe_lexical_mutation	Vevue	Véste	2720 Patrick Avenue, Maryville, TN	#2720 Patrick Ave, PMB 4881, Maryville, Tennessee	US	US
S1-46626801	S3-573987876	cross_script	Star Developers Private Limited	ஸ்டார் டெவலப்பர்ஸ் பிரைவேட் லிமிடெட்	320/4, Opposite 57Th Block, Manali New Town, Chennai, Tamil Nadu	A-320/4, Opposite 57Th Block, Manali New Town, Chennai, தமிழ்நாடு	India	India
S1-3597945	S3-627696682	severe_lexical_mutation	Hari Construction Private Limited	Hari Private Limited Center	S-392, Basement, Greater Kailash, Part-Ii, New Delhi, South Delhi, Delhi	S-392, New Delhi, South Delhi, DL	India	India
S1-392162365	S2-849374071	cross_script	Shyam Estate Private Limited	श्याम एस्टेट प्राइवेट लिमिटेड	Fl-1, Cozy Nook Aptt, Pl No.-103/2, Near Garden Hotel, Panvel, Raigarh(Mh), Maharashtra	FL-1, COZY NOOK APTT, PL NO.-103/2, NEAR GARDEN HOTEL, PANVEL, NAVI MUMBAI, Maharashtra	India	India
S1-277753689	S2-180744791	severe_lexical_mutation	Rapid Electronics Alliance	Lumsynonyx	1812 Vassault Street, Tacoma, WA	1812 VASSAULT STREET, WA, TACOMA	US	US
S1-391004591	S3-722837804	severe_lexical_mutation	New Delhi Consultancy Limited	ndconsultancy.com	House No Old No.3-4 Plot, No Cb-254-255 Kh.No. 1018, New Delhi, South West Delhi, Delhi	दिल्ली, House No Old No.c-3-4 Plot, No Cb-254-255 Kh.no. 1018, Delhi, South West Delhi	India	India
S1-970683660	S3-140413252	severe_lexical_mutation	Dental Specialists	Dental Spécialists	15 Regal Drive, Granby, NY	15 Regal Dr, Fulton, New York	US	US
S1-837351857	S2-62862321	severe_lexical_mutation	Harris Diagnostics Corp	Gildarc	7011 Hundsford Lane, Fairfax County, VA	7011 HUNDSFORD LN, PO BOX 3003, FAIRFAX COUNTY, VA	US	US
S1-718059177	S2-626721273	cross_script	Red Dynamic Ventures Pvt Ltd	रेड डायनामिक वेंचर्स प्रा. लि.	Maaesa Creations, C/O Priyanka Garg, 135 Prime Estate, Kho Nagoriyan, Jagatpura, Jaipur, Rajasthan	MAAESA CREATIONS, JAGATPURA, राजस्थान	India	India
S1-567465426	S2-916402815	numeric_mismatch	Cardinal Inc	LYRAFAYEFAYE	2019 Eagles Road, Bay City, TX	02019 EAGLES RD, BAY CITY, TX	US	US
S1-159025738	S3-567472053	cross_script	Blue Hospitality Private Limited	ब्लू हॉस्पिटैलिटी प्राइवेट लिमिटेड	A-Hanuman Complex, 1St Floor, Azad Nagar Chouraha, Pur Road, Bhilwara, Rajasthan	Bhilwara, 1St Floor, Azad Nagar Chouraha, Pur Road, A-hanuman Comlex, RJ, Bhilwara	India	India
S1-302281281	S3-355516168	severe_lexical_mutation	S 9 D Homecare	D 9 S Hómécare	4237 Doctor Martin Luther King Jr Drive, Chicago, IL	4237 1/2 Doctor Martin Luther King Jr Dr, Chicago, Illinois	US	US
S1-239029433	S3-795727142	severe_lexical_mutation	Youth Council	Youth Cóuncil Cóuncil	3366 Havensport Road, Carroll, OH	3366- Havensport Rd, Carroll, Ohio	US	US
S1-426678992	S2-623090558	severe_lexical_mutation	Orthopedic Center Inc	Orthopedic Cénter	8655 Powder Point, Eden, UT	8655 POWDER POINT, EDEN, UT	US	US
S1-111634068	S2-994766560	cross_script	First Systems Private Limited	फर्स्ट सिस्टम्स प्राइवेट लिमिटेड	G-70, Bhawani Nagar, Jaipur, Rajasthan	G-70, BHAWANI NAGAR, DIVREPORTINGCIRCLE, Rajasthan	India	India
S1-567115429	S3-442621912	cross_script	Shakti Power Private Limited	शक्ति पावर प्राइवेट लिमिटेड	Rewari, 602, Qutubpur, Opp Petrol, Pump Rewari, Haryana, Haryana	H.no 341 602, Rewari, HR	India	India
S1-51991841	S3-393595588	cross_script	Prime International Pvt Ltd	பிரைம் இன்டர்நேஷனல் பிரைவேட் லிமிடெட்	Tamil Nadu, Chennai, 1St Floor, 8Th Cross Street, West Shenoy Nagar, Egmore Nungambakkam, No. 3	No. 3., 1St Floor, 8Th Cross Street, West Shenoy Nagar, Egmore Nungambakkam, Chennai, தமிழ்நாடு	India	India
S1-349171233	S3-294446812	severe_lexical_mutation	Dynamic Projects Private Limited	ডায়নামিক প্রজেক্টস প্রাইভেট লিমিটেড	C/O Bidhan Chandra Paul, Prithiba, Habra, Jl- 125, Prithiba, North 24 Parganas, West Bengal	C/o Bidhan Chandra Paul, Prithiba, Habra, Jl- 125, North 24 Parganas, Prithiba, WB	India	India
S1-844492132	S3-334066628	cross_script	Shyam Developers Private Limited	श्याम Developers प्राइवेट लिमिटेड	Ashok Kumar Jha, S/O Surendra Nath Jha, Iocl Colony, Kumhrar, Patna, Sampatchak, Patna, Bihar	Ashok Kumar Jha, Sampatchak, Patna, BR	India	India
S1-896454262	S3-12097578	severe_lexical_mutation	United Tech Private Limited	United Tglh Private Limited	Discovery Of India, Nehru Centre, Dr. Annie Basent Road, Worli, Mumbai, Maharashtra, Mumbai, 6Th Floor	6Th Floor, Mumbai, MH	India	India
S1-581931192	S2-487383344	severe_lexical_mutation	Regional Intelligence Works LLC	LLC Regional Intbllgenec Works	287 Mountain Grove Road, Canton, NC	<NULL>, CANTON, 287-291 MOUNTAIN GROVE RD, NC	US	US
S1-943506925	S3-581130401	cross_script	Sai Solutions Private Limited	साई सॉल्यूशंस प्राइवेट लिमिटेड	Mumbai, B-Wing, 36 Turner Rd, Near Tava Restaurant, Mumbai, 205, Maharashtra	205, Mumbai, Bhandara, MH	India	India
S1-714890141	S3-339125141	severe_lexical_mutation	Boxley Grill	bgrill.com	5732 Stuebner Airline Road, Houston, TX	5732 Stuebner Airline Road, Huston, Texas	US	US
S1-825023193	S3-795257350	severe_lexical_mutation	Future Constructions Private Limited	Smt Future Constructions Pbrivtae Limited	Fl-J-104, Kewale, Saomya, Fortune Infra Ventures, Panvel, Raigarh(Mh), Maharashtra	Fl-j-104, Kewale, Saomya, Fortune Infra Ventures, Panvel, Raigarh(mh), MH	India	India
S1-927463860	S3-565297759	severe_lexical_mutation	Vision Hospitality LLP	ವಿಷನ್ ಹಾಸ್ಪಿಟಾಲಿಟಿ ಎಲ್ಎಲ್‌ಪಿ	Sy.No.88/4 First Floor, Singasandra Begur Hobli, Hosur Main Road, Bangalore, Karnataka	Sy.no.88/4 First Floor, Singasandra Begur Hobli, Hosur Main Road, Bangalore, ಕರ್ನಾಟಕ	India	India
S1-531369396	S2-373037759	severe_lexical_mutation	Highland Federation	Highland  Femdeartoin	4068 Riverdale Road, Riverdale, UT	RIVERDALE RD, OGDEN, UT	US	US
S1-742767146	S3-43557464	severe_lexical_mutation	Sanao, LLC	Sna,o LLC	630 Main Street, Weston, VT	630 Main Street, Weston, Vermont	US	US
S1-645392023	S2-109014371	cross_script	Krishna Properties	कृष्ण प्रॉपर्टीज	Malviya Nagar Opposite Ramleela Ground, Uttar Pradesh, Gonda	MALVIYA NAGAR OPPOSITE RAMLEELA GROUND, GONDA, Uttar Pradesh	India	India
S1-930699575	S2-65567329	cross_script	Super Laxmi Management Pvt Ltd	सुपर लक्ष्मी मैनेजमेंट प्रा. लि.	701, Pratap Enclav, Plot- 253, Jawahar Nagar, Road No :1Gore, Gaon (West, Mumbai, Mumbai City, Maharashtra	#701, MUMBAI, Maharashtra	India	India
S1-468897749	S3-905827825	cross_script	Hari Software Limited	Hari सॉफ्टवेयर Limited	Phasi 11/3/4 Twin Complex Oppfire Bregade Marol Maroshi Rd, Andheri East, Mumbai, Maharashtra	Andheri East, Phasi 11/3/4 Twin Complex Oppfire Bregade Marol Maroshi Rd, Greater Mumbai, महाराष्ट्र	India	India
S1-81038176	S3-731559691	abbreviation_acronym	Data Agricultural Products LLC	Data	365 Cleek Drive, Summerfield, NC	365 Cleek Drive, Summerfield, NC	US	US
S1-321505161	S3-172639108	numeric_mismatch	United Figx LLC	United Fx  LLC	2001 Emoriland Boulevard, Knoxville, TN	1999 Emoriland Boulevard, Knoxville, Tennessee	US	US
S1-94342147	S2-851939529	severe_lexical_mutation	Indo All Healthcare Private Limited	ઇન્ડો ઓલ હેલ્થકેર પ્રાઇવેટ લિમિટેડ	Unit No. 4, Office No. 01, Desk No. 06 Wing 1 Gift Aspire 2, Block 12, Zone -1, Gift City Gandhinagar, Gandhinagar, Gandhi Nagar, Gujarat	UNIT NO. #4, GANDHINAGAR, GANDHI NAGAR, Gujarat	India	India
S1-953760777	S3-698953849	severe_lexical_mutation	Arihant Logistics Private Limited	Arihant L0gistics	Bl -1, 13Th Floor, Fl-13D 76/1B Bidhan Sarani, Kolkata, Kolkata, Howrah, West Bengal	Bl -1, 13Th Floor, Fl-13d 76/1B Bidhan Sarani, Kolkata, Kolkata, Howrah, WB	India	India
S1-965708285	S2-710142582	severe_lexical_mutation	International Impex Private Limited	ઇન્ટરનેશનલ ઇમ્પેક્સ પ્રાઇવેટ લિમિટેડ	Dev Aluminum, Kamla Amrut Industrial Park Plot No.31, Village Indrad, Taluka Kadi, Mahesana, Gujarat	NO 563 DEV ALUMINUM, KAMLA AMRUT INDUSTRIAL PARK PLOT NO.31, VILLAGE INDRAD, TALUKA KADI, MAHESANA, Gujarat	India	India
S1-75711797	S2-158224879	cross_script	International Ventures Private Limited	इंटरनेशनल वेंचर्स प्राइवेट लिमिटेड	Delhi, 64Surya Niketan, East Delhi, Delhi	64SURYA NIKETAN, DELHI, EAST DELHI, Delhi	India	India
S1-139855243	S2-835588387	severe_lexical_mutation	O+ Verde LLC	O+ Vérde LLC	3030 142nd Lane, Andover, MN	3030 142ND LN, ANDOVER, MN	US	US
S1-760678310	S3-189509886	cross_script	Big Industries Pvt Ltd	बिग Industries प्रा. लि.	C/O Shri V.W.Adgaonkar, Hingoli, Maharashtra, Hingoli, Feeder No.F1, Tq Basmat	C/o Shri V.w.adgaonkar, Hingoli, महाराष्ट्र	India	India
S1-455242993	S2-802261124	cross_script	Perfect Investment Private Limited	परफेक्ट इन्वेस्टमेंट प्राइवेट लिमिटेड	Scf-34, Ashoka Enclave-Ii, Sec37, Faridabad, Haryana	SC-G-34, Haryana, FARIDABAD	India	India
S1-611323462	S2-982376281	severe_lexical_mutation	LL India Mumbai	llindiamumbai.com	A/705, Sahyadri Tower Chs Ltd, Upper Govind Nagar Near Upwan Tower, Malad East, Mumbai, Mumbai City, Maharashtra	A/705, SAHYADRI TOWER CHS LTD, UPPER GOVIND NAGAR NEAR UPWAN TOWER, MALAD EAST, MUMBAI CITY, MUMBAI, महाराष्ट्र	India	India
S1-348269794	S3-690287304	severe_lexical_mutation	Biehl Precision Pharmaceuticals	Caloaria	2393 35, Town Of Osceola, Unit Unit 211, WI	2393 35, Unit Unit 211, Town Of Osceola, WI	US	US
S1-401920011	S2-951847632	severe_lexical_mutation	Innovative Builders Private Limited	INNOVATIVE BUIDLESR PRIVATE LIMITED	38 Padmavati Colony, Indore, Madhya Pradesh	#38 PADMVATI COLONY, INDORE, मध्य प्रदेश	India	India
S1-386607538	S2-199896718	severe_lexical_mutation	Premier Strategic Surgical	MIRANYLA	3228 Hill Street, Amarillo, TX	AMARILLO, #3228 HILL ST, TX	US	US
S1-620874858	S2-771889839	numeric_mismatch	Patna Technologies Pvt Ltd	tpatna.com	Plot No 218 B, Patliputra Colony, Patna, Bihar	DOOR NO 21 B, PATLIPUTRA COLONY, PATNA, बिहार	India	India
S1-782761586	S3-111076487	severe_lexical_mutation	Services Cethar Window Private Limited	Brixveo	Gr.Floor, Thakore Industrial Estate, Kurla Kirol Rd Khalai Village, Vidyavihar (West), Mumbai, Mumbai City, Maharashtra	Thakore Industrial Estate, Kurla Kirol Rd Khalai Village, Vidyavihar (West), Gr.Floor, Mumbai City, Maharashtra, Mumbai	India	India
S1-112656772	S2-645484716	cross_script	Shyam Services Private Limited	श्याम सर्विसेज प्राइवेट लिमिटेड	Fa- 24-C, 3Rd Floor, Shaheen Bagh Abul Fazal Enclave, Jamia Nagar Okhla, New Delhi, South Delhi, Delhi	FA- 26-C, 3RD FLOOR, SHAHEEN BAGH ABUL FAZAL ENCLAVE, JAMIA NAGAR OKHLA, SOUTH DELHI, Delhi	India	India
S1-161550675	S2-155196822	numeric_mismatch	Beo, Inc	DELTAQUOIRI	408 James Street, Unit APT 8, Wilmington, DE	583. JAMES STREET, WILMINGTON, DE	US	US
S1-51475860	S2-441568342	severe_lexical_mutation	New Whiteland Primary Care Better Clinic, LLC	Fayequo	1008 Warwick Road, New Whiteland, IN	1008 WARWICK RD, NEW WHITELAND, IN	US	US
S1-516174888	S3-923293219	severe_lexical_mutation	Eastern Bread PC	Eastern Bgrdra PC	Waterbury, CT, 39 Visconti Avenue	39 Visconti Avenue, Waterbury Townsship, Connecticut	US	US
S1-982925202	S2-142694197	cross_script	Unique My Consulting Private Limited	यूनिक माय कंसल्टिंग प्राइवेट लिमिटेड	S No.98 Elite Homes Flat No 401 Akshra Internation, Al School Thathwade, Pune, Maharashtra	S NO.98 ELITE HOMES FLAT NO 401 AKSHRA INTERNATION, PUNE, CHINCHWAD, महाराष्ट्र	India	India
S1-190089776	S3-676424205	severe_lexical_mutation	Physical Therapy Medicine, LLC	Physical Therapy Médicine, LLC	721 Willow Creek Drive, La Porte, TX	721 Willow Creek Dr, La Porte, Texas	US	US
S1-379790397	S3-929999380	cross_script	Bright Investment Pvt Ltd	ब्राइट इन्वेस्टमेंट प्रा. लि.	50 Nishat Colony Link Road Tt Nagar, Bhopal, Madhya Pradesh	#50 Nishat Colony Link Road Tt Nagar, Bhopal, MP	India	India
S1-376015084	S2-482621639	numeric_mismatch	Mique	Nexariaveo	509 Jericho Bay Road, Swans Island, ME	50 JERICHO BAY ROAD, SWANS ISLAND, ME	US	US
S1-375335666	S2-469846416	severe_lexical_mutation	Allied Prairie Harvard	HAPRAIRIE.COM	2983 Tall Tree Trail, Willoughby Hills, OH	2983 TALL TREE TRAIL, WICKLIFFE, OH	US	US
S1-765935602	S3-867271207	severe_lexical_mutation	Bsk Welfare Society	Veociramira	Rz-B-64, Bindapur Extn., Uttam Nagar, Delhi, West Delhi, Delhi	Rz-B-64, Bindapur Extn., Uttam Nagar, Delhi, West Delhi, Delhi	India	India
S1-443939833	S2-206449429	severe_lexical_mutation	Star Foods Pvt Ltd	స్టార్ ఫుడ్స్ ప్రైవేట్ లిమిటెడ్	#101, 1St Floor, A-18, Madhura Nagar, Sr Nagar, Ameerpet, Hyderabad, Telangana	NO 01, 1ST FLOOR, A-18, MADHURA NAGAR, SR NAGAR, AMEERPET, HYDERABAD, Telangana	India	India
S1-786439272	S3-881094349	severe_lexical_mutation	Eastern Enterprises Private Limited	ಈಸ್ಟರ್ನ್ ಎಂಟರ್‌ಪ್ರೈಸಸ್ ಪ್ರೈವೇಟ್ ಲಿಮಿಟೆಡ್	No1 No 47/2 80 Feet Road, Bsk 6Th Stage Turahalli, Bangalore South, Bangalore, Karnataka	No C-1 No 47/2 80 Feet Road, Bsk 6Th Stage Turahalli, Bangalore South, Bengaluru, ಕರ್ನಾಟಕ	India	India
S1-540002161	S2-782167263	severe_lexical_mutation	Hari Enterprises Pvt Ltd	Hari Enrtpraises Pvt Ltd	Majra, Lucknow, Uttar Pradesh, Gata No 400 Mohammadpur	GATA NO 400 MOHAMMADPUR, MAJRA, LUCKNOW, Uttar Pradesh	India	India
S1-234743272	S2-119899997	cross_script	Good Global Private Limited	गुड ग्लोबल प्राइवेट लिमिटेड	Neemuch Road Malikhera Ward No 25 Bhayaji Ki Purani Building Ke, Pass, Pratapgarh District Pratapgarh, Chittorgarh, Rajasthan	NEEMUCH ROAD MALIKHERA WARD NO 25 BHAYAJI KI PURANI BUILDING KE, PRATAPGARH DISTRICT PRATAPGARH, राजस्थान	India	India
S1-605921047	S3-544513800	cross_script	Lakshmi Infrastructure Private Limited	लक्ष्मी इंफ्रास्ट्रक्चर प्राइवेट लिमिटेड	V-158/3 F/F Kh No-58 Gali, No-5, Arvind Nagar Ghonda, East Delhi, Delhi	V-158/ F/f Kh No-58 Glai, East Delhi, DL	India	India
S1-391863133	S2-637260518	cross_script	City It Pvt Ltd	सिटी आईटी प्रा. लि.	Agra, Uttar Pradesh, 33 Old Idgah Colony	AGRA, Uttar Pradesh, 33 OLD IDGAH COSONY, MALPURA	India	India
S1-723604628	S3-226285375	abbreviation_acronym	New Foods Pvt Ltd	New	Ja-1020 Dlf, Tower A Jasola District Centre, New Delhi, South Delhi, Delhi	Ja-1020 Dlf, Tower A Jasola District Centre, New Delhi, South Delhi, Delhi	India	India
S1-953760777	S2-332439135	severe_lexical_mutation	Arihant Logistics Private Limited	অরিহন্ত লজিস্টিকস প্রাইভেট লিমিটেড	Bl -1, 13Th Floor, Fl-13D 76/1B Bidhan Sarani, Kolkata, Kolkata, Howrah, West Bengal	BL -1, 13TH FLOOR, FL-13D 76/1B BIDHAN SARANI, KOLKATA, KOLKATA, HOWRAH, West Bengal	India	India
S1-658639312	S2-855493631	cross_script	Sree Construction Private Limited	ஸ்ரீ கன்ஸ்ட்ரக்ஷன் பிரைவேட் லிமிடெட்	11/5 Voc Street Alagappan Nagar, Madurai, Tamil Nadu	11/5 VOC STREET ALAGAPPAN NAGAR, MADURAI, Tamil Nadu	India	India
S1-669461780	S3-535675324	severe_lexical_mutation	Suraj Trading Private Limited	Dr 5uraj Trading Pfriaate Limited	No 69 (Old No 29), Eldams Road, Teynampet, Chennai, Tamil Nadu	தமிழ்நாடு, Madras, Door No B3/69 (Old No 29)	India	India
S1-709678146	S2-931286425	cross_script	Anand Consultancy Private Limited	आनंद कंसल्टेंसी प्राइवेट लिमिटेड	2Nd Floor Ashoka Halls V Road Vile Parle West Mumbai, Maharastra, Thane, Maharashtra	MAHARASTRA, H.NO 2ND/1 FLOOR ASHOKA HALLS V ROAD VILE PARLE WEST MUMBAI, Maharashtra, THANE	India	India
S1-545435657	S2-37033651	cross_script	Jay Engineering Private Limited	ஜெய் இன்ஜினியரிங் பிரைவேட் லிமிடெட்	No. 7, D Silva Road, Mylapore, Chennai, Chennai, Tamil Nadu	#7, D SILVA ROAD, MYLAPORE, CHENNAI, CHENNAI, Tamil Nadu	India	India
S1-397625112	S2-919536393	cross_script	Gold Digital Products Limited	Gold Digital प्रोडक्ट्स लिमिटेड	Delhi, Model Town, D-5	D-#5, MODEL TOWN, Delhi	India	India
S1-645392023	S3-491843073	severe_lexical_mutation	Krishna Properties	Viodrexzeta Sys	Malviya Nagar Opposite Ramleela Ground, Uttar Pradesh, Gonda	Malviya Nagar Opposite Ramleela Ground, Gonda, Uttar Pradesh	India	India
S1-316461528	S3-549779923	severe_lexical_mutation	Autism Assistance Project of Mcminnville	aaproject.com	1747 Yager Road, Bldg J, Mcminnville, TN	1747 Yager Rmad, Bldg. J, Mcminnville, Tennessee	US	US
S1-447347365	S2-469226928	cross_script	Lakshmi Estate Private Limited	लक्ष्मी एस्टेट प्राइवेट लिमिटेड	C/O Bhagawat Singh, Village Semara Hardo Kathikuiyan, Kushinagar, Uttar Pradesh	DOOR NO 496 C/O BHAGAWAT SINGH, KUSHI NAGAR, KUSHINAGAR, उत्तर प्रदेश	India	India
S1-56465046	S3-550205324	severe_lexical_mutation	Asset Building Institute	Asset	Crisfield, 19 Somers Cove, MD	Crisfield, 19 Somers Cove, MD	US	US
S1-819325787	S2-995920316	severe_lexical_mutation	Red Investment Private Limited	રેડ ઇન્વેસ્ટમેન્ટ પ્રાઇવેટ લિમિટેડ	C/O Rinaben Yashvantbhai Inani, Gayatri Industrial, Estate Chandial Daskroi, Daskroi, Ahmedabad, Gujarat	HN 622 C/O RINABEN YASHVANTBHAI INANI, GAYATRI INDUSTRIAL, ESTATE CHANDIAL DASKROI, AHMEDABAD, DASKROI, Gujarat	India	India
S1-101129738	S2-264933872	severe_lexical_mutation	A Cure 7 All	A Ccure 7 All	1018 Chestnut Street, Virginia, MN	101 CHESTNUT STREET, VIRGINIA, MN	US	US
S1-338068352	S2-422639683	severe_lexical_mutation	Vision Investments Pvt Ltd	VISION INVEEIDAENTS PVT LTD	H. No. 19-1, Sanjiva Gandhi Nagar Nekkonda Road, Narsampet, Warangal Urban, Telangana	H. NO. 1-9-1 , SANJIVA GANDHI NAGAR NEKKONDA ROAD, NARSAMPET, Telangana	India	India
S1-615327859	S3-68047739	severe_lexical_mutation	Ear Nose & Throat Health	en.com	4856 12th Street, Cleveland, OH	Twelfth Street, NULL, Cleveland, Ohio	US	US
S1-349091415	S2-480798028	cross_script	Innovative Solutions Private Limited	इनोवेटिव सॉल्यूशंस प्राइवेट लिमिटेड	A-5 Ground Floor, Dayanand Colony Lajpat Nagar-4, New Delhi, New Delhi, South Delhi, Delhi	#886 A-5 GROUND FLOOR, SOUTH DELHI, NEW DELHI, दिल्ली	India	India
S1-519019285	S3-258188862	cross_script	Lakshmi Infrastructure Private Limited	லக்ஷ்மி Infrastructure Private Limited	2/570, Jagannathan Street, Balaiah Gardens, Madipakkam, Chennai, Tamil Nadu	2/570, Jagannathan Street, Balaiah Gardens, Madipakkam, Chennai, TN	India	India
S1-791079990	S3-959308488	severe_lexical_mutation	Thanima (India) Capital Limited	Dr Novicalo	Unit No. 315, Bhavisya India Tower Opposite 10Th Avenue, Greater Noida West, Gautam Buddha Nagar, Uttar Pradesh	Unit No. 315, Bhavisya India Tower Opposite 10Th Avenue, Greater Noida West, Gautam Buddha Nagar, उत्तर प्रदेश	India	India
S1-87445684	S2-690382148	severe_lexical_mutation	Select Aviation LLC	5elect-Ahivsticon LLC	5580 Trout Creek Ridge Road, Mount Hood Parkdale, OR	5580 TROUT CREEK RIDGE ROAD, MOUNT HOOD PARKDALE, OR	US	US
S1-675508123	S2-137533190	severe_lexical_mutation	Prime Tech Software LLP	പ്രൈം ടെക് സോഫ്റ്റ്‌വെയർ എൽഎൽപി	28/2733, Mappilaparambil Building, Cherupushpam Lane, Opp Lf Church, Kadava, Nthra, Cochin, Ernakulam, Kerala	28/2733, COCHIN, ERNAKULAM, Kerala	India	India
S1-573819137	S2-456528136	cross_script	Alpha Infra Private Limited	अल्फा इंफ्रा प्राइवेट लिमिटेड	Fl. 6 Ramdhuni Appt., Near Canada Corner Nashik, Nashik, Maharashtra	NO. ##672 FL. 6 RAMDHUNI APPT., NEAR CANADA CORNER NASHIK, NASHIK, Maharashtra	India	India
S1-380053798	S3-272399850	cross_script	Super Sunrise Enterprises Limited	सुपर सनराइज एंटरप्राइजेज लिमिटेड	C/O Ram Dayal, Naushahara, Skb Ram, Dayalchitawali, Shikohabad, Firozabad, Uttar Pradesh	Plot 988 C/o Ram Dayal, Naushahara, Skb Ram, Dayalchitawali, Shikohabad, UP	India	India
S1-819896493	S3-584954243	severe_lexical_mutation	Board of Health	Board Heetlh of	446 Slade Avenue, Fl 0, Haysville, KS	446 Slade Ave, null, Haysville, Kansas	US	US
S1-297813358	S3-429048297	severe_lexical_mutation	Osk & Brothers Private Limited	Ciraonyxdrex	95/2 Shyam Colony, Hisar Road, Rohtak, Haryana	Door No 95/2 Shyam Colony, Hisar Road, Rohtak, हरियाणा	India	India
S1-470443642	S2-823596809	severe_lexical_mutation	Orthopedic Health P.C.	Orthopedic Haft P.C.	2N 340 Bernice Avenue, Glen Ellyn, IL	2N 340 BERNICE AVENUE, GLEN ELLYN, IL	US	US
S1-693624177	S2-569006609	severe_lexical_mutation	Vision Power Limited	ଭିଜନ୍ ପାୱାର୍ ଲିମିଟେଡ୍	Plot No-246, Unit -10, Bc Sen Road, Bhaskarganj, Room No-4, Baleshwar Sadar, Balasore, Orissa	PLOT NO-246, UNIT -10, BC SEN ROAD, BHASKARGANJ, ROOM NO-4, BALESHWAR SADAR, BALASORE, Odisha	India	India
S1-718864002	S3-750426127	severe_lexical_mutation	24 Hour Massage	24 Hóur	4625 Spencer Street, Town Of Grand Chute, WI	#4625 Spencer St, Town Of Grand Chute, Wisconsin	US	US
S1-939930924	S2-663785240	cross_script	Green Properties Private Limited	ग्रीन प्रॉपर्टीज प्राइवेट लिमिटेड	Plot No9, 1St&2Ndfloor, Bimal Plaza, Pocket 4 Market, Dwarka Sec-11, New Delhi, South West Delhi, Delhi	PLOT NO009, NEW DELHI, SOUTH WEST DELHI, Delhi	India	India
S1-824560680	S2-320865889	cross_script	Swastik Industries Private Limited	स्वस्तिक इंडस्ट्रीज प्राइवेट लिमिटेड	Panch-Maharajganj (Np), Tola-Pasnauli Sagar, Maharajganj, Siwan, Bihar	NO. B3/717 PANCH-MAHARAJGANJ (NP), MAHARAJGANJ, SIWAN, Bihar	India	India
S1-118314079	S2-813500479	cross_script	Tech International Private Limited	टेक इंटरनेशनल प्राइवेट लिमिटेड	Kh No. 364 Lathmar Colony Baghu, Ghaziabad, Uttar Pradesh	KH NO. 00364 LATHMAR COLONY BAGHU, GHAZIABAD, उत्तर प्रदेश	India	India
S1-685598087	S2-229874129	cross_script	Star Properties Private Limited	स्टार प्रॉपर्टीज प्राइवेट लिमिटेड	52/1 Sarai Kale Khan, New Delhi, South Delhi, Delhi	##52/1 SARAI KALE KHAN, NEW DELHI, SOUTH DELHI, दिल्ली	India	India
S1-524827913	S2-114541335	severe_lexical_mutation	S 2 B Hennessy	S2B.COM	31 Janet Drive, Poughkeepsie, NY	JANET DR, POUGHKEEPSIE, NY	US	US
S1-747613333	S2-101426073	severe_lexical_mutation	I & H Ribbon, LLC	I & H Retbobon, LLC	TX, Beaumont, 3080 Lakeside Drive	3080 LAKESIDE DRIVE, BEAUMONT, TX	US	US
S1-242756686	S3-53464187	cross_script	Bharat Software Limited	भारत सॉफ्टवेयर लिमिटेड	522 Swastik Chamberschembur, Mumbai, Maharashtra	522/5 Swastik Chamberschembur, Mumbai, MH	India	India
S1-694772360	S3-569878649	severe_lexical_mutation	Solutions Mind Sai Ltd	solutionsmindsai.com	Lig Gf 03, I Block Yamunapuram, Bulandshahr, Uttar Pradesh	Lig Gf 03, Bulandshahr, Sultanpur, उत्तर प्रदेश	India	India
S1-353057727	S2-28327781	cross_script	Unique Food	யுனிக் ஃபுட்	No.3/41, A3, Mardumalai Adivaram North Bharathiar University Post, Coimbatore, Tamil Nadu	COIMBATORE, Tamil Nadu, 3/41	India	India
S1-579377855	S2-169880245	severe_lexical_mutation	Alpha Producer	ಆಲ್ಫಾ ಪ್ರೊಡ್ಯೂಸರ್	No.438, 4Th Main, Nagendra Block, Banashankari I Stage, Bangalore, Karnataka	NO.438, BANGALORE, BANASHANKARI I STAGE, ಕರ್ನಾಟಕ	India	India
S1-179800630	S3-489030703	missing_address	Little Endocrinology Inc	The Little End0crinology Inc	2137 Jordan Villa Drive, West Jordan City, UT		US	US
S1-735958358	S3-137472059	severe_lexical_mutation	Future Products Pvt Ltd	ഫ്യൂച്ചർ പ്രൊഡക്ട്സ് പ്രൈവറ്റ് ലിമിറ്റഡ്	Tc 4-1708, New No. 24-3255, Viswas, House No.10, Belhaven Road, Belhaven Garden, Thiruvananthapuram, Thiruvananthapuram, Trivandrum, Kerala	New No. 24-3255, Viswas, House No.10, Belhaven Road, Belhaven Garden, Thiruvananthapuram, Tc -1708, Keralam, Trivandrum, Thiruvananthapuram	India	India
S1-301412460	S2-959927337	cross_script	Aditya Engineering Private Limited	आदित्य इंजीनियरिंग प्राइवेट लिमिटेड	N42/Jb1/10/3, Kamat Wada Cidco, 4Th Scheme, Nashik, Nashik, Maharashtra	#320 N42/JB1/10/3, NASHIK, Maharashtra	India	India
S1-745549475	S2-415435364	cross_script	Galaxy Infotech	गैलेक्सी इंफोटेक	C-3305, Oberoi Spring, Opp. Citi Mall, New Link Road, Andheri West, Mumbai, Mumbai City, Maharashtra	C-3305, OBEROI SPRING, OPP. CITI MALL, NEW LINK ROAD, ANDHERI WEST, BOMBAY, MUMBAI CITY, Maharashtra	India	India
S1-553537343	S2-934007639	severe_lexical_mutation	East Liquidity	EAST LEQABIDITY	5311 Childs Road, Rivergrove, OR	5311 CHILDS ROAD, RIVERGROVE, OR	US	US
S1-97059024	S2-546670020	cross_script	Al Technology	अल टेक्नोलॉजी	6/9 Eknathpuram Near Shankar Nagar, Amravati, Maharashtra	6/9  EKNATHPURAM NEAR SHANKAR NAGAR, AMRAVATI, महाराष्ट्र	India	India
S1-146908133	S2-237209291	cross_script	Om Management Private Limited	ॐ मैनेजमेंट प्राइवेट लिमिटेड	D/29, S/F Kalkaji, Central Delhi, New Delhi, South Delhi, Delhi	HN 814 D/29, S/F KALKAJI, CENTRAL DELHI, NEW DELHI, SOUTH DELHI, Delhi	India	India
S1-439431890	S2-424615514	cross_script	Unique International Private Limited	यूनिक इंटरनेशनल प्राइवेट लिमिटेड	Unit No.B-241, New Delhi, Dd Mall Cluster-E, Sector-5, Bawana Industrial A, Rea, North West, Delhi	UNIT NO.B-241, NEW DELHI, NORTH WEST, Delhi	India	India
S1-542129431	S2-6391025	numeric_mismatch	Orbis Northern, LLC	onorthern.com	110 21st Street, Camanche, IA	IA, 10 TWENTY FIRST ST, CAMANCHE	US	US
S1-824963244	S2-795558172	numeric_mismatch	Sapphire LLC	5apphire LLC Center	3800 Huntington Avenue, Saint Louis Park, MN	3701  HUNTINGTON AVE, <NULL>, SAINT LOUIS PARK, MN	US	US
S1-145542883	S2-813397999	severe_lexical_mutation	Global Ventures Private Limited	ಗ್ಲೋಬಲ್ ವೆಂಚರ್ಸ್ ಪ್ರೈವೇಟ್ ಲಿಮಿಟೆಡ್	No 82/1 2Nd Floor 1St A Main Road M C Layout Vijayanagar, Bangalore, Karnataka	#82/1  2ND FLOOR 1ST A MAIN ROAD M C LAYOUT VIJAYANAGAR, BANGALORE, Karnataka	India	India
S1-723016788	S3-90887167	severe_lexical_mutation	Gujarat Healthcare Private Limited	ગુજરાત હેલ્થકેર પ્રાઇવેટ લિમિટેડ	28/2 Arunoday Society, 401 Maple Court Flat, Vadodara, Gujarat	28/2 Arunoday Society, 401 Maple Court Flat, Vadodara, GJ	India	India
S1-467352243	S2-370265658	severe_lexical_mutation	Orthopedic Health L.L.C.	Orth0pedic Health  L.L.C.	Northport, 85 Little Harbor Lane, ME	85 LITTLE HARBOR LANE, NORTHPORT, ME	US	US
S1-690320265	S3-556289345	severe_lexical_mutation	Panther Assets Private Limited	Synkelo	E-31, Gopalpur Industrial Area, Near Bhati Medical Store, Sikandrabad, Bulandshahr, Uttar Pradesh	E-31, Gopalpur Industrial Area, Near Bhati Medical Store, Sikandrabad, Bulandshahr, Uttar Pradesh	India	India
S1-737855321	S2-525012949	cross_script	All Finance Private Limited	ऑल फाइनेंस प्राइवेट लिमिटेड	Latur, Ganga Sadan, Basweshwar Colony Ring Road, Near Vijaya Gas Agency, Latur, Maharashtra, C/O S V Karajge	C/O S V KARAJGE, GANGA SADAN, BASWESHWAR COLONY RING ROAD, NEAR VIJAYA GAS AGENCY, LATUR, Maharashtra	India	India
S1-415913084	S2-147943718	severe_lexical_mutation	Dermatology Associates LLC	Dérmatology-Associates	898 Main Street, Logan, OH	OH, LOGAN, 898 MAIN SAINT	US	US
S1-425011052	S2-99498876	cross_script	Hitech Infra Private Limited	हाईटेक इंफ्रा प्राइवेट लिमिटेड	J-1Lower Ground Floor Kailash Colony, New Delhi, South Delhi, Delhi	NO 580 J-1LOWER GROUND FLOOR KAILASH COLONY, NULL, SOUTH DELHI, NEW DELHI, Delhi	India	India
S1-64447995	S2-604097720	numeric_mismatch	Poshan & Co	Pmn & Co	B-61 Pariseema Complexopp- Lal Bunglow C G Road, Ahmedabad, Gujarat	B-061 PARISEEMA COMPLEXOPP- LAL BUNGLOW C G ROAD, AHMEDABAD, ગુજરાત	India	India
S1-958788344	S3-75294267	cross_script	Apex Engineering Pvt Ltd	एपेक्स इंजीनियरिंग प्रा. लि.	Nuruddin Chawl No-5, Gaondevi Road, Kandivali East, Mumbai, Maharashtra	Nuruddin Chawl No-5, Gaondevi Road, Kandivali East, Mumbai, MH	India	India
S1-94962737	S3-417992166	severe_lexical_mutation	Urology Physicians Inc	Urology Inc Services	Orange, 4525 Stallion Road, TX	4525 Stallion Road, Orange, Texas	US	US
S1-452195318	S2-817413661	severe_lexical_mutation	Future Power Private Limited	Future P0wer Private Ltd	H.No 8-2-293/82/A/3, Road No.5, Near Metro Station, Jubilee Hills, Hyderabad, Shaikpet, Hyderabad, Telangana	H.NO #8-2-293/82/A/3 , ROAD NO.5, NEAR METRO STATION, JUBILEE HILLS, HYDERABAD, SHAIKPET, Telangana	India	India
S1-480759450	S2-80241392	severe_lexical_mutation	Safe Automobile Inc	Safe Inc Center	100 Memorial Drive, Unit 2-12C, Cambridge, MA	100 Memorial Dr, CAMBRIDGE, MA	US	US
S1-572279921	S2-456506527	cross_script	International Agro Private Limited	इंटरनेशनल एग्रो प्राइवेट लिमिटेड	302-Moti-I Mans Moti Complexdevidas Lane Ext Borivali (W), Mumbai, Mumbai City, Maharashtra	DOOR NO 302-MOTI-I MANS MOTI COMPLEXDEVIDAS LANE EXT BORIVALI (W), MUMBAI, MUMBAI CITY, महाराष्ट्र	India	India
S1-676409457	S2-995275593	cross_script	High It Private Limited	हाई आईटी प्राइवेट लिमिटेड	N-13, 2Nd Floor, Jagat Ram Park, Laxmi Nagar, Delhi, East Delhi, Delhi	N-#13, 2ND FLOOR, JAGAT RAM PARK, LAXMI NAGAR, EAST, EAST DELHI, Delhi	India	India
S1-37084329	S3-600828263	severe_lexical_mutation	Eye Partners Associates	Partners Partners Eye	619 Martin Luther King Boulevard, Opelika, AL	619 Martin Luther King Boulevard, Opelika, Alabama	US	US
S1-292565791	S2-829780438	severe_lexical_mutation	Ja Media Limited	Ja Mcesia Limited	Delhi, Sarita Vihar, B-37, Delhi	Delhi, B-37, SARITA VIHAR	India	India
S1-554420618	S2-22169557	cross_script	United Global	यूनाइटेड ग्लोबल	Flat No 63/64 E Wingshravsti Apartment Nr Sabkuch Super Mkt Malad (W), Mumbai, Maharashtra	63/64 E WINGSHRAVSTI APARTMENT NR SABKUCH SUPER MKT MALAD (W), MUMBAI, महाराष्ट्र	India	India
S1-862950332	S2-927666826	severe_lexical_mutation	Metropolitan Fellowship	mfellowship.com	26 Dutch Meadows Drive, NY, Colonie	26 DUTCH MEADOWS DR, COHES, NY	US	US
S1-360923160	S3-582853517	severe_lexical_mutation	Atlantic Paper Inc	Atlantic Paegr Inc	6348 Trafalgar Court, Norfolk City, VA	Trafalgar Court, Norfolk City, Virginia	US	US
S1-444509559	S3-360571538	cross_script	My Enterprises Private Limited	माय एंटरप्राइजेज प्राइवेट लिमिटेड	G 16A, D Mall, Netaji Subhash Place, Pitampura, Delhi, North West, Delhi	North West, G 16A, Delhi, दिल्ली, D Mall, Netaji Subhash Place, Pitampura	India	India
S1-774134298	S2-5553134	cross_script	Seven Bright Services LLP	सेवन ब्राइट सर्विसेज एलएलपी	280/3, Pipe Line, Near Kali Masjid, Murad Nagar, Ghaziabad, Uttar Pradesh	280/3, GHAZIABAD, MURAD NAGAR, Uttar Pradesh	India	India
S1-489258766	S2-714779511	severe_lexical_mutation	Valley Alliance	VALLEY CENTER	609 Elm Green Street, Hutto, TX	609 ELM GREEN ST, HUTTTO, TX	US	US
S1-84992477	S2-713140917	severe_lexical_mutation	Scarbrough & Carlton Enclave	Xylozeta	400 John Hart Hill, Unit 32, Elizabethton, TN	400 JOHN HART HILL, ELIZABETHTON, TN	US	US
S1-698571148	S3-54451641	cross_script	North Global Private Limited	नॉर्थ ग्लोबल प्राइवेट लिमिटेड	Maharashtra, Aurangabad, Gat No. 25, Village - Rahimpur, Taluka - Gangapur	Gat No. 25, N/A, Aurangabad, महाराष्ट्र	India	India
S1-72390573	S2-928988370	cross_script	Ace Laxmi Global Private Limited	एस लक्ष्मी ग्लोबल प्राइवेट लिमिटेड	104 Victoria Emporyaa 3 Deepak Marg, Adarsh Nagar, Jaipur, Rajasthan	#104/4 VICTORIA EMPORYAA 3 DEEPAK MARG, ADARSH NAGAR, JAIPUR, Rajasthan	India	India
S1-779629365	S2-976075326	cross_script	Future Hospitality Private Limited	फ्यूचर हॉस्पिटैलिटी प्राइवेट लिमिटेड	Prayagraj, Uttar Pradesh, Allahabad, 832 D Baghambari Gaddi Allahpur	ALLAHABAD, PRAYAGRAJ, H.NO 83 D BAGHAMBARI GADDI ALLAHPUR, उत्तर प्रदेश	India	India
S1-669182455	S2-548395699	cross_script	Hari Business Private Limited	हरि बिजनेस प्राइवेट लिमिटेड	Goriya Toli, Station Road, Po-G.P.O, P S-Kotwali, Patna, Bihar	GORIYA TOLI, PATNA, Bihar	India	India
S1-899374519	S2-758517762	severe_lexical_mutation	Hi Consultancy Private Limited	privateconsultancyhi.com	401, 4Th Floor, Jyoti Shikhar Building, Plot No. 8, District Centre, Janakpuri, New Delhi, West Delhi, Delhi	401, WEST DELHI, NEW DELHI, दिल्ली	India	India
S1-10984020	S3-326179966	severe_lexical_mutation	Pediatric Dentistry Center	Pediatric Dentistry Cernebr	1228 Elm Ridge Avenue, Carroll, MD	1228 Elm Ridge Avenue, Carroll, Maryland	US	US
S1-211829578	S2-413692919	severe_lexical_mutation	Jay Technologies Limited	ಜೇ ಟೆಕ್ನಾಲಜೀಸ್ ಲಿಮಿಟೆಡ್	Karnataka, Bagalkot, Wali Building, Above Vrl Travels Near Basveshwar Circle, College Road, 1St Floor, Bagalkot	1ST FLOOR, WALI BUILDING, ABOVE VRL TRAVELS NEAR BASVESHWAR CIRCLE, COLLEGE ROAD, BAGALKOT, Karnataka	India	India
S1-677306915	S3-541116276	severe_lexical_mutation	Brosis Charitable Trust	M/s Gilddova	11, Post Office St, Chennai, Tamil Nadu, Madras	11, Post Office St, Chennai City Region, Chennai, TN	India	India
S1-628370821	S3-319457795	severe_lexical_mutation	Trusted Software	Trusted Center	Unit Apartment A, Newark Valley, 41 Main Street, NY	# Apartment A, New York, Newark Valley, 41 Main St	US	US
S1-759041732	S2-590052096	severe_lexical_mutation	Urgent Care Medicine Inc	Urgent Care  Mediine Inc	3300 Fountain Park Boulevard, Knoxville, TN	TN, 3300- FOUNTAIN PARK BLVD, PMB 5148, KNOXVILLE	US	US
S1-755601675	S3-814467272	severe_lexical_mutation	Smart Foods Private Limited	સ્માર્ટ ફૂડ્સ પ્રાઇવેટ લિમિટેડ	At: Kuvadiya, Ta: Kambhiliya Village - Kuvadiya, Taluka -Khambhalia, Jamnagar, Gujarat	At: Kuvadiya, Ta: Kambhiliya Village - Kuvadiya, Taluka -Khambhalia, Jamnagar, GJ	India	India
S1-226002871	S3-426413309	cross_script	Sai Services	साई सर्विसेज	C/O Narender Kumar Sharma Shivpuri, Saharanpur, Uttar Pradesh	C/o Narender Kumar Sharma Shivpuri, Saharanpur, उत्तर प्रदेश	India	India
S1-399080604	S2-530901115	severe_lexical_mutation	Great Consultants Private Limited	ଗ୍ରେଟ୍ କନସଲଟାଣ୍ଟସ୍ ପ୍ରାଇଭେଟ୍ ଲିମିଟେଡ୍	Katapali Barpali, Bargarh, Sambalpur, Orissa	BLOCK E-664 KATAPALI BARPALI, BARGARH, SAMBALPUR, Orissa	India	India
S1-542529967	S2-13589454	severe_lexical_mutation	Anchor All PC	anchorall.com	7 Amber Lane, Brookhaven, NY	7 AMBER LN, NY, CORAMC DP	US	US
S1-93331650	S2-246666797	severe_lexical_mutation	Foot & Ankle Delta Center	footankledelta.com	Bentonville, 604 Duke Avenue, AR	604 DUKE AVENUE, BENTONVILLE, AR	US	US
S1-955643207	S2-406828772	missing_address	Shree & Sons Private Limited	Shree and Soossn Private (Limited)	Kh-310/2, G/F, Fatehpur Beri Dera More, South Delhi, South Delhi, Delhi		India	India
S1-445706228	S2-878133881	severe_lexical_mutation	Green Business Private Limited	గ్రీన్ బిజినెస్ ప్రైవేట్ లిమిటెడ్	16/7/251, Azampura, Chader Ghat, Malakpet, Hyderabad, Telangana	18/7/251, AZAMPURA, CHADER GHAT, MALAKPET, HYDERABAD, Telangana	India	India
S1-689594674	S2-444503858	cross_script	Green Global Private Limited	ग्रीन ग्लोबल प्राइवेट लिमिटेड	Gharunda, Haryana, Ward No. 17, Raghuvir Vihar Colony, Karnal	WARD NO. 17, GHARUNDA, KARNAL, Haryana	India	India
S1-334848612	S2-71776751	cross_script	Shree Consultants Private Limited	श्री कंसल्टेंट्स प्राइवेट लिमिटेड	353, Mani Mahal, 2Nd Floor, Room 2, Kalbadevi Road, Mumbai, Maharashtra	353, MANI MAHAL, 2ND FLOOR, ROOM 2, HYDERABAD URBAN, Maharashtra	India	India
S1-703116170	S3-213948444	severe_lexical_mutation	New Eastern Estate Private Limited	ന്യൂ ഈസ്റ്റേൺ എസ്റ്റേറ്റ് പ്രൈവറ്റ് ലിമിറ്റഡ്	Door No.17/1525, Trans Asia Corporate Park, 5Th Floor, Seaport Airport Road, Chittet, Hukara, Kakkanad, Ernakulam, Kerala	#17/1525, NULL, Ernakulam, KL	India	India
S1-884388031	S3-819829600	severe_lexical_mutation	Silver Developers Pvt Ltd	Drexevo Sys formerly Silver Developers Pvt Ltd	Plot No 579/5, New Bel Road Rmv, 2Nd Stage, Bangalore, Karnataka	Plot No 579/5, New Bel Road Rmv, 2Nd Stage, Bangalore, Karnataka	India	India
S1-239474731	S2-180020498	severe_lexical_mutation	YD Construction LLC	YD LLC Center	1010 Clingmans Dome Road, Norman, OK	1010 CLINGMANS DOME RD, NORMAN, OK	US	US
S1-505938783	S2-190844216	severe_lexical_mutation	Avishkar India Pvt Ltd	Gildriza	G And J(U) Block Flat No-131 Pitampura, Delhi, North Delhi, Delhi	G AND J(U) BLOCK FLAT NO-##131 PITAMPURA, NORTH DELHI, DELHI	India	India
S1-995394278	S2-190518912	severe_lexical_mutation	Universal Constructions Private Limited	ಯುನಿವರ್ಸಲ್ ಕನ್‌ಸ್ಟ್ರಕ್ಷನ್ಸ್ ಪ್ರೈವೇಟ್ ಲಿಮಿಟೆಡ್	Villa No 5 G-17 Godrej, Woodsman Estate Hebbal, Bangalore North, Bangalore, Karnataka	VILLA NO 5 G-17 GODREJ, BANGALORE, BANGALORE NORTH, Karnataka	India	India
S1-290631377	S3-962410846	severe_lexical_mutation	Sridhar Academy	Smt SÁ	Village Buddhana, Govra, Etah, Uttar Pradesh, Etah, Uttar Pradesh	Village Buddhana, Govra, Etah, Uttar Pradesh, उत्तर प्रदेश, Etah	India	India
S1-517457052	S3-601087345	severe_lexical_mutation	United Foods Private Limited	യുണൈറ്റഡ് Foods Private Limited	21/502 -D2, Kaipadamugal Vadacode Po, Kochi, Ernakulam, Kerala	Ernakulam, KL, Kochi, 21/502 -D2	India	India
S1-272014823	S2-701258693	cross_script	First Technology	फर्स्ट टेक्नोलॉजी	10/334 Shriyut Nagar Near Sent Mary School Anantpur, Rewa, Madhya Pradesh	10/334 SHRIYUT NAGAR NEAR SENT MARY SCHOOL ANANTPUR, REWA, Madhya Pradesh	India	India
S1-508542694	S3-819237636	abbreviation_acronym	Buffy's Farms Care	BFC	828 6th Street, Paragould, AR	828 6th Street, Paragould, AR	US	US
S1-271903957	S2-331423571	cross_script	One Infotech Private Limited	वन इंफोटेक प्राइवेट लिमिटेड	C-1002, Rohan Tapovan, Gokhale Nagar, Pune, Maharashtra	NIGDI, ROHAN TAPOVAN, GOKHALE NAGAR, PUNE, C-1002, Maharashtra	India	India
S1-446467788	S3-728425436	cross_script	High Developers Private Limited	ஹை டெவலப்பர்ஸ் பிரைவேட் லிமிடெட்	No 3 2Nd Cross Street Sidco Industrial Estate Ambattur, Chennai, Tamil Nadu	Chennai, H.no 5 2Nd Cross Street Sidco Industrial Estate Ambattur, TN, Chennai	India	India
S1-67587372	S2-582267287	severe_lexical_mutation	Krishna Constructions Private Limited	ક્રિષ્ના કન્સ્ટ્રક્શન્સ પ્રાઇવેટ લિમિટેડ	Gujarat, Ahmedabad, Emerald Appartment, Shell Petrol Pump Lane, Anandnagar, Vejalpur, Ahmedabad, 401	401, EMERALD APPARTMENT, SHELL PETROL PUMP LANE, ANANDNAGAR, VEJALPUR, AHMEDABAD, Gujarat	India	India
S1-124991677	S2-6343412	severe_lexical_mutation	High Marketing Private Limited	highmarketing.com	C/O Ajit Ankush Gore, Maharashtra, Surya Mala Complex Main Road Akluj, Solapur	C/O AJIT ANKUSH GORE, SURYA MALA COMPLEX MAIN ROAD AKLUJ, SOLAPUR, Maharashtra	India	India
S1-226862856	S2-579439622	severe_lexical_mutation	Sterling	Stérling	1822 69th Street, IN, Indianapolis	##1822 69ST ST, INDIANAPOOLIS, IN	US	US
S1-690359153	S2-986466742	numeric_mismatch	Star Finance LLP	ಸ್ಟಾರ್ ಫೈನಾನ್ಸ್ ಎಲ್ಎಲ್‌ಪಿ	No. 18, Building-Team Work, Chinnaswamy Mudaliar Road, Tasker Town, Bangalore, Karnataka	NO. 77 381, TASKER TOWN, BANGALORE, Karnataka	India	India
S1-539420568	S2-349551458	cross_script	Good Vijay Trading Private Limited	गुड विजय ट्रेडिंग प्राइवेट लिमिटेड	B-860, Ground Floor, Green Fields Colony, Near Nhpc Chowk, Faridabad, Haryana	FARIDABAD, B-8-60, Haryana	India	India
S1-408382005	S3-787807828	numeric_mismatch	Shiva Properties Limited	... Shiva Properties Ltd #1306	Ganga Prabha Apartment, Flat 301 Barahia Kothi, Phulwari, Patna, Bihar	Patna, Ganga Parbha Apartment, बिहार	India	India
S1-748078253	S3-115098508	severe_lexical_mutation	Clear Biotechnologies	Clear Botchnoloigbs	1095 Highway 26, Murfreesboro, AR	Highway 26, Murreesboro, Arkansas	US	US
S1-145542883	S3-829497949	severe_lexical_mutation	Global Ventures Private Limited	ಗ್ಲೋಬಲ್ ವೆಂಚರ್ಸ್ ಪ್ರೈವೇಟ್ ಲಿಮಿಟೆಡ್	No 82/1 2Nd Floor 1St A Main Road M C Layout Vijayanagar, Bangalore, Karnataka	H.no 82/1 2Nd Floor 1St A Main Road M C Layout Vijayanagar, Bangalore, KA	India	India
S1-67587372	S2-181747720	severe_lexical_mutation	Krishna Constructions Private Limited	કૃષ્ણ કન્સ્ટ્રક્શન્સ પ્રાઇવેટ લિમિટેડ	Gujarat, Ahmedabad, Emerald Appartment, Shell Petrol Pump Lane, Anandnagar, Vejalpur, Ahmedabad, 401	401, AHMEDABAD, Gujarat	India	India
S1-683053277	S3-582261512	severe_lexical_mutation	Ku Shakti Company	Jaxkelo	C-59 Preet Vihar, Delhi, East Delhi, Delhi	C-59 Preet Vihar, Delhi, East Delhi	India	India
S1-477479691	S2-120639503	severe_lexical_mutation	Surya Innovative Products Private Limited	ಸೂರ್ಯ ಇನೋವೇಟಿವ್ ಪ್ರೊಡಕ್ಟ್ಸ್ ಪ್ರೈವೇಟ್ ಲಿಮಿಟೆಡ್	Mysore, No 28, Mysore, Karnataka, Samatha Woods Madagalli Village, M K Halli Gate	NO ##28, SAMATHA WOODS MADAGALLI VILLAGE, M K HALLI GATE, MYSORE, Karnataka	India	India
S1-188401577	S3-60526436	cross_script	Shree Systems Pvt Ltd	श्री सिस्टम्स प्रा. लि.	New Delhi, 128, New Delhi, D - 16, Sector 3, Rohini, Delhi	Plot 93 128, New Delhi, D - 16, Sector 3, Rohini, DL	India	India
S1-9348784	S2-299133261	numeric_mismatch	Skylark Holdings	SYKLASRAK HOLDINGS	40/7853Aindradhanush Apartments T D Road, Ernakulam, Idukki, Kerala	040/7853AINDRADHANUSH APARTMENTS T D ROAD, ERNAKULAM, IDUKKI, Kerala	India	India
S1-229487967	S3-643605123	severe_lexical_mutation	Bangalore South Video Limited	Nylavantage	292, 14Th A Cross, 17Th Main 4Th, Sector H S R Layout Bangalore, Bangalore South, Bangalore, Karnataka	292, 14Th A Cross, 17Th Main 4Th, Sector H S R Layout Bangalore, Bangalore South, Bangalore, ಕರ್ನಾಟಕ	India	India
S1-451577354	S3-786499920	severe_lexical_mutation	Ember Holding	Umbravio	905 Cedartree Lane, Unit APT 5, Claymont, DE	Claymont, Delaware, 905 Cedartree Ln, # APT 5	US	US
S1-421439194	S3-343785529	cross_script	Bright Infrastructure Private Limited	ब्राइट इंफ्रास्ट्रक्चर प्राइवेट लिमिटेड	H.No 533A, Sec-1 Huda, Narnaul, Mahendragarh, Haryana	#533A, Sec-1 Huda, Narnaul, Mahendragarh, HR	India	India
S1-468897749	S2-58644714	cross_script	Hari Software Limited	हरि सॉफ्टवेयर लिमिटेड	Phasi 11/3/4 Twin Complex Oppfire Bregade Marol Maroshi Rd, Andheri East, Mumbai, Maharashtra	ANDHERI EAST, MUMBAI SUBURBAN, PHASI 11/3/4 TWIN COMPLEX OPPFIRE BREGADE MAROL MAROSHI RD, Maharashtra	India	India
S1-581471159	S3-672866507	severe_lexical_mutation	Thane Invatrade Private Limited	Avivantage+	Bldg N. 27 Ruby-2B/101, Kailashngr Ambernath (East), Thane, Maharashtra	Bldg N. 27 Ruby-2B/101, Kailashngr Ambernath (East), Thane, Maharashtra	India	India
S1-285171170	S3-367470874	severe_lexical_mutation	Dynamic Consultants Pvt Ltd	Dynamic Pvt  Ltd 5ervice	2Nd Floor Dwaraka Heights, Plot No.17 Jubilee Enclave, Madhapur, Hitech City, Hyderabad, Telangana	2Nd Floor Dwaraka Heights, Plot No.17 Jubilee Enclave, Madhapur, Hitech City, Hyderabad, TG	India	India
S1-687794573	S2-350680275	cross_script	Global Finance Pvt Ltd	ग्लोबल फाइनेंस प्रा. लि.	513 Express Tower, Azadpur Commecial Complex, Delhi, North West Delhi, Delhi	513 EXPRESS TOWER, NORTH WEST DELHI, DELHI, दिल्ली	India	India
S1-709678146	S2-504647150	cross_script	Anand Consultancy Private Limited	आनंद Consultancy Private Limited	2Nd Floor Ashoka Halls V Road Vile Parle West Mumbai, Maharastra, Thane, Maharashtra	2ND/1 FLOOR ASHOKA HALLS V ROAD VILE PARLE WEST MUMBAI, MAHARASTRA, THANE, Maharashtra	India	India
S1-140311602	S3-814738787	cross_script	Lakshmi Foods Private Limited	लक्ष्मी फूड्स प्राइवेट लिमिटेड	Bldg B5, Elite Empire, S No 7 5, Balewadi, Pune, Maharashtra	Bldg B5/2, Elite Empire, S No 7 5, Balewadi, Pune, महाराष्ट्र	India	India
S1-516263583	S2-244470323	severe_lexical_mutation	New Hari Investments Private Limited	న్యూ హరి ఇన్వెస్ట్‌మెంట్స్ ప్రైవేట్ లిమిటెడ్	Telangana, 38/3 Krishna Nagar Kukatpally, Hyderabad	DOOR NO 38/3 KRISHNA NAGAR KUKATPALLY, HYDERABAD, NULL, Telangana	India	India
S1-188670288	S3-326475946	severe_lexical_mutation	Pediatric Dental Group	Pediatric Dental Gróup	4246 Coronado Place, San Bernardino, CA	California, 4246 Coronado Place, San Bernardino	US	US
S1-397625112	S2-636862467	cross_script	Gold Digital Products Limited	गोल्ड डिजिटल प्रोडक्ट्स लिमिटेड	Delhi, Model Town, D-5	D-#5, MODEL TOWN, DELHI	India	India
S1-341673595	S2-399157108	severe_lexical_mutation	Lotus Hospitality Private Limited	లోటస్ హాస్పిటాలిటీ ప్రైవేట్ లిమిటెడ్	C/O Adipudi Kishore, Pidugurall, Piduguralla, Guntur, Andhra Pradesh	#00823 C/O ADIPUDI KISHORE, PIDUGURALLA, Andhra Pradesh, GUNTUR	India	India
S1-657108666	S3-44599435	severe_lexical_mutation	Cloud Academy Private Limited	Cl0ud Academy Private Ltd	29A, Nandan Road, 1St Flor, Kolkata, Howrah, West Bengal	29A, Nandan Road, 1St Flor, Howrah, Kolkata, WB	India	India
S1-757474926	S3-979800531	severe_lexical_mutation	Select Daedalus	Yumazetadrex	404 Main Street, Lohrville, IA	Iowa, 404 Main St, Lohrille	US	US
S1-110568245	S3-614812176	cross_script	Shree Infrastructure Limited	श्री इंफ्रास्ट्रक्चर लिमिटेड	C/O Anjana Devi Shed In Jamun Wali Gali Sai Baba Mandir, Uja Road, Panipat, Haryana	Uja Road, HR, C/o Anjana Devi Shed In Jamun Wali Gali Sai Baba Mandir, Panipat	India	India
S1-288526622	S2-55034098	severe_lexical_mutation	Bright Book Store	brightbookstore.com	40 Summer Street, Easton, MA	40 SUMMER ST, EASTON, MA	US	US
S1-942927206	S2-944801802	cross_script	Vision Enterprises Private Limited	विजन एंटरप्राइजेज प्राइवेट लिमिटेड	301-302, Haryana, Gurgaon, 3Rd Floor, Good Earth City Centre, Sector-50, Gurgaon	HN 756 301-302, 3RD FLOOR, GOOD EARTH CITY CENTRE, SECTOR-50, GURGAON, Haryana	India	India
S1-193415954	S2-985967241	cross_script	North Innovative Consultancy Private Limited	नॉर्थ इनोवेटिव कंसल्टेंसी प्राइवेट लिमिटेड	16Th Floor, Ajmera Midtown, 939/940/941, Kalbadevi Road, Popatwadi, Maharashtra, Mumbai, 1604	1604., MUMBAI, 16TH FLOOR, AJMERA MIDTOWN, 939/940/941, KALBADEVI ROAD, POPATWADI, महाराष्ट्र	India	India
S1-398820135	S2-751346418	severe_lexical_mutation	Z & N Staffing	Z  + N	1909 Turkeyfoot Lake Road, Unit 33, Akron, OH	AKRON, 1909-C TURKEYFOOT LAKE ROAD, OH	US	US
S1-862923434	S3-511122014	cross_script	Arihant Properties Limited	अरिहंत प्रॉपर्टीज लिमिटेड	South Delhi, Main Market Greater Kailash-Ii, Delhi, M-1, New Delhi	M-1, New Delhi, South Delhi, दिल्ली	India	India
S1-505264059	S2-875500320	severe_lexical_mutation	Jay Consultants Private Limited	జై కన్సల్టెంట్స్ ప్రైవేట్ లిమిటెడ్	Plot No 82, Anand Villa Lake View Residency Sainikpuri, Secunderabad, Hyderabad, Telangana	NO 82, SECUNDERABAD, HYDERABAD, Andhra Pradesh	India	India
S1-538668446	S2-614313198	severe_lexical_mutation	Shiva Business Private Limited	શિવા બિઝનેસ પ્રાઇવેટ લિમિટેડ	Gujarat, Anjani Complex Opp. Russian Flats Choice Gali Dr. Wadi Bunglows Navrangpur, A, 107, Ahmedabad	107, AHMEDABAD, AHMADABAD, ગુજરાત	India	India
S1-292914005	S3-48060324	severe_lexical_mutation	Springdale Cornerstone Pharmaceuticals	Jaxsoljax	573 Box Canyon Road, Springdale, UT	573 Box Canyon Rd, Springdale, Utah	US	US
S1-610399139	S3-899242409	severe_lexical_mutation	Super Construction Private Limited	superconstruction.com	A-7, Saraswati Vihar, Outer Ring Road, Pitampura, New Delhi, Delhi	A-a-7, New Delhi, दिल्ली	India	India
S1-519333644	S2-342601124	cross_script	North Ram Industries Private Limited	நார்த் ராம் இண்டஸ்ட்ரீஸ் பிரைவேட் லிமிடெட்	No.128 Sidco Estates Ambattur, Chennai, Tamil Nadu	NO 128 SIDCO ESTATES AMBATTUR, CHENNAI, Tamil Nadu	India	India
S1-708875234	S3-424329068	severe_lexical_mutation	Hari Industries Private Limited	ହରି ଇଣ୍ଡଷ୍ଟ୍ରିଜ୍ ପ୍ରାଇଭେଟ୍ ଲିମିଟେଡ୍	Plot No-20/04, Jagannathpur Kalyanasinghpur, Rayagada, Orissa	Plot No-0/04, Jagannathpur Kalyanasinghpur, Rayagada, OD	India	India
S1-631808026	S3-900537503	severe_lexical_mutation	North Fitness Inc	North Fltsens Inc	53 Hayden Drive, Cincinnati, OH	##53 Hayden Dr, Cincinnati, Ohio	US	US
S1-773193532	S3-356826986	severe_lexical_mutation	Dermatology Desert Associates	(ID: Desertassociates.Com 50288)	W229N4421 Bridge Street, City Of Pewaukee, WI	Bridge Street, Wisconsin, Peawukee CDP	US	US
S1-244333855	S2-97900066	cross_script	Hari Enterprises Private Limited	ஹரி எண்டர்பிரைசஸ் பிரைவேட் லிமிடெட்	Salem, 603 Junction Main Road Opp Sona College, Salem, Tamil Nadu	603 JUNCTION MAIN ROAD OPP SONA COLLEGE, SALEM, Tamil Nadu	India	India
S1-510873908	S3-533820498	severe_lexical_mutation	Baba Power Private Limited	Baba Power പ്രൈവറ്റ് ലിമിറ്റഡ്	No. 1/497-C, Near Karumala, Maha Deva Devi Temple, Koyilandi, Kozhikode, Kerala	001/497-C, Near Karumala, Maha Deva Devi Temple, Kozhikode, Koyilandi, കേരളം	India	India
S1-350407384	S3-738020703	cross_script	Good Surya Energy Private Limited	गुड सूर्य एनर्जी प्राइवेट लिमिटेड	32 Vijay Laxmi Apartments, Patparganj, New Delhi, Delhi	##32 Vijay Laxmi Apartments, New Delhi, DL, Patparganj	India	India
S1-551824537	S3-515429188	severe_lexical_mutation	Fisher Trusted Activate	Drexevo	220 Drake Drive, Piperton, TN	220 Drake Dr, Tennessee, Piperton	US	US
S1-746190904	S3-998264785	cross_script	Good Jain Solutions Pvt Ltd	गुड जैन सॉल्यूशंस प्रा. लि.	Shop No 113, Plot No 9, Bhoomi Mall, Sector 15 Cbd Belapur, Thane, Maharashtra	Shop No 113, Thane, MH	India	India
S1-472966709	S2-639883708	cross_script	Modern Foods Private Limited	मॉडर्न फूड्स प्राइवेट लिमिटेड	110, Floor-1, Plot-289, Emca House, Shahid Bhagat Singh Road, Ballard Estate, Mumbai, Maharashtra	Maharashtra, MUMBAI, 110, MUMBAI, FLOOR-1, PLOT-289, EMCA HOUSE, SHAHID BHAGAT SINGH ROAD, BALLARD ESTATE	India	India
S1-197352449	S3-291367851	abbreviation_acronym	Ace Insurance Associates	Ace	1410 Oconomowoc Parkway, City Of Oconomowoc, WI	1410 Oconomowoc Parkway, City Of Oconomowoc, WI	US	US
S1-447347365	S2-687148960	cross_script	Lakshmi Estate Private Limited	लक्ष्मी एस्टेट प्राइवेट लिमिटेड	C/O Bhagawat Singh, Village Semara Hardo Kathikuiyan, Kushinagar, Uttar Pradesh	496 C/O BHAGAWAT SINGH, VILLAGE SEMARA HARDO KATHIKUIYAN, KUSHI NAGAR, KUSHINAGAR, उत्तर प्रदेश	India	India
S1-51991841	S3-561673479	severe_lexical_mutation	Prime International Pvt Ltd	Prime Inerrahidnal Pvt Pvt Ltd	Tamil Nadu, Chennai, 1St Floor, 8Th Cross Street, West Shenoy Nagar, Egmore Nungambakkam, No. 3	No 3., 1St Floor, 8Th Cross Street, West Shenoy Nagar, Egmore Nungambakkam, Chennai, TN	India	India
S1-435690871	S2-124878770	cross_script	Star Exports Private Limited	स्टार एक्सपोर्ट्स प्राइवेट लिमिटेड	A-56/1 Gali No-1, Block-A, Indira Niketan, New Delhi, Delhi	BLOCK-A, Delhi, INDIRA NIKETAN, NEW DELHI, A-56/1 GALI NO-1	India	India
S1-757142020	S2-290165381	severe_lexical_mutation	Orthopedic Highland Partners Inc	Orthopedic Hichabnd Partners Inc	499 Broadway, Unit Apartment 5B, White Plains, NY	NY, 499C Broadway, WHITE PLAINS	US	US
S1-276256631	S3-608784036	severe_lexical_mutation	Pediatric Smart Specialists	Pediatric Smárt Specia1ists	AL, Dadeville, 43 Freeman Road	43 Freeman Road, Eagle Creek, Alabama	US	US
S1-631968288	S2-242451828	severe_lexical_mutation	India Educational Society	Dr INDIA EDUCATIONAL SERVICES	Floor Grd Plot 448 B Jeshtharam Baug Dr Babasaheb Ambedkar Road Nr Pritam Hotel Dadar (E), Mumbai, Mumbai City, Maharashtra	FLOOR GRD PLOT 448 B JESHTHARAM BAUG DR BABASAHEB AMBEDKAR ROAD NR PRITAM HOTEL DADAR (E), MUMBAI, Maharashtra	India	India
S1-365639557	S2-425621930	cross_script	Good It Private Limited	குட் ஐடி பிரைவேட் லிமிடெட்	153/5, New No. 129/8 Sigil Raja Street, Ramanathapuram, Tamil Nadu	153/5, NEW NO. 129/8 SIGIL RAJA STREET, RAMANATHAPURAM, தமிழ்நாடு	India	India
S1-111634068	S3-652581617	cross_script	First Systems Private Limited	फर्स्ट सिस्टम्स प्राइवेट लिमिटेड	G-70, Bhawani Nagar, Jaipur, Rajasthan	G-##70, Bhawani Nagar, Jaipur, राजस्थान	India	India
S1-796125760	S2-704997661	severe_lexical_mutation	Monium LLC	Mom-LLC	900 Grimes Road, Mansfield, OH	900 Grimes Rd, MANSFIELD, OH	US	US
S1-656929174	S2-235018364	severe_lexical_mutation	Black Producer Private Limited	బ్లాక్ ప్రొడ్యూసర్ ప్రైవేట్ లిమిటెడ్	Ground Floor Of 91, Bhuvana Towers, S D Road, Secunderabad, Hyderabad, Telangana	GROUND FLOOR OF 91, HYDERABAD, SECUNDERABAD, తెలంగాణ	India	India
S1-713912434	S3-973785154	severe_lexical_mutation	First Infrastructure	ফার্স্ট Infrastructure	Ca-9, Urvashi, Phase-Ii, City Centre, Durgapur Mc, Bardhaman, West Bengal	#C-912 Ca-9, Urvashi, Phase-ii, City Centre, Durgapur Mc, Bardhaman, WB	India	India
S1-511816679	S2-661036531	abbreviation_acronym	Dova	Dsrva	10 Road 3490, Flora Vista, NM	NM, FLORA VISTA, 10 ROAD 3490	US	US
S1-535191443	S2-520658243	cross_script	Smart Management Pvt Ltd	स्मार्ट मैनेजमेंट प्रा. लि.	Delhi, Central Delhi, Delhi, 912 Kucha Kabul Attarchandni Chowk	#912 KUCHA KABUL ATTARCHANDNI CHOWK, <NULL>, DELHI, CENTRAL DELHI, Delhi	India	India
S1-578202251	S2-330048725	cross_script	Jain Unique Exports Private Limited	जैन यूनिक एक्सपोर्ट्स प्राइवेट लिमिटेड	Sunrydge Houseatonestylemileserai68, Kalkadasmargmehrauli, New Delhi, South West Delhi, Delhi	SUNRYEGE HOUSEATONESTYLEMILESERAI68, KALKADASMARGMEHRAULI, NEW DELHI, NULL, Delhi	India	India
S1-931862613	S3-81037243	severe_lexical_mutation	Seven Estate Limited	Seven Esltte Limited	Flat No. 102, 1St Floor, Universal Palace, Sampatchak, Patna, Bihar	Flat No. A-102, Sampatchak, Patna, BR	India	India
S1-194283625	S2-867888282	cross_script	Apex Foods Limited	एपेक्स फूड्स लिमिटेड	46 A, S/F, Khureji Khas Shastri Park, New Delhi, East Delhi, Delhi	46 A, GHAZIABAD, EAST DELHI, दिल्ली	India	India
S1-556447919	S2-461962472	severe_lexical_mutation	New Delhi Servicesprivate Limited	New Delhi Limited Center	T-192, Jain Colony Part-1, Uttam Nagar, New Delhi, West Delhi, Delhi	T-00192, JAIN COLONY PART-1, UTTAM NAGAR, NEW DELHI, दिल्ली	India	India
S1-756987791	S3-819237083	severe_lexical_mutation	Cure Hypnosis	Zetasyn d/b/a Cure Hypnosis	9101 Pine Street, Tulsa, OK	9101 Pine Street, Tulsa, OK	US	US
S1-447248760	S2-12122709	numeric_mismatch	Downtown Pub L.L.C.	Dtcntalhn Pub L.L.C.	273 Sam Ryder Road, Chatham, MA	73 SAM RYDER ROAD, CHATHAM, MA	US	US
S1-607823099	S3-374251607	severe_lexical_mutation	One Impex Private Limited	ਵਨ ਇੰਪੈਕਸ ਪ੍ਰਾਈਵੇਟ ਲਿਮਟਿਡ	Village Malakpur, Lalru, Tehsil Derabassi, Mohali, Punjab	Village Malakpur, Lalru, Tehsil Derabassi, Mohali, PB	India	India
S1-11384020	S2-349991178	severe_lexical_mutation	X 7 N Biracilik LLC	Center X 7 N LLC	38 Carver Street, Cambridge, MA	38 CARVER ST, NULL, CAMBRIDGE, MA	US	US
S1-135882355	S3-538630106	severe_lexical_mutation	A J & Q Rain Inc	jqcom	6 Dartmouth Terrace, Greenburgh, NY	6 Dartmouth Ter, Greenburgh, New York	US	US
S1-686170445	S3-364501161	numeric_mismatch	Jai Exports Private Limited	Private Jai Exp0rts Ltd	B-42, 4Th Floor Aditi Apart, Paatparganj, New Delhi, Delhi	B-41, New Delhi, Paatparganj, DL	India	India
S1-587318419	S3-669010022	severe_lexical_mutation	Metropolitan Program PLLC	Metropolitan  Pirdarlm PLLC	395 Murphy Bottom Road, Belfry, KY	395 Mruphy Bottom Rd, Belfry, Kentucky	US	US
S1-896454262	S2-268408161	cross_script	United Tech Private Limited	यूनाइटेड टेक प्राइवेट लिमिटेड	Discovery Of India, Nehru Centre, Dr. Annie Basent Road, Worli, Mumbai, Maharashtra, Mumbai, 6Th Floor	6TH FLOOR, DISCOVERY OF INDIA, NEHRU CENTRE, DR. ANNIE BASENT ROAD, WORLI, MUMBAI, Maharashtra	India	India
S1-156364259	S2-406150813	cross_script	Arihant International Private Limited	अरिहंत इंटरनेशनल प्राइवेट लिमिटेड	B-2, Parekh Mahal, 80, Veer Nariman Road, Churchgate, Mumbai, Maharashtra	B-##2, PAREKH MAHAL, 80, VEER NARIMAN ROAD, CHURCHGATE, MUMBAI, Maharashtra	India	India
S1-816681563	S2-393115752	cross_script	Creative Media Pvt Ltd	क्रिएटिव मीडिया प्रा. लि.	Suite 8, 3Rd Floor Yashwant Place Chanakya Puri, New Delhi, South Delhi, Delhi	SUITE 8, 3RD FLOOR YASHWANT PLACE CHANAKYA PURI, NEW DELHI, Delhi	India	India
S1-531778940	S2-686562234	cross_script	Lotus Global Private Limited	लोटस ग्लोबल प्राइवेट लिमिटेड	Samaypur, Badli, Delhi, Ag-34 Sanjay Gandhi Transport Nagar, North West, Delhi	AG-34 SANJAY GANDHI TRANSPORT NAGAR, SAMAYPUR, BADLI, DELHI, NORTH WEST, Delhi	India	India
S1-916191722	S3-408355699	severe_lexical_mutation	Human Rights Coalition	humanrightscoalition.com	5660 13600, Garland, UT	13600, Garland, Utah	US	US
S1-566981327	S2-690174143	severe_lexical_mutation	Milton Verse Private Limited	M/s MÍLTONVERSE.COM	34/3 Subramaniyapillai 5Th Street S S Colony Bye Pass Road, Madurai, Tamil Nadu	4/3 SUBRAMANIYAPILLAI 5TH STREET S S COLONY BYE PASS ROAD, MADURAI, தமிழ்நாடு	India	India
S1-943501410	S2-267210420	cross_script	My Business Private Limited	माय बिजनेस प्राइवेट लिमिटेड	House No-45/11, Devariya Khurd, Laulai Chinhat, Lucknow, Uttar Pradesh	HOUSE NO-45/11/5, DEVARIYA KHURD, LAULAI CHINHAT, LUCKNOW, Uttar Pradesh	India	India
S1-933137795	S2-56350626	cross_script	Hari Blue Power Pvt Ltd	हरि ब्लू पावर प्रा. लि.	H - 126, First Floor, Block No. - D, Kilokari, Maharani Bagh, New Delhi, Delhi	H - #126, FIRST FLOOR, BLOCK NO. - D, KILOKARI, MAHARANI BAGH, NEW DELHI, दिल्ली	India	India
S1-914045522	S3-211714671	cross_script	Tech Technologies Limited	टेक टेक्नोलॉजीज लिमिटेड	202, Jai Commercial Complex, Eastern Express Highw Eastern Express Highway, Khopat, Thane (, West), Thane, Maharashtra	West), Thane, MH, 202	India	India
S1-553471989	S3-362629445	severe_lexical_mutation	Jay Southern Consulting Private Limited	જય સધર્ન કન્સલ્ટિંગ પ્રાઇવેટ લિમિટેડ	Block No. 139, Vrundavan Society Opp. Vrundavan Garden, Kalawad Road, Rajkot, Gujarat	Block No. 139, Rajkot, GJ	India	India
S1-824530419	S3-953758268	cross_script	Hari Tech Private Limited	ஹரி டெக் பிரைவேட் லிமிடெட்	113-5 Sathy Road Near Athipalayam Pirivu, Ganapathy, Coimbatore, Tamil Nadu	#113-5 Sathy Road Near Athipalayam Pirivu, Coimbatore, TN	India	India
S1-290353753	S3-921055464	severe_lexical_mutation	Classic Impex Private Limited	ക്ലാസിക് ഇംപെക്സ് പ്രൈവറ്റ് ലിമിറ്റഡ്	Room No. 10/124 O, Reliable Arcade, Amala Nagar, Adat Grama Panchayat, Thrissur, Kerala	Thrissur, Room No. 10/124- O, KL	India	India
S1-308022018	S3-339310714	cross_script	International Agro Private Limited	इंटरनेशनल एग्रो प्राइवेट लिमिटेड	Sr. No. 173/74, Office No. 7, 4Th Floor Aditi Samruddhi, Baner, Pune, Maharashtra	Sr. No. 173/74, Pune, MH	India	India
S1-919757277	S2-871577279	cross_script	Alpha Tech Private Limited	अल्फा टेक प्राइवेट लिमिटेड	Gali No B6, Ashok Vihar Ph 3 Ext., Haryana, Gurgaon, House No 8, Sadar Bazar	HOUSE NO 8, SADAR BAZAR, GURGAON, हरियाणा	India	India
S1-779437910	S2-577543156	cross_script	Baba Sree Enterprises Private Limited	बाबा श्री एंटरप्राइजेज प्राइवेट लिमिटेड	Mumbai, 501, Ramkutir, M. G. Road, Ghatkopar West, Maharashtra	DOOR NO 994/2 501, RAMKUTIR, M. G. ROAD, GHATKOPAR WEST, MUMBAI, Maharashtra	India	India
S1-104839694	S2-311727766	severe_lexical_mutation	Orthopedic Group	orthopedicgroup.com	27 Chippewa Drive, Milan, OH	27 Chippewa Drive, OH, MILAN	US	US
S1-715226490	S3-332036072	severe_lexical_mutation	Nmt Polytechnic	Kelosolkelo	D-969, Ii Floor New Friends Colony, New Delhi, Delhi	D-969, Ii Floor New Friends Colony, New Delhi, DL	India	India
S1-392621059	S3-654851881	severe_lexical_mutation	Dermatology Group	Synvantage F/K/A Dermatology Group	499 475, Wabash, IN	499 475, Wabash, IN	US	US
S1-689038019	S3-189126252	severe_lexical_mutation	Innovative Digital Foods Private Limited	ఇన్నోవేటివ్ డిజిటల్ ఫుడ్స్ ప్రైవేట్ లిమిటెడ్	Telangana, H No 7-1-746, Karim Nagar, Karimnagar, Paramita Little Genius Building, Nr Vasara Hospital, Mankammathota	H.no 7-1-746, Andhra Pradesh, Karim Nagar, TG	India	India
S1-824530419	S3-448731974	severe_lexical_mutation	Hari Tech Private Limited	Fluxveobrix	113-5 Sathy Road Near Athipalayam Pirivu, Ganapathy, Coimbatore, Tamil Nadu	113-5 Sathy Road Near Athipalayam Pirivu, Coimbatore, TN	India	India
S1-168642902	S2-283102852	cross_script	Star Healthcare Pvt Ltd	स्टार हेल्थकेयर प्रा. लि.	At Post Esainagar Tal Nandurbar Dist Dhule, Nandurbar, Dhule, Maharashtra	AT POST ESAINAGAR TAL NANDURBAR DIST DHULE, NASHIK, DHULE, Maharashtra	India	India
S1-17762440	S3-818372307	severe_lexical_mutation	Herron Supreme Molecular Inc	Onyxmira	185 Park Avenue, Unit Apartment 307, Long Beach, NY	185 Park Ave, Long Beach, null, New York	US	US
S1-581830098	S3-796620703	cross_script	White Trading Limited	व्हाइट ट्रेडिंग लिमिटेड	Shop No. 144, Narayan, Dhuri Chawl, S.V Road, Mumbai, Maharashtra	Shop No. 44, Mumbai, महाराष्ट्र	India	India
S1-26151380	S3-781266421	cross_script	Star Developers Limited	स्टार डेवलपर्स लिमिटेड	Plot No-67, Sector-6, Faridabad, Delhi	No 00636 Plot No-67, Sector-6, Faridabad, DL	India	India
S1-628224035	S2-686557209	cross_script	Balaji Agro Private Limited	बालाजी एग्रो प्राइवेट लिमिटेड	Shop No. 9, 3Rd Floor, 38/4B Friends Centre, Sanjay Place, Agra, Uttar Pradesh	DOOR NO #9, 3RD FLOOR, 38/4B FRIENDS CENTRE, SANJAY PLACE, AGRA, Uttar Pradesh	India	India
S1-898656588	S2-218225315	cross_script	Ss Foundation	एसएस फाउंडेशन	1St Floor, Flat-F4, Shivam Apartment, Maharashtra, S.No.329/16, Miraj, Sangli	S.NO.329/16., SANGLI, MIRAJ, Maharashtra	India	India
S1-226857526	S2-226405962	numeric_mismatch	Bangalore North Blues Private Limited	BANGALORE NORMHT BLÚES PRIVATE LIMITED	1St Main Road, 2Nd Cross, Bangalore North, 40, Bangalore, Karnataka	040, 1ST MAIN ROAD, 2ND CROSS, BANGALORE NORTH, ಕರ್ನಾಟಕ	India	India
S1-10590096	S3-70578906	cross_script	Jai Impex Private Limited	जय इम्पेक्स प्राइवेट लिमिटेड	314/638 Civil Lines Pathar Kata Chauraha, Fatehpur, Uttar Pradesh	Civil Lines Pathar Kata Chauraha, Varanasi, UP	India	India
S1-826957035	S3-505327825	severe_lexical_mutation	Big Hair Studio	Big Hair Stúdio	4312 Bristol View Court, Fl 0, Saint Louis, MO	4312 Bristol View Court, Missouri, Fl 0, Saint Louis	US	US
S1-718292299	S2-743085714	missing_address	Clean Education	Clean Eductcion	925 Maryland Avenue, Canton, OH		US	US
S1-226002871	S2-308234738	cross_script	Sai Services	साई सर्विसेज	C/O Narender Kumar Sharma Shivpuri, Saharanpur, Uttar Pradesh	C/O NARENDER KUMAR SHARMA SHIVPURI, SAHARANPUR DELHI ROAD, SAHARANPUR, उत्तर प्रदेश	India	India
S1-943550972	S2-366666177	severe_lexical_mutation	Solutions Rna Tours Private Limited	tsrna.com	House No. 86, Ward No. 23 Mohalla Anandpur, Block-40, Pathankot, Gurdaspur, Punjab	HOUSE NO. 86, WARD NO. 23 MOHALLA ANANDPUR, BLOCK-40, PATHANKOT, GURDASPUR, Punjab	India	India
S1-922377061	S3-652691265	severe_lexical_mutation	Big Consultants Private Limited	ಬಿಗ್ ಕನ್ಸಲ್ಟೆಂಟ್ಸ್ ಪ್ರೈವೇಟ್ ಲಿಮಿಟೆಡ್	Kithagannur Village, Bangalore, C/O Sibi Alexk St. Gaspar, Bangalore North, Karnataka	Bangalore, Plot 590 C/o Sibi Alexk St. Gaspar, ಕರ್ನಾಟಕ, Bangalore North, Kithagannur Village	India	India
S1-548904087	S3-14382441	severe_lexical_mutation	Shree Dream Consultants Limited	శ్రీ డ్రీమ్ కన్సల్టెంట్స్ లిమిటెడ్	19-3/R, Hyderabad, Telangana, 2Nd Floor, Suvarna Valley Janapriya Back Side, Ameenpur, Hyderabad	19-3/R, 2Nd Floor, Suvarna Valley Janapriya Back Side, Ameenpur, Hyderabad, తెలంగాణ	India	India
S1-237649547	S2-995229917	severe_lexical_mutation	Arihant Infra Private Limited	অরিহন্ত ইনফ্রা প্রাইভেট লিমিটেড	S 21 Phase Ikasba Industrial Estate, Kolkata, Howrah, West Bengal	S 21 PHASE IKASBA INDUSTRIAL ESTATE, HOWRAH, KASBA, West Bengal	India	India
S1-243844419	S3-297975024	cross_script	Dynamic Producer Pvt Ltd	डायनामिक प्रोड्यूसर प्रा. लि.	H.No.161, Metcalfe Road, Baluganj, Agra Cantt, Agra, Uttar Pradesh	H.no.161, Agra, UP	India	India
S1-159025738	S3-919129076	cross_script	Blue Hospitality Private Limited	ब्लू हॉस्पिटैलिटी प्राइवेट लिमिटेड	A-Hanuman Complex, 1St Floor, Azad Nagar Chouraha, Pur Road, Bhilwara, Rajasthan	A-hanuman Complex, Bhilwara, RJ	India	India
S1-853117876	S2-839404042	cross_script	Best Healthcare Private Limited	बेस्ट हेल्थकेयर प्राइवेट लिमिटेड	H-3/100A Ff Kh No -79/4, Mahavir Enclave, New Delhi, South West Delhi, Delhi	H-003/100A FF KH NO -79/4, MAHAVIR ENCLAVE, SOUTH WEST DELHI, NEW DELHI, Delhi	India	India
S1-826209313	S3-414688759	severe_lexical_mutation	Empire Holding Company LLC	empireholding.com	482 2150, Cedar City, UT	482 2150, <NULL>, Cedar City, Utah	US	US
S1-953760777	S2-281254524	severe_lexical_mutation	Arihant Logistics Private Limited	অরিহন্ত লজিস্টিকস প্রাইভেট লিমিটেড	Bl -1, 13Th Floor, Fl-13D 76/1B Bidhan Sarani, Kolkata, Kolkata, Howrah, West Bengal	BL -1, KOLKATA, HOWRAH, West Bengal	India	India
S1-232927857	S3-58944365	severe_lexical_mutation	Jay Technology Limited	ജയ് ടെക്നോളജി ലിമിറ്റഡ്	#Km 11/600B, First Floor Ranzom Building, Chundappuram, Koduvally, Kozhikode, Kerala	#Km 11/600B, Kozhikode, കേരളം	India	India
S1-62833073	S3-835920501	severe_lexical_mutation	Durga Solutions Ltd	Onyxevo	Kolar Road, Bhopal, Pno 1 C-Sect Sarvdharm, Madhya Pradesh, Bhopal	Pno 1 C-Sect Sarvdharm, Kolar Road, Bhopal, Madhya Pradesh	India	India
S1-908490306	S3-196454373	severe_lexical_mutation	Tri-State Association	Tri-State Association - 9103004972	2318 Thomas Road, Unit 257, Phoenix, AZ	2318 Thomas Rd, Northwest Annex, Arizona	US	US
S1-112009210	S3-137108467	cross_script	Vision International Private Limited	विजन इंटरनेशनल प्राइवेट लिमिटेड	House No.11, Root Inst Root Institute, Saxena More, Bodhgaya, Gaya, Bihar	House No.11, Gaya, BR	India	India
S1-308022018	S2-464667814	cross_script	International Agro Private Limited	इंटरनेशनल एग्रो प्राइवेट लिमिटेड	Sr. No. 173/74, Office No. 7, 4Th Floor Aditi Samruddhi, Baner, Pune, Maharashtra	SR. NO. 173/74, OFFICE NO. 7, 4TH FLOOR ADITI SAMRUDDHI, BANER, PUNE, Maharashtra	India	India
S1-512790448	S2-474492611	severe_lexical_mutation	Talia Redmond Law Group	Fluxect0	1372 Harlem Road, Cheektowaga, NY	1372D HARLEM ROAD, BUFFALO, NY	US	US
S1-363645442	S3-260945050	severe_lexical_mutation	Cardiology Center	Cardiology Cénter	1077 Preserve Street, Weatherford, TX	1077-C Preserve Street, Texas, Weatherford Township	US	US
S1-51991841	S2-187372620	cross_script	Prime International Pvt Ltd	பிரைம் இன்டர்நேஷனல் பிரைவேட் லிமிடெட்	Tamil Nadu, Chennai, 1St Floor, 8Th Cross Street, West Shenoy Nagar, Egmore Nungambakkam, No. 3	NO 3, CHENNAI, EGMORE NUNGAMBAKKAM, Tamil Nadu	India	India
S1-943642298	S2-949454475	severe_lexical_mutation	Jaquelin Gastelum Nexus LLC	Solyuma	41 Long Beach Avenue, Unit Lot 38, York, ME	YORK, ME, 41  LONG BEACH AVE	US	US
S1-66179396	S2-816105204	severe_lexical_mutation	Vaayuam India Private Limited	viprivate.com	H No 5/146 Ground Floor, Village Dhak Nr Book Depo, Delhi, North West Delhi, Delhi	H NO 5/146 GROUND FLOOR, VILLAGE DHAK NR BOOK DEPO, DELHI, NORTH WEST DELHI, Delhi	India	India
S1-133394685	S2-988975060	severe_lexical_mutation	Services Rs Bakery Private Limited	Mirabeloflux	A/13, Suyog Apartments Chs, Navagaon Laxman Mhatre Road, Dahisar (West), Mumbai, Mumbai City, Maharashtra	A/13, MUMBAI, GREATER MUMBAI, Maharashtra	India	India
S1-591968780	S3-670923743	severe_lexical_mutation	Essel Realty Private Limited	Calolumcira	3/42, Zalwad Nagar, Juhu, Lane, Andheri West, Mumbai, Mumbai, Maharashtra	3/42, Zalwad Nagar, Juhu, Lane, Andheri West, Mumbai, Mumbai, Maharashtra	India	India
S1-837265032	S2-227166747	severe_lexical_mutation	Coco & Co Ltd	Cbcco +  Co Ltd	164 Mohakampur Delhi Road Meerut, Meerut, Uttar Pradesh	164 MOHAKAMPUR DELHI ROAD MEEURT, MEERUT, उत्तर प्रदेश	India	India
S1-681503909	S2-271815250	cross_script	Baba Energy Private Limited	बाबा एनर्जी प्राइवेट लिमिटेड	Shop No-Ugf-29, 30Cp-68, Adarsh Complex, Sec-E Sry, Lucknow, Uttar Pradesh	SHOP NO-UGF-29, 30CP-68, ADARSH COMPLEX, SEC-E SRY, LUCKNOW, Uttar Pradesh	India	India
S1-45257053	S2-117298532	severe_lexical_mutation	Moreno Massage LLC	6ildarc	4032 50, Cedar City, UT	4032 50, CEDAR CITY, UT	US	US
S1-298025747	S3-563253289	abbreviation_acronym	Bharat Investments	BI	57/7/H/45 Bt Road, Kolkata, Howrah, West Bengal	57/7/H/45 Bt Road, Kolkata, Howrah, West Bengal	India	India
S1-824530419	S2-621515488	cross_script	Hari Tech Private Limited	ஹரி டெக் பிரைவேட் லிமிடெட்	113-5 Sathy Road Near Athipalayam Pirivu, Ganapathy, Coimbatore, Tamil Nadu	#C-113-5 SATHY ROAD NEAR ATHIPALAYAM PIRIVU, GANAPATHY, COIMBATORE, GANAPATHY, தமிழ்நாடு	India	India
S1-687889469	S3-27516607	severe_lexical_mutation	Ace Properties	ଏସ୍ ପ୍ରୋପର୍ଟିଜ୍	Plot No-17, Baliapal, Khata No-18, Mauza- Surdiha, Orissa, Balasore	Plot No-17, Baliapal, Balasore, OD	India	India
S1-20679272	S3-367483998	severe_lexical_mutation	Rocky Trust LLC	R0cky Trust	3829 24th Street, Omaha, NE	3829 24th Street, Omaha, Nebraska	US	US
S1-549762349	S3-838364485	severe_lexical_mutation	Pioneer Consultancy Private Limited	Quozeta	Karnataka, Mysore, Cv Road, Idga Fourcv Road, Idga, 3261/1 Four, Mysore	3261/1 Four, Cv Road, Idga Fourcv Road, Idga, Mysore, Karnataka	India	India
S1-390480699	S3-619640071	severe_lexical_mutation	Ear Nose & Throat Clinic Inc.	earnosethroat.com	1813 7th Avenue, Unit 103, Nashville, TN	##1813 7th Avenue, Nashville, Tennessee	US	US
S1-939026796	S2-259479350	cross_script	Tech Finance	टेक फाइनेंस	H. No. 16/494/1 Goyal Market Khutehi Tehsil Huzur, Rewa, Madhya Pradesh	H. NO. 16/494/1 GOYAL MARKET KHUTEHI TEHSIL HUZUR, REWA, Madhya Pradesh	India	India
S1-639291627	S2-450954488	cross_script	Gujarat Hospitality Private Limited	गुजरात हॉस्पिटैलिटी प्राइवेट लिमिटेड	Shop-C Newton City Apartm, Ent 126/16 Khandari Bazar, Lucknow, Uttar Pradesh	SHOP-C NEWTON CITY APARTM, ENT 126/16 KHANDARI BAZAR, LUCKNOW, उत्तर प्रदेश	India	India
S1-232813973	S3-788434961	severe_lexical_mutation	WI Research Private Limited	Irizeph	Survey No. 52/10, Plot No. 1, Mandlik Nagar, Chandshi, Nashik, Maharashtra	Survey No. 52/10, Nashik, Panchavati, महाराष्ट्र	India	India
S1-501471072	S3-647504763	cross_script	Perfect Builders Pvt Ltd	परफेक्ट बिल्डर्स प्रा. लि.	Uttar Pradesh, F-21 Sector-22, Gautam Buddha Nagar, Noida	F-0021 Sector-22, Gautam Buddha Nagar, Noida, UP	India	India
S1-266172216	S3-566168918	severe_lexical_mutation	BO Crane	BO (Cnce)	116 Oatgrass Court, Frederick County, VA	FRON Royal CITY, Virginia, 116 Oatgrass Court	US	US
S1-401920011	S2-904045997	severe_lexical_mutation	Innovative Builders Private Limited	Vionex	38 Padmavati Colony, Indore, Madhya Pradesh	GAWLI PALASIA, 38 PADMAVATI COLONY, Madhya Pradesh, INDORE	India	India
S1-94928920	S2-240316492	severe_lexical_mutation	Unique Impex Private Limited	ইউনিক ইম্পেক্স প্রাইভেট লিমিটেড	258 M C Garden Road Ghugudanga, Kolkata, Howrah, West Bengal	H.NO 258 M C GARDEN ROAD GHUGUDANGA, CALCUTTA, HOWRAH, West Bengal	India	India
S1-302565941	S2-494914286	severe_lexical_mutation	Pkh Solutions Private Limited	psprivate.com	Plot No. 134 Industrial Complex, Pocket -J, Sector -, 3, Bawana, Bawana, North West, Delhi	H.NO 134 INDUSTRIAL COMPLEX, POCKET -J, SECTOR -, 3, BAWANA, BAWANA, NORTH WEST, Delhi	India	India
S1-725696322	S3-621230073	cross_script	Golden Developers Private Limited	கோல்டன் டெவலப்பர்ஸ் பிரைவேட் லிமிடெட்	165, Lakeview Road, Westmambalam, Madras-33., Mambalam, Madras-33., Chennai, Tamil Nadu	தமிழ்நாடு, No D/149 165, Lakeview Road, Westmambalam, Madras-33., Mambalam, Madras-33., Chennai	India	India
S1-260002490	S2-314048886	severe_lexical_mutation	Shakti Engineering Private Limited	ಶಕ್ತಿ ಇಂಜಿನಿಯರಿಂಗ್ ಪ್ರೈವೇಟ್ ಲಿಮಿಟೆಡ್	1St Floor, Ahad Excellencia Apt, Bangalore South, Bangalore, Flat No H2 101, Karnataka	FLAT NO H2  101, BANGALORE SOUTH, BANGALORE, Karnataka	India	India
S1-372042894	S3-147096895	cross_script	Baba Impex Private Limited	बाबा इम्पेक्स प्राइवेट लिमिटेड	B1/546, Purvanchal Royal, City Sector Chi-5, Noida, Gautam Buddha Nagar, Uttar Pradesh	B1/546, Purvanchal Royal, City Sector Chi-5, Noida, Gautam Buddha Nagar, UP	India	India
S1-377250389	S3-35898697	severe_lexical_mutation	Quality Agricultural Enterprises L.L.C.	Ectocalosyn	14 Valerio Road, Ranchos De Taos, NM	Valerio Rd, Ranchos De Taos, New Mexico	US	US
S1-381123787	S2-860205589	severe_lexical_mutation	Creative Exports Private Limited	CPEXPORTS.COM	Plot No.49, Flat No.5, Floor No.1, Shiv Srushti, Near S.T. Depot, Kurla (E), Mumbai, Mumbai City, Maharashtra	PLOT NO.49, MUMBAI, MUMBAI CITY, Maharashtra	India	India
S1-615327859	S2-773493548	severe_lexical_mutation	Ear Nose & Throat Health	EAR NOSE & THROAT	4856 12th Street, Cleveland, OH	4856 TWELFTH STREET, CLEVELAND, OH	US	US
S1-578975776	S3-441246888	severe_lexical_mutation	City International Pvt Ltd	সিটি ইন্টারন্যাশনাল প্রাইভেট লিমিটেড	62/1A N S Road 3Rd Floorroom No 36, Kolkata, Calcutta, West Bengal	Door No 62/1A N S Road 3Rd Floorroom No 36, Kolkata, Calcutta, পশ্চিমবঙ্গ	India	India
S1-290166603	S2-927673473	cross_script	Blue Food Private Limited	ब्लू फूड प्राइवेट लिमिटेड	Aakriti Eco City, 3P Ng 12 Premium Campus, Madhya Pradesh, Huzur, Bhopal	NO 3P  NG 12 PREMIUM CAMPUS, AAKRITI ECO CITY, BHOPAL, Madhya Pradesh	India	India
S1-673347091	S3-426832042	severe_lexical_mutation	Outsourcing Clinic	Korsyn	78 4Th Main Lions School, Road, Gokulam 3Rd Stage, Mysore, Karnataka	78 4Th Main Lions School, Road, Gokulam 3Rd Stage, Mysore, Karnataka	India	India
S1-491279975	S3-836969632	severe_lexical_mutation	Bright Products	Viokelomira	Plot No.64, Sidco, Sipcot Complex, Pudukkottai, Pudukkottai, Sivaganga, Tamil Nadu	Plot No.64, Pudukkottai, TN	India	India
S1-524222976	S2-56845797	cross_script	Southern Producer Private Limited	सदर्न प्रोड्यूसर प्राइवेट लिमिटेड	Gurgaon, Haryana, Ocus Technopolis, Upper Basement Technopolis Golf Course Road, Sector-54, 3Gf	PLOT 8 3GF, OCUS TECHNOPOLIS, UPPER BASEMENT TECHNOPOLIS GOLF COURSE ROAD, SECTOR-54, GURUGRAM, GURGAON, Haryana	India	India
S1-602705471	S2-560633421	numeric_mismatch	Gujarat Services Private Limited	ಗುಜರಾತ್ ಸರ್ವಿಸಸ್ ಪ್ರೈವೇಟ್ ಲಿಮಿಟೆಡ್	No.135, 1St Cross, 05Th Block Koramangala, Bengaluru, Bangalore, Karnataka	13, 1ST CROSS, 05TH BLOCK KORAMANGALA, BANGALORE, BENGALURU, Karnataka	India	India
S1-564451848	S2-349033603	severe_lexical_mutation	Dermatology Clinic Inc	Dermatology Ciic Inc	248 Highwood Court, Knoxville, TN	248 HIGHWOOD CT, KNOXVILLE, TN	US	US
S1-44711103	S2-81814352	cross_script	Maa Innovative Infra Pvt Ltd	माँ इनोवेटिव Infra Pvt Ltd	Pune City, Pune, 224, Bhavani Peth Pune, Maharashtra, Off B 108 Kalpataru Plaza	OFF B 108 KALPATARU PLAZA, 224, BHAVANI PETH PUNE, PUNE, PUNE CITY, Maharashtra	India	India
S1-93187399	S2-419000875	cross_script	Unique Marketing Private Limited	यूनिक मार्केटिंग प्राइवेट लिमिटेड	Sr No 158/1A/1& 2 Konark, Build-B Flat No-804, Pune City, Pune, Maharashtra	PUNE CITY, BUILD-B FLAT NO-804, SR NO 158/1A/1& 2 KONARK, PUNE, महाराष्ट्र	India	India
S1-937869867	S3-418794672	severe_lexical_mutation	Mumbai Solutions Private Limited	mumbaisolutions.com	F 2 B 3 Sector 9 Vashi, Mumbai, Mumbai City, Maharashtra	Block D-792 F 2 B 3 Sector 9 Vashi, Mumbai, Mumbai City, MH	India	India
S1-5285222	S3-739403001	cross_script	Star Food Pvt Ltd	स्टार फूड प्रा. लि.	69, Ward No. 5, Deoli, Deoli, Wardha, Maharashtra	##69, महाराष्ट्र, Ward No. 5, Deoli, Mumbai, Deoli	India	India
S1-61734017	S2-632129190	cross_script	Bright International Private Limited	ब्राइट इंटरनेशनल प्राइवेट लिमिटेड	C-463, 3Rd Floor Yojana Vihar, Delhi, East Delhi, Delhi	C-C-463, 3RD FLOOR YOJANA VIHAR, EAST DELHI, DELHI	India	India
S1-756987791	S3-463983062	severe_lexical_mutation	Cure Hypnosis	Cure-Hhypnois	9101 Pine Street, Tulsa, OK	9101 Pine Street, Tulsa, Oklahoma	US	US
S1-594211942	S3-78808863	severe_lexical_mutation	Jay Technology	ಜೇ ಟೆಕ್ನಾಲಜಿ	No. 79, Sapthagiri Arcade, 5Th Floor, Vanivilas Road, Bangalore South, Bangalore, Karnataka	No. G-79, Bangalore, Bangalore South, KA	India	India
S1-875691488	S2-205464790	numeric_mismatch	Real Agro Private Limited	REAL PRIVATE LIMITED SERVICES	No 10, 2Nd Floor, Krishnaja Constructions Yashoda Nagar, Opp. Jakkur Aerodrum, Bellaryroad, Bangalore, Karnataka	NO 010 , 2ND FLOOR, KRISHNAJA CONSTRUCTIONS YASHODA NAGAR, OPP. JAKKUR AERODRUM, BELLARYROAD, Karnataka	India	India
S1-471051591	S2-494381906	severe_lexical_mutation	Guru Agro Pvt Ltd	Smt GURUAGRO.COM	F S/005, Shop No. 20, Plot No. 02 Sector No. 06, Vashi, Navi Mumbai, Thane, Maharashtra	F S/005, SHOP NO. 20, PLOT NO. 02 SECTOR NO. 06, VASHI, NAVI MUMBAI, Maharashtra	India	India
S1-923525395	S3-240978761	severe_lexical_mutation	Indo Investments	lndo lndo Investments	C/O Pramod Kumar, 403, Vpo Bhirr Tehsil- Buhana, Dist.- Jhunjhunu, Jhunjhunu, Jhunjhunun, Rajasthan	C/o Pramod Kumar, 403, Vpo Bhirr Tehsil- Buhana, Dist.- Jhunjhunu, Jhunjhunu, Jhunjhunun, राजस्थान	India	India
S1-850830412	S2-659507781	severe_lexical_mutation	Regional League	REGIONAL  SERVICE	Portland, 4723 Michigan Avenue, OR	##4723 MICHIGAN AVENUE, PORTLAND, OR	US	US
S1-27978289	S2-162543381	severe_lexical_mutation	National Center LLC	cnational.com	1118 28th Street, Unit Apartment 7-A, Sheffield, AL	1118 28TH ST, SHEFFIELD, AL	US	US
S1-970683660	S3-128647539	severe_lexical_mutation	Dental Specialists	Dental Spécialists	15 Regal Drive, Granby, NY	15 Regal Drive, Fulton, New York	US	US
S1-503308315	S2-30112755	severe_lexical_mutation	Bsr Finance Private Limited	bsrfinanceprivate.com	H. No. 8-2-293/81A/E, Mla Colony Road No. 12, Banjara Hills, Hyderabad, Telangana	8-2-293/81A/E , MLA COLONY ROAD NO. 12, BANJARA HILLS, HYDERABAD, Telangana	India	India
S1-519108091	S2-606612760	severe_lexical_mutation	Piedmont Resources, Inc	Piedmont Rtsoucregs, Inc	Wilmington, DE, 305 6th Street	DE, WILMINGTON, 305 6RD ST	US	US
S1-382920467	S3-897179725	severe_lexical_mutation	MU India Private Limited	India	77, New Unique Industrial Estate R. P. Road, Mulund (W), Mumbai, Maharashtra	77, New Unique Industrial Estate R. P. Road, Mulund (W), Mumbai, Maharashtra	India	India
S1-222672011	S3-792621333	severe_lexical_mutation	Mullins Arts Inc	Mu1lins Inc Services	425 Parker Road, Eagle Springs, NC	Parker Road, Eagle Springs, North Carolina	US	US
S1-688445622	S2-770012393	severe_lexical_mutation	Tennant, Rodney and Zarate Dividend Inc	Deltanyla	2071 B Immel, Chewelah, WA	2071 B IMMTL, CHEELAH, WA	US	US
S1-615207587	S3-624464730	numeric_mismatch	Horizon Pennantpark	Horizon Sérvices	273 Grant Street, Gary, IN	27 Grant Street, Gaary CITY, Indiana	US	US
S1-462143293	S3-870033803	severe_lexical_mutation	Krishna Jain Investment Pvt Ltd	કૃષ્ણ જૈન ઇન્વેસ્ટમેન્ટ પ્રા. લિ.	1, Shanti Niketan Society Visnagar Road, Mahesana, Gujarat	Shanti Niketan Society Visnagar Road, Sami, GJ, Mahesana, 1	India	India
S1-669325825	S3-893822757	cross_script	United It Limited	यूनाइटेड आईटी लिमिटेड	C/O. Mr. Ramesh Sangwan, Opp Aggarwal Hospital, Behind Bank, Bhiwani, Haryana	Bhiwani, HR, C/o. Mr. Ramesh Sangwan, Opp Aggarwal Hospital, Behind Bank	India	India
S1-289472075	S3-617487248	severe_lexical_mutation	Hb & Co	Lumzeph	C/O Swapan Kr. Chatterjee, Sree Pally Vivekananda Ra P.O, Bengal Enamel, Bengal, Parganas North, West Bengal	Peot 215 C/o Swapan Kr. Chatterjee, Sree Pally Vivekananda Ra P.o, Bengal Enamel, Parganas North, Bengal, WB	India	India
S1-218350079	S3-550732582	abbreviation_acronym	Zia	Zía	10 Willow Drive, Fairview Heights, IL	#10 Willow Drive, Fairview Heights, Illinois	US	US
S1-6392394	S2-949720275	cross_script	Lakshmi Media Pvt Ltd	लक्ष्मी मीडिया प्रा. लि.	Garrage No 8 Khiranagar S V Road Santakruz West Opp Bata Showroom Mumbai, Mumbai, Mumbai City, Maharashtra	GARRAGE NO 8  KHIRANAGAR S V ROAD SANTAKRUZ WEST OPP BATA SHOWROOM MUMBAI, MUMBAI, MUMBAI CITY, Maharashtra	India	India
S1-476192614	S3-251213251	severe_lexical_mutation	Tirupati Infrastructure	Nylapyra	A-68, Iind Floor, Phase-Ii Mangol Puri Industrial Area, New Delhi, North Delhi, Delhi	New Delhi, A-d/68, दिल्ली, Iind Floor, Phase-ii Mangol Puri Industrial Area, New Delhi	India	India
S1-573348444	S2-416736594	severe_lexical_mutation	Id Silverline Limited	Smt ID SALVENOINE LIMITED	C/O Shubham Kumar Wade 1, Bihar, Vill-Papaur Thanaop Saray, Siwan	C/O SHUBHAM KUMAR WADE #1, VILL-PAPAUR THANAOP SARAY, SIWAN, Bihar	India	India
S1-47616992	S3-279240793	severe_lexical_mutation	Future Infra LLP	ఫ్యూచర్ ఇన్‌ఫ్రా ఎల్‌ఎల్‌పీ	Mulakanoor, Warangal Urban, Telangana, Bheemadevarapally, 10-124/1/B	10-124/1/B., Bheemadevarapally, Warangal Urban, TG	India	India
S1-489224492	S2-203930126	severe_lexical_mutation	WI Autowheels Private Limited	Synnexvantage	H30 Plot No-6&7 3Rd Floor, Vijay Chowk Laxmi Nagar, East Delhi, Delhi	78 H30 PLOT NO-6&7 3RD FLOOR, VIJAY CHOWK LAXMI NAGAR, EAST DELHI, Delhi	India	India
S1-59404458	S2-281122602	severe_lexical_mutation	Ahmedabad Design Limited	VERAARC	A-2304, Privilon, B/H. Iscon Temple, Ambli Bopal Road, S. G. Highway, Ahmedabad, Gujarat	NO 782 A-2304, AHMEDABAD, RAIPUR, Gujarat	India	India
S1-609923362	S2-89092919	severe_lexical_mutation	Pediatric Dentistry Pioneer Center LLC	LLC Pediatric Dentistry Plrinr Center	5319 Eriksson Ln, Unit 201, Louisville, KY	N/A, KY, LOUISVILLE, 5319 ERIKSSON LN	US	US
S1-383361621	S2-14678916	cross_script	Alpha Business Private Limited	अल्फा बिजनेस प्राइवेट लिमिटेड	Mumbai, Oberoi Garden Estatenear Chandivali Studio Andheri (East), Maharashtra, Mumbai	OBROI GARDEN ESTATENEAR CHANDIVALI STUDIO ANDHERI (EAST), MUMBAI, Maharashtra	India	India
S1-807407408	S2-352803972	cross_script	Arihant It Private Limited	अरिहंत आईटी प्राइवेट लिमिटेड	Flat 203 2Nd Floor Santoshi Niwas Co-Op, Ashok Nagar Road Bhandup Mumbai, Mumbai, Maharashtra	FLAT 203 2ND FLOOR SANTOSHI NIWAS CO-OP, MUMBAI, Maharashtra	India	India
S1-300901117	S2-415621480	severe_lexical_mutation	Lotus It Private Limited	Lotus It Prívate	8-B, Udyogpuri Agar Road, Ujjain, Madhya Pradesh	8-B, UDYOGPURI AGAR ROAD, मध्य प्रदेश	India	India
S1-239303059	S2-9565007	severe_lexical_mutation	Golden Seva Samiti	#goldenseva	Plot At Kh No717, F, G/F, Ssi Phirni Road Mundka Industrial Area Fl No Mdk059 Gali No 3 S, Aini Vihar, Delhi, West Delhi, Delhi	PLOT AT KH NO717, F, G/F, SSI PHIRNI ROAD MUNDKA INDUSTRIAL AREA FL NO MDK059 GALI NO 3 S, AINI VIHAR, DELHI, Delhi	India	India
S1-463566852	S3-417808179	severe_lexical_mutation	New Infrastructure Limited	Shri Quokoriri	No.15, 1St Floor, 1St Main Club Road, Rpck Layout Ii Stage, Vijayan, Agar, Bangalore, Karnataka	No 15, 1St Floor, 1St Main Club Road, Rpck Layout Ii Stage, Vijayan, Agar, Bangalore, KA	India	India
S1-762300169	S2-247083557	severe_lexical_mutation	Orthopedic Group	Orth0pedic  LLC	990 Columbus Street, Unit 401, Chillicothe, OH	990 COLUMBUS ST, CHILLICTHE CDP, OH	US	US
S1-42749076	S3-390105939	cross_script	Life Infrastructure Private Limited	लाइफ इंफ्रास्ट्रक्चर प्राइवेट लिमिटेड	C/O Sataya Narayan Mangu Ram Brahman, Janau Khari, S.O. Mangu Ram Brahman, Churu, Rajasthan	Door No 944 C/o Sataya Narayan Mangu Ram Brahman, N/A, Churu, RJ	India	India
S1-442882634	S2-155730589	severe_lexical_mutation	Hitech International Private Limited	ಹೈಟೆಕ್ International ಪ್ರೈವೇಟ್ ಲಿಮಿಟೆಡ್	Bangalore North, Bangalore, #8, Karnataka, Sbi Colony, 7Th A Main, 3Rd Block, Koramangala	H.NO 8, SBI COLONY, 7TH A MAIN, 3RD BLOCK, KORAMANGALA, BANGALORE, BANGALORE NORTH, Karnataka	India	India
S1-155191994	S2-261958743	cross_script	City Consulting	सिटी कंसल्टिंग	12, Laxmi Nivas 6Th Road, Prabhat Colony, Santacruz (E), Mumbai, Mumbai City, Maharashtra	12, MUMBAI, MUMBAI CITY, Maharashtra	India	India
S1-886317327	S3-622952533	cross_script	Indo Investments Private Limited	Indo इन्वेस्टमेंट्स Private Limited	1901 Eden Woods Shahstrinagrlokhandwala Complex Andheri (W), Mumbai, Maharashtra	#1901 Eden Woods Shahstrinagrlokhandwala Complex Andheri (W), Mumbai, MH	India	India
S1-224894361	S3-249813403	severe_lexical_mutation	Sports Polymers Limited	Smt Sp0rts Po1ymers Limited	29, Mambalam High Road T Nagar, Chennai, Tamil Nadu	Plot 805 29, Mambalam High Road T Nagar, Chennai, T Nagar, TN	India	India
S1-311995373	S2-885815803	cross_script	Life Hospitality	லைஃப் ஹாஸ்பிடாலிட்டி	Old No.1/113B, New. No. 2H/796, Muthu Krishna Nagar, Rajiv North, Tuticorin, Thoothukudi, Tamil Nadu	113B, NEW. NO. 2H/796, MUTHU KRISHNA NAGAR, RAJIV NORTH, THOOTHUKUDI, TUTICORIN, Tamil Nadu	India	India
S1-353993857	S2-971470484	cross_script	Best Constructions Private Limited	बेस्ट कंस्ट्रक्शंस प्राइवेट लिमिटेड	267 Ganesh Phadnavis Bhavantriangular Praak Dharampeth, Maharashtra, Mumbai, Nagpur	NAGPUR, Maharashtra, MUMBAI, H.NO 267 GANESH PHADNAVIS BHAVANTRIANGULAR PRAAK DHARAMPETH	India	India
S1-452195318	S2-969528637	severe_lexical_mutation	Future Power Private Limited	ఫ్యూచర్ పవర్ ప్రైవేట్ లిమిటెడ్	H.No 8-2-293/82/A/3, Road No.5, Near Metro Station, Jubilee Hills, Hyderabad, Shaikpet, Hyderabad, Telangana	NO #8-2-293/82/A/3, ROAD NO.5, NEAR METRO STATION, JUBILEE HILLS, HYDERABAD, SHAIKPET, HYDERABAD, తెలంగాణ	India	India
S1-323462256	S3-928705036	cross_script	Balaji Media Private Limited	बालाजी Media प्राइवेट लिमिटेड	Sr No 317 Panshevadi Kandhar, Nanded, Kandhar, Nanded, Maharashtra	Sr No 317 Panshevadi Kandhar, Kandhar, MH	India	India
S1-919757277	S3-975059300	cross_script	Alpha Tech Private Limited	अल्फा टेक प्राइवेट लिमिटेड	Gali No B6, Ashok Vihar Ph 3 Ext., Haryana, Gurgaon, House No 8, Sadar Bazar	House No 8, Gurgaon, Sadar Bazar, हरियाणा	India	India
S1-123777043	S3-98999864	severe_lexical_mutation	Supreme Products Private Limited	ಸುಪ್ರೀಮ್ ಪ್ರೊಡಕ್ಟ್ಸ್ ಪ್ರೈವೇಟ್ ಲಿಮಿಟೆಡ್	Venkus Sadan, No.20/24, New No.610, 2Nd Cross Chikkamaranahalli, Off. New Bel Road, Bangalore, Karnataka	Venkus Sadan, No.20/24, New No.610, 2Nd Cross Chikkamaranahalli, Off. New Bel Road, Bangalore, KA	India	India
S1-92162108	S3-741646823	cross_script	Apex Exports Private Limited	एपेक्स एक्सपोर्ट्स प्राइवेट लिमिटेड	146, Gadodia Market Khari Baoli, Fateh Puri, New Delhi, Delhi	146, Gadodia Market Khari Baoli, Fateh Puri, New Delhi, DL	India	India
S1-610399139	S2-920771832	cross_script	Super Construction Private Limited	सुपर कंस्ट्रक्शन प्राइवेट लिमिटेड	A-7, Saraswati Vihar, Outer Ring Road, Pitampura, New Delhi, Delhi	A-7, SARASWATI VIHAR, OUTER RING ROAD, PITAMPURA, NEW DELHI, null, दिल्ली	India	India
S1-109928369	S2-735093901	severe_lexical_mutation	International Investments LLP	ইন্টারন্যাশনাল ইনভেস্টমেন্টস এলএলপি	103 Garfa Main Road, Kolkata, Howrah, West Bengal	#103 GARFA MAIN ROAD, HOWRAH, KOLKATA, West Bengal	India	India
S1-944981209	S3-531922320	cross_script	United Enterprises Limited	यूनाइटेड एंटरप्राइजेज लिमिटेड	H No 541/Anear Ayachit Mandir Bus Stop Mahal, Nagpur, Maharashtra	H No 541/Anear Ayachit Mandir Bus Stop Mahal, Nagpur, MH	India	India
S1-11384020	S3-213038894	missing_address	X 7 N Biracilik LLC	X 7 N	38 Carver Street, Cambridge, MA		US	US
S1-165347081	S2-683690896	cross_script	Raj Logistics Private Limited	राज लॉजिस्टिक्स प्राइवेट लिमिटेड	Bhakrai Nagar, Narayan Chambers, S No 177/1, Pune, Maharashtra, Haveli	S NO 177/1, HAVELI, PUNE, Maharashtra	India	India
S1-393651088	S2-174546803	severe_lexical_mutation	Creative Media Private Limited	Sri Creative Media Prdahe [Limited]	New Delhi, Delhi, C-12/450 Yamuna Vihar, North Delhi	C-12/450 YAMUNA VIHAR, NEW DELHI, Delhi	India	India
S1-531778940	S3-292077157	cross_script	Lotus Global Private Limited	Lotus ग्लोबल प्राइवेट लिमिटेड	Samaypur, Badli, Delhi, Ag-34 Sanjay Gandhi Transport Nagar, North West, Delhi	Ag-34 Sanjay Gandhi Transport Nagar, Samaypur, Badli, North West, Delhi, DL	India	India
S1-152329164	S3-711465589	severe_lexical_mutation	Coastal Charities P.C.	Services Coastal P.C.	243 Worthen Road, Lexington, MA	Massachusetts, Lexington, #243 Worthen Rd	US	US
S1-393651088	S3-108220329	severe_lexical_mutation	Creative Media Private Limited	Creative Media Prsvocte Limited	New Delhi, Delhi, C-12/450 Yamuna Vihar, North Delhi	C-12/450 Yamuna Vihar, New Delhi, North Delhi, DL	India	India
S1-968491426	S2-367797935	numeric_mismatch	Primary Care Specialists LLC	Primary Care Spécialists LLC	4720 Alexander Drive, Oxnard, CA	004720 ALEXANDER DR, OXNARD, CA	US	US
S1-246095708	S3-746625623	severe_lexical_mutation	Universal Global Pvt Ltd	ୟୁନିଭର୍ସାଲ୍ ଗ୍ଲୋବାଲ୍ ପ୍ରାଇଭେଟ୍ ଲିମିଟେଡ୍	Plot No-100, Sub-Plot No-7, Shreya Residency, Kalinga Nagar, Patrapada, Bhubaneswar, Khordha, Orissa	Plot No-00, Sub-plot No-7, Shreya Residency, Kalinga Nagar, Patrapada, Bhubaneswar, Khordha, Orissa	India	India
S1-249415155	S3-971199037	severe_lexical_mutation	Tri-State League, Inc	Inc Tri-State Lgacfee,	200 Hawthorne Street, Unit Apt 6, Hot Springs, AR	200 Hawthorne St, Unit Apt 6, HOT Springs National PARK, Arkansas	US	US
S1-715921577	S3-537790232	severe_lexical_mutation	Prairie Melar Ltd	Halofaye	Fl 1, OR, 2173 61st Place, Hillsboro	2173 61nd Pl, Fl 1, Hillsboro, Oregon	US	US
S1-203849896	S3-214854104	severe_lexical_mutation	Hevea Aero Pvt. Ltd.	Soltavo	Kra 152, Jagatham, Kedaram Nagar, Murinjapalam, Pattom P.O, Thiruvanathapuram, Thiruvananthapuram, Trivandrum, Kerala	Kra 152, Jagatham, Kedaram Nagar, Murinjapalam, Pattom P.o, Thiruvanathapuram, Thiruvananthapuram, Trivandrum, Keralam	India	India
S1-733560059	S2-491644280	severe_lexical_mutation	Hotel Super Logistics Private Limited	ಹೋಟೆಲ್ ಸೂಪರ್ ಲಾಜಿಸ್ಟಿಕ್ಸ್ ಪ್ರೈವೇಟ್ ಲಿಮಿಟೆಡ್	No. 45, Vittal Mallya Road, Bangalore, Karnataka	BANGALORE, #45, Karnataka, VITTAL MALLYA ROAD, BANGALORE	India	India
S1-752987018	S2-418713658	cross_script	Surya Technology Private Limited	सूर्य टेक्नोलॉजी प्राइवेट लिमिटेड	Unit 7/ 1St Floor, 43 Ramwadi, Kalbadevi Road, Mumbai, Mumbai City, Maharashtra	UNIT 7/ 1ST FLOOR, 43 RAMWADI, KALBADEVI ROAD, Maharashtra, MUMBAI, MUMBAI CITY	India	India
S1-669238131	S2-537443074	severe_lexical_mutation	Mcguire Smith	Lumkor	159 Franklin Street, Stoneham, Unit B4, MA	159  FRANKLIN ST, STONEHAM, MA	US	US
S1-915565447	S3-768835085	severe_lexical_mutation	Heartland Endocrinology Co	Novisol	Cropwell, 30 Shelby Road, AL	30 Sehlby Road, Cropwell, Alabama	US	US
S1-22325622	S3-806866661	cross_script	City Infrastructure Pvt Ltd	सिटी इंफ्रास्ट्रक्चर प्रा. लि.	37 Nr Ramkrishana, Mangakendra Pimple Gurav, Haveli, Pune, Maharashtra	Nr Ramkrihana, Pune, MH	India	India
S1-111634068	S2-218953892	cross_script	First Systems Private Limited	फर्स्ट सिस्टम्स प्राइवेट लिमिटेड	G-70, Bhawani Nagar, Jaipur, Rajasthan	G-70, BHAWANI NAGAR, DIVREPORTINGCIRCLE, Rajasthan	India	India
S1-342426926	S2-39024271	cross_script	Sai Bharat Tech LLP	साईं भारत टेक एलएलपी	South Delhi, New Delhi, C.Centre, Vardhman Jay Pee Plaza, Plot No7 Sector-4, Dwarka, Unit No. 323 T/F, Delhi	Delhi, H.NO 793 UNIT NO. 323 T/F, SOUTH DELHI, NEW DELHI	India	India
S1-512596117	S3-205153977	severe_lexical_mutation	Ear Nose & Throat Partners LLC	Earnosethroat.Com	269 12th Street, City Of Fond Du Lac, WI	269 12st Street, City Of Fond Du Lac, Wisconsin	US	US
S1-898904188	S2-915104072	cross_script	Green Producer Private Limited	ग्रीन प्रोड्यूसर प्राइवेट लिमिटेड	Rg-67, P No.33, Mcf-14, Indira Enclave Market, Faridabad, Haryana	#263 RG-67, P NO.33, MCF-14, INDIRA ENCLAVE MARKET, FARIDABAD, FARIDABAAD, Haryana	India	India
S1-870810760	S3-121506039	cross_script	Perfect Products	परफेक्ट प्रोडक्ट्स	E-1/1, Midc, Kupwad Block Sangli, Pune, Maharashtra	E-1/1., Kupwad Block Sangli, MH, NULL, Midc	India	India
S1-311890962	S2-988881053	severe_lexical_mutation	Southern Consulting Pvt Ltd	সাউদার্ন কনসাল্টিং প্রাইভেট লিমিটেড	Calcutta, West Bengal, Kolkata, 71/1 Canal Circular Roadwef 02 09 97 Ps Beliaghata	null, CALCUTTA, DOOR NO ##71/1 CANAL CIRCULAR ROADWEF 02 09 97 PS BELIAGHATA, West Bengal	India	India
S1-289513516	S3-302588457	severe_lexical_mutation	Pediatric Partners Inc	pediatricpartners.com	513 Sixth Street, City Of Oconto, WI	513 Sixth Street, Oconto, Wisconsin	US	US
S1-109894170	S2-585793965	severe_lexical_mutation	United It Pvt Ltd	ಯುನೈಟೆಡ್ ಐಟಿ ಪ್ರೈವೇಟ್ ಲಿಮಿಟೆಡ್	No.42, Havanuru Layout, Hesaraghatta Main Road, Nagasandra Post, Bangalore, Bangalore North, Bangalore, Karnataka	BANGALORE NORTH, BANGALORE, HAVANURU LAYOUT, HESARAGHATTA MAIN ROAD, NAGASANDRA POST, BANGALORE, Karnataka, NO.##42	India	India
S1-970972190	S2-954915378	severe_lexical_mutation	Horizon, LLC	HORAZION, LLC	1051 Twisted Oak Drive, Hsb Burnet Co, TX	TX, HSB BURNET CO, 1051. TWISTED OAK DRIVE	US	US
S1-188401577	S2-776032847	cross_script	Shree Systems Pvt Ltd	श्री सिस्टम्स प्रा. लि.	New Delhi, 128, New Delhi, D - 16, Sector 3, Rohini, Delhi	128, NEW DELHI, दिल्ली	India	India
S1-167385937	S3-83614288	severe_lexical_mutation	Supreme Cohen	Supreme Cehalen	438 Brook Road, Halifax, VT	438 Brook Rd, Halifax, Vermont	US	US
S1-723647324	S2-917278993	severe_lexical_mutation	Universal Software Pvt Ltd	ইউনিভার্সাল সফটওয়্যার প্রাইভেট লিমিটেড	West Bengal, Flat No - 4A, Rabindra Nagar, Abhilasha, Bardhaman	ABHILASHA, BARDHAMAN, West Bengal	India	India
S1-14823286	S2-382522526	cross_script	Green Bharat Constructions Private Limited	ग्रीन भारत कंस्ट्रक्शंस प्राइवेट लिमिटेड	401, 4Th Floor, Plot 63, Kadri Manzil, Dontad Street, Mumbai, Maharashtra	401, MUMBAI, महाराष्ट्र	India	India
S1-355746180	S3-39012136	severe_lexical_mutation	Analytics Institute of Technology	Ana1ytics Institute of (Technofogy)	Sr.No.126, Flat No.N-702 Rohini Apartment, Dsk Road, Dsk Vishwa, Dhayari, Haveli, Pune, Maharashtra	#108 Sr.no.126, Haveli, Pune, MH	India	India
S1-915820077	S2-469012947	cross_script	Big Infotech	बिग इंफोटेक	Om Sai Radhe, Govind Chs, Near Hly Cros School, Chikanghar, Kalyan, West, Thane, Maharashtra, Thane, Shop No. 4	SHOP NO. ##4, THANE, महाराष्ट्र	India	India
S1-683271240	S3-812169644	severe_lexical_mutation	Womens Health Physicians LLC	Womens-Health	2831 Hancock Street, Lake Station, IN	#2831 Hancock Street, Lake Station, Indiana	US	US
S1-230958647	S2-715112952	severe_lexical_mutation	EL Banking LLC	EL LLC Services	3359 Colchester Avenue, Sacramento, CA	SACRAMENTO, CA, 3359 COLCHESTER AVE	US	US
S1-332064699	S2-948740378	cross_script	Perfect Engineering Private Limited	परफेक्ट इंजीनियरिंग प्राइवेट लिमिटेड	B-710, Sushant Lok, Phase 1, Dlf Qe, Gurgaon, Haryana	B-710, SUSHANT LOK, PHASE 1, DLF QE, GURGAON, Haryana	India	India
S1-209778043	S3-496638674	severe_lexical_mutation	Globex Traders Pvt. Ltd.	Drexcalozeph	Plot No. 550F, 2Nd Floor, Aryans Road No. 92, Jubliee Hills, Hyderabad, Telangana	Plot No. 550F, 2Nd Floor, Aryans Road No. 92, Jubliee Hills, Hyderabad, Telangana	India	India
S1-664844877	S3-408479413	severe_lexical_mutation	Al Healthcare Private Limited	Smt Al Al Healthcare Pretiae Limited	4-281 K V Podu, Antarvedipalem, Eastgodavar, East Godavari, Andhra Pradesh	004-281 K V Podu, Eastgodavar, East Godavari, AP	India	India
S1-219692570	S2-510958032	missing_address	Pediatric Interstate Care Associates	Pediatric Intestte Care Associates	4481 Forest Hills Boulevard, Parma, OH		US	US
S1-955548218	S3-958778823	cross_script	Hitech Marketing Pvt Ltd	हाईटेक मार्केटिंग प्रा. लि.	847/3, (Opp. Jmd Cargo (P) Ltd) Mata Chowk Mahipalpur, New Delhi, South Delhi, Delhi	DL, 847/3, South Delhi, New Delhi	India	India
S1-617542443	S2-81769092	cross_script	Super Developers Private Limited	सुपर डेवलपर्स प्राइवेट लिमिटेड	24-A, Clyde Road Hazratganj, Lucknow, Uttar Pradesh	PLOT 582 24-A, LUCKNOW, Uttar Pradesh	India	India
S1-752750215	S2-354470033	severe_lexical_mutation	Panama Services Private Limited	JAXBELO	House No 6/314 Nidiyapoyil House, Thaliyil Po, Kuttiadi, Kozhikode, Kerala	HOUSE NO 6/314 NIDIYAPOYIL HOUSE, THALIYIL PO, KUTTIADI, KOZHIKODE, Kerala	India	India
S1-134302582	S2-565605302	cross_script	United Ventures Private Limited	யுனைடெட் வென்ச்சர்ஸ் பிரைவேட் லிமிடெட்	28/5, Coats Road N.No. 8/5, T Nagar, Chennai, Tamil Nadu	28/5, COATS ROAD N.NO. 8/5, CHENNAI, தமிழ்நாடு	India	India
S1-886700404	S3-53553021	numeric_mismatch	Summit League Inc	Summit Inc Sérvice	7800 Lilee Lane, Lincoln, NE	08187 Lilee Lane, <NULL>, Lincoln, Nebraska	US	US
S1-537137829	S3-82833051	severe_lexical_mutation	Super Dream Healthcare LLP	Kormirakelo	123 Loha Bhavanp D'Mello Road Carnak Bunder, Mumbai, Mumbai City, Maharashtra	123 Loha Bhavanp D'Mello Road Carnak Bunder, Mumbai City, Maharashtra, Mumbai	India	India
S1-281596827	S3-760011400	severe_lexical_mutation	Suryaora North Private Limited	Verakoryuma	H.No. 15, West Champaran, Street No. 2, Bagaha, Bettiah, West Champaran, Bettiah, Bihar	Door No A-15, West Champaran, बिहार	India	India
S1-749429877	S2-816258812	cross_script	Alpha Ventures Private Limited	अल्फा वेंचर्स प्राइवेट लिमिटेड	Plot No. 20, Pushap Deep, Madhav Nagri, Maregaon, Yavatmal, Maharashtra	PLOT NO. 20, PUSHAP DEEP, MADHAV NAGRI, MAREGAON, महाराष्ट्र	India	India
S1-696867509	S3-839579206	cross_script	Shiva Balaji Foods Private Limited	शिवा बालाजी फूड्स प्राइवेट लिमिटेड	1040/30 Garhi Brahman Road Mayur Vihar, Sonepat, Haryana	No 1040/30 Garhi Brahman Road Mayur Vihar, Sonepat, Delhi, HR	India	India
S1-622487631	S3-620893187	severe_lexical_mutation	Shiva Trading Private Limited	Dr Shiva Trading Préinvate Limited	14/3 Main Mathura Road, Metro Pillar No. 564, Faridabad, Haryana	Main Mathura Rad, Faridabad, हरियाणा	India	India
S1-440230922	S3-197353632	abbreviation_acronym	Sanjay (India) Enterprises Private Limited	SE	Basti, 137 Farenda Tharuwapur, Uttar Pradesh, Basti	137 Farenda Tharuwapur, Basti, Uttar Pradesh	India	India
S1-567465426	S3-177957334	severe_lexical_mutation	Cardinal Inc	Cnraieanl Inc	2019 Eagles Road, Bay City, TX	2019 Eagles Road, Bay City, Texas	US	US
S1-232927857	S3-868857575	severe_lexical_mutation	Jay Technology Limited	Jay Téchnology	#Km 11/600B, First Floor Ranzom Building, Chundappuram, Koduvally, Kozhikode, Kerala	#Km 11/600B, First Floor Ranzom Building, Chundappuram, Koduvally, Kozhikode, KL	India	India
S1-10468395	S3-36431535	severe_lexical_mutation	Best Foundation Private Limited	Smt Bestfoundation.Com	D/68, Jai Prakash Nagar Rd No.2, New Mand, Patna, Bihar	Jai Prakash Nagar Rd No.2, New Mand, Patna, D/68, Patna, BR	India	India
S1-535372299	S2-272787689	missing_address	Sky Infrastructure Private Limited	Sky Private Limited Partners Enterprises	Tanjore Main Road, Tiruchirappalli, 35, Tamil Nadu, Tiruchirappalli		India	India
S1-238183898	S2-105185311	severe_lexical_mutation	Anchor LLC	LLC Achrr	316 Hazel Street, Texarkana, AR	316 1/2 HAZEL STREET, TEXARKANA, AR	US	US
S1-1371264	S3-310650352	severe_lexical_mutation	Nik (India) Natural Private Limited	Jaxsynio	10 Andhbori Kalamb, Yavatmal, Kalamb, Yavatmal, Maharashtra	10 Andhbori Kalamb, Yavatmal, Kalamb, Yavatmal, Maharashtra	India	India
S1-57478498	S2-777480966	severe_lexical_mutation	Sun Consultancy Private Limited	Sun Consultancy Privadne Limited	101, Svr Heights, 4Th Cross Road Ananth Nagar Main Rd, Kammasandra, Phase 2, Electronic City, Bengaluru, Bangalore, Karnataka	101, SVR HEIGHTS, 4TH CROSS ROAD ANANTH NAGAR MAIN RD, KAMMASANDRA, PHAE 2, ELECTRONIC CITY, BENGALURU, ಕರ್ನಾಟಕ	India	India
S1-694073041	S3-930371184	severe_lexical_mutation	Vanguard	Vgnúhard	872 Main Street, Unit #152, Molalla, OR	Molalla, Unit #152, Oregon, 87 Main St	US	US
S1-964397779	S2-830386366	severe_lexical_mutation	Rourkela Tours Group	Fluxwex	I - 2 Civil Township, Rourkela, Sundargarh, Orissa	I - 2. CIVIL TOWNSHIP, ROURKELA, SUNDARGARH, Odisha	India	India
S1-561634291	S2-701283097	cross_script	Sunrise Enterprises Limited	सनराइज एंटरप्राइजेज लिमिटेड	324/3 Anand Vihar Naubasta, Kanpur, Uttar Pradesh	A-324/3 ANAND VIHAR NAUBASTA, KANPUR CITY, KANPUR, Uttar Pradesh	India	India
S1-842611578	S3-449825998	severe_lexical_mutation	Main Street Massage PC	#mainstreet	Winter Harbor, ME, 753 Summer Harbor Road	753 Summer Harbor Rd, Winterharbor, Maine	US	US
S1-190247294	S2-679723490	severe_lexical_mutation	Krishna Products Private Limited	Krishna Prdudts Private Limited	New Delhi, 19, New Delhi, Arunachal Building, 914-915, 9Th Floor, Barakhamba Road, C P, Delhi	19, ARUNACHAL BUILDING, 914-915, 9TH FLOOR, BARAKHAMBA ROAD, C P, NEW DELHI, Delhi	India	India
S1-790007399	S2-539362257	severe_lexical_mutation	Northern Pediatrics	NORTHERN PDIALRIBCS	3680 5th Avenue, Columbus, OH	##3680 5TH AVE, COLUMBUS, OH	US	US
S1-907002739	S2-381816526	numeric_mismatch	Digital Services Private Limited	డిజిటల్ సర్వీసెస్ ప్రైవేట్ లిమిటెడ్	Flat No 302, 2Nd Floor, Mk Sunrise P.M Palem, Madhurawada, Visakhapatnam, Vishakhapatnam, Andhra Pradesh	FLAT NO 30, 2ND FLOOR, MK SUNRISE P.M PALEM, MADHURAWADA, VISAKHAPATNAM, VISHAKHAPATNAM, Andhra Pradesh	India	India
S1-422823406	S2-204847705	cross_script	Swastik Investments Pvt Ltd	स्वस्तिक इन्वेस्टमेंट्स प्रा. लि.	M.I.G.H.357, Bihar, Third Floor, Room No.4 Housing Colony, Lohiya Nagar, Kankarbagh, Patna	M.I.G.H.B3/357, PATNA, Bihar	India	India
S1-298907561	S3-998765611	severe_lexical_mutation	Sky International Private Limited	સ્કાય ઇન્ટરનેશનલ પ્રાઇવેટ લિમિટેડ	36, Parthbhumi Society, Nr. Govt. Tubeweel, Bopal, Ahmedabad, Gujarat	36, Parthbhumi Society, Nr. Govt. Tubeweel, Bopal, Ahmedabad, GJ	India	India
S1-100166899	S2-375611616	cross_script	Green Services Limited	ग्रीन सर्विसेज लिमिटेड	House No- 42, Guriani, Rewari, Guriani, Rewari, Haryana	HOUSE NO- 42, GURIANI, Haryana	India	India
S1-516867833	S2-672725951	severe_lexical_mutation	Red Impex	Red Center	No.57, 13Th Cross Ecs-6906904430 Hosur Road, Anepalya, Bangalore, Karnataka	NO.57, 13TH CROSS ECS-6906904430 HOSUR ROAD, ANEPALYA, BANGALORE, Karnataka	India	India
S1-986020997	S3-999374978	severe_lexical_mutation	9-Star	Mirahalo formerly known as 9-Star	9627 Galveston, Wallis, TX	9627 Galveston, TX, Wallis	US	US
S1-685598087	S3-879041399	cross_script	Star Properties Private Limited	स्टार प्रॉपर्टीज प्राइवेट लिमिटेड	52/1 Sarai Kale Khan, New Delhi, South Delhi, Delhi	052/1 Sarai Kale Khan, South Delhi, New Delhi, DL	India	India
S1-530488596	S2-477638735	cross_script	Star Logistics Private Limited	स्टार लॉजिस्टिक्स प्राइवेट लिमिटेड	B-129 Oshiwara Industrialcentre Opp Shiwara Bus Depot New Link Road Goregaon (W), Mumbai, Maharashtra	B-129 OSHIWARA INDUSTRIALCENTRE OPP SHIWARA BUS DEPOT NEW LINK ROAD GOREGAON (W), N/A, MUMBAI, Maharashtra	India	India
S1-221773276	S3-468052284	severe_lexical_mutation	Sai (India) Projects Ltd	Pyraevoumbra	Kasna Industrial Area, Gautam Buddha Nagar, A-2/72 Site 5, Uttar Pradesh, Dadri	A-2/72 Site 5, Kasna Industrial Area, Dadri, Gautam Buddha Nagar, Uttar Pradesh	India	India
S1-824560680	S2-146476998	cross_script	Swastik Industries Private Limited	स्वस्तिक इंडस्ट्रीज प्राइवेट लिमिटेड	Panch-Maharajganj (Np), Tola-Pasnauli Sagar, Maharajganj, Siwan, Bihar	DOOR NO B3/717 PANCH-MAHARAJGANJ (NP), MAHARAJGANJ, Bihar	India	India
S1-403603825	S2-378790818	severe_lexical_mutation	Road Estates Private Limited	@ROADESTATES	1St Floor, Shiv Aradhan Complex, Shiv Sangam Society Main Road, Jalaram-2, University, Road, Rajkot, Gujarat	DOOR NO 1ST FLOOR, SHIV ARADHAN COMPLEX, SHIV SANGAM SOCIETY MAIN ROAD, JALARAM-2, UNIVERSITY, ROAD, ગુજરાત	India	India
S1-39329081	S2-974016102	severe_lexical_mutation	Pediatric Dentistry Specialists LLC	Pediatric Dentistry Specia1ists	5 Charles Street, Unit 1, Easthampton, MA	5 CHARLES ST, EASTHAMPTON, MA	US	US
S1-648184437	S2-505727183	severe_lexical_mutation	Lucknow Up Private Limited	Luckn0w Up Prviahe Limited	Tc - 34/V-2, Vibhooti Khand, Gomti Nagar, Lucknow, Uttar Pradesh	TC - 34/V-2, VIBHOOTI KHAND, GOMTI NAGAR, LUCKNOW, Uttar Pradesh	India	India
S1-611323462	S3-158568724	severe_lexical_mutation	LL India Mumbai	@llindia	A/705, Sahyadri Tower Chs Ltd, Upper Govind Nagar Near Upwan Tower, Malad East, Mumbai, Mumbai City, Maharashtra	A/705, Bombay, Mumbai City, MH	India	India
S1-393099236	S3-107695540	severe_lexical_mutation	Southern Carolina	Southern-Catolnia	7160 Red Mesa Drive, Roxborough Park, CO	Colorado, 7160d Red Mesa Dr, Roxborough Park	US	US
S1-188401577	S2-923325624	cross_script	Shree Systems Pvt Ltd	श्री सिस्टम्स प्रा. लि.	New Delhi, 128, New Delhi, D - 16, Sector 3, Rohini, Delhi	NEW DELHI, 128, Delhi	India	India
S1-283689590	S3-770631025	severe_lexical_mutation	Leading Memorial Trust	léadingmemorialtrust.com	Near Para Police Choki Devpur Turn(Bombay Fabrications), Rajaj, Ipuram, Lucknow, Uttar Pradesh	Rajaj, Ipuram, Near Para Police Choki Devpur Turn(bombay Fabrications), उत्तर प्रदेश, Lucknow	India	India
S1-928513331	S2-634605588	severe_lexical_mutation	Miles Enterprises Inc	Miles Enterpirss [Inc] (ID: 38053)	1707 Elder Street, City Of Waukesha, WI	##1707 ELDER STREET, WAUESHA CITY, WI	US	US
S1-115531066	S2-524519954	severe_lexical_mutation	Sree Foundation Private Limited	sreefoundation.com	Flat No B-1305 B Wing 13Th Floor Manav Kalyan Chs Ltd, Link Road, Bangur Nagar Goregaon, West, Mumbai, Mumbai City, Maharashtra	FLAT NO B-1305 B WING 13TH FLOOR MANAV KALYAN CHS LTD, LINK ROAD, BANUR NAGAR GOREGAON, WEST, MUMBAI, Maharashtra	India	India
S1-793096007	S2-929673323	cross_script	Future Prime Solutions Private Limited	ஃபியூச்சர் பிரைம் சொல்யூஷன்ஸ் பிரைவேட் லிமிடெட்	No 16 (1) Samundipuram Sou, 3Rd Street, Gandhi Nagar, Tiruppur, Coimbatore, Tamil Nadu	NO ##16 (1) SAMUNDIPURAM SOU, 3RD STREET, GANDHI NAGAR, TIRUPPUR, NULL, Tamil Nadu	India	India
S1-653397192	S3-844947811	severe_lexical_mutation	Shivam In Private Limited	#shivamin	A2002 Building No. 134 Shriprastha, Nilemore, Nallasopara West, Maharashtra, Mumbai, Thane, Flat No. Indra 16	Plot C-994 Flat No. Indra 16, A2002 Building No. 134 Shriprastha, Nilemore, Nallasopara West, Thane, Mumbai, महाराष्ट्र	India	India
S1-640536617	S3-20139194	severe_lexical_mutation	Blue Om Solutions Private Limited	Pyraonyxio doing business as Blue Om Solutions Private Limited	18/11/1;18/11/4; Shop-717, Spot 18, Sai Chowk, Pimple Saudagar, Pune, Maharashtra	18/11/1;18/11/4; Shop-717, Spot 18, Sai Chowk, Pimple Saudagar, Pune, Maharashtra	India	India
S1-714211201	S2-930556345	severe_lexical_mutation	Apex Health Alliance	Apex Héalth	190 Fall River Drive, Folsom, CA	#190 FALL RIVER DRIVE, FOLSOM, CA	US	US
S1-27978289	S2-231103330	severe_lexical_mutation	National Center LLC	National Ctnr  LLC	1118 28th Street, Unit Apartment 7-A, Sheffield, AL	AL, SHEFFIELD, 1118 28th St	US	US
S1-707900152	S2-675444114	severe_lexical_mutation	United Council, Inc	UNITED CCONL,  INC	2419 Elm Street, Miami, OK	2419 ELM STREET, MIAMI, OK	US	US
S1-180931199	S2-536955882	severe_lexical_mutation	Anderson's Hypnosis Inc.	... Anderson's Inc. Services	112 Grayson Drive, Jonesboro, AR	112 GRASYON DRIVE, JONNESBORO, AR	US	US
S1-42749076	S3-387240522	cross_script	Life Infrastructure Private Limited	लाइफ इंफ्रास्ट्रक्चर प्राइवेट लिमिटेड	C/O Sataya Narayan Mangu Ram Brahman, Janau Khari, S.O. Mangu Ram Brahman, Churu, Rajasthan	Door No 944 C/o Sataya Narayan Mangu Ram Brahman, N/A, Churu, RJ	India	India
S1-346918428	S3-230931958	severe_lexical_mutation	Cea Inc.	Lyradovadelta	683 111th Street, Beaver Creek, MN	683 111st St, Beaver Creek, Minnesota	US	US
S1-777528513	S2-200905281	cross_script	Gold Food Private Limited	गोल्ड फूड प्राइवेट लिमिटेड	B-433, First Floor, G.D. Colony Phase-3, Mayur Vihar, Delhi, East Delhi, Delhi	B-433/6, FIRST FLOOR, G.D. COLONY PHASE-3, MAYUR VIHAR, EAST DELHI, DELHI	India	India
S1-361434682	S2-863111092	severe_lexical_mutation	High Infotech Private Limited	હાઇ ઇન્ફોટેક પ્રાઇવેટ લિમિટેડ	Phase-Ii Village-Vadadalatal-Savli, Vadodara, Gujarat	PHASE-II VILLAGE-VADADALATAL-SAVLI, VADODARA, Gujarat	India	India
S1-684789590	S2-629637154	cross_script	Gujarat Business	குஜராத் பிசினஸ்	Chennai, Tamil Nadu, 4, Bajanai Koil St, Chatram, Pattabhiram, Chennai-72, Pattabhiram, Chennai-72	4, BAJANAI KOIL ST, CHATRAM, PATTABHIRAM, CHENNAI-72, PATTABHIRAM, CHENNAI-72, தமிழ்நாடு	India	India
S1-540018182	S2-186947177	severe_lexical_mutation	Systems East International Limited	SYSTEMSEAST.COM	60, Poddar Chambers S.A.Brelvi Road, Fort, Mumbai, Mumbai City, Maharashtra	#00616 60, PODDAR CHAMBERS S.A.BRELVI ROAD, FORT, MUMBAI, Maharashtra	India	India
S1-776911244	S3-117183833	cross_script	Raj Energy LLP	राज एनर्जी एलएलपी	Unit Number Gf-43H, 0 Floor, Gaur City Center Plot No C1-A/Gh-01 Sector 4, Greater Noida (West), Gautam Buddha Nagar, Uttar Pradesh	Gautam Buddha Nagar, UP, Unit Number Gf-43h	India	India
S1-104395911	S3-509744904	cross_script	Great Foundation	ग्रेट फाउंडेशन	Plot No. 16, First Floor, Back Side, Mahindra Park, New Delhi, West Delhi, Delhi	H.no 16, First Floor, Back Side, Mahindra Park, New Delhi, West Delhi, DL	India	India
S1-21717429	S3-721750084	severe_lexical_mutation	Economic Development Federation	Gildorbimira+ née Economic Development Federation	41 Hidden Village Road, West Tisbury, MA	West Tisbury, MA, 41 Hidden Village Road	US	US
S1-968491426	S3-184755723	severe_lexical_mutation	Primary Care Specialists LLC	Primary-Care	4720 Alexander Drive, Oxnard, CA	4720 Alexander Drive, City Of Oxnard, California	US	US
S1-348984051	S3-435128645	severe_lexical_mutation	New Delhi Studio Private Limited	#Newdelhi	B-10/4 Wazirpur Group Industrial Area, New Delhi, North Delhi, Delhi	Hn 123 B-10/4 Wazirpur Group Industrial Area, North Delhi, New Delhi, DL	India	India
S1-220429959	S3-364262819	severe_lexical_mutation	Des Moines Entertainment	Ectosyn	3403 44th Place, Des Moines, IA	3403-3407 44th Pl, Des Moines, Iowa	US	US
S1-682065234	S3-511526847	cross_script	Shyam Healthcare Private Limited	Shyam हेल्थकेयर Private Limited	C/O Ratnamala Bhausaheb Yerande, Ghulewa Di. Tal Sangamner Dist A'Naga Ghulewadi, Sangamner, Ahmednagar, Maharashtra	No D/720 C/o Ratnamala Bhausaheb Yerande, Sangamner, Ahmednagar, MH	India	India
S1-14199955	S2-848428698	severe_lexical_mutation	Frontier Initiative of Town Of Oma	fitown.com	WI, Town Of Oma, N8378 N Batte Road	MERCEER, N8378 N BATTE RD, WI	US	US
S1-883676510	S2-337872754	severe_lexical_mutation	Sun Alpha Energy Private Limited	సన్ ఆల్ఫా ఎనర్జీ ప్రైవేట్ లిమిటెడ్	18/18-C, Office No. 1, Up Stair, Main Road, Guntakal, Ananthapur, Andhra Pradesh	##18/18-C, OFFICE NO. 1, UP STAIR, MAIN ROAD, GUNTAKAL, ఆంధ్రప్రదేశ్	India	India
S1-524222976	S3-636419901	severe_lexical_mutation	Southern Producer Private Limited	Southern Porudecr Private Límited	Gurgaon, Haryana, Ocus Technopolis, Upper Basement Technopolis Golf Course Road, Sector-54, 3Gf	Gurgaon, Ocus Technopolis, Upper Basement Technopolis Golf Course Road, Sector-54, Gurugram, 3-3Gf, HR	India	India
S1-46626801	S3-794888753	missing_address	Star Developers Private Limited	Star Deilpeis Private Límited	320/4, Opposite 57Th Block, Manali New Town, Chennai, Tamil Nadu		India	India
S1-393377221	S3-194321483	abbreviation_acronym	Sims Secure Home Care LLC	SSHC	8811 Brittany Drive, Cincinnati, OH	8811 Brittany Drive, Cincinnati, OH	US	US
S1-42083173	S3-571574433	severe_lexical_mutation	Seven Systems Private Limited	ಸೆವೆನ್ ಸಿಸ್ಟಮ್ಸ್ ಪ್ರೈವೇಟ್ ಲಿಮಿಟೆಡ್	Door No. 235, 2Nd Floor, Yellamma Devi Temple Street, Kodihalli, Hal 2Nd Stage, Bangalore, Karnataka	No 235, Bangalore, Bengaluru, KA	India	India
S1-144276757	S3-417443964	cross_script	East Consultancy Private Limited	ईस्ट कंसल्टेंसी प्राइवेट लिमिटेड	Gurgaon, Bhondsi, Unit No. 205, Haryana, 206 And 207 2Nd Floor, Good Earth Trade Tower Sector 62	Unit No. 205, 206 And 207 2Nd Floor, Good Earth Trade Tower Sector 62, Gurgaon, Bhondsi, हरियाणा	India	India
S1-883657650	S2-342447745	severe_lexical_mutation	East Shree Services Private Limited	ഈസ്റ്റ് ശ്രീ സർവീസസ് പ്രൈവറ്റ് ലിമിറ്റഡ്	Kerala, Thiruvananthapuram, First Floor Nila Building, Phase 1 Campus, Technopark, Thiruvananthapuram, Trivandrum	കേരളം, FIRST FLOOR NILA BUILDING, THIRUVANANTHAPURAM, PHASE 1 CAMPUS, TECHNOPARK, THIRUVANANTHAPURAM	India	India
S1-503308315	S3-231204043	severe_lexical_mutation	Bsr Finance Private Limited	Korjax	H. No. 8-2-293/81A/E, Mla Colony Road No. 12, Banjara Hills, Hyderabad, Telangana	Mla Colony Road No. 12, Banjara Hills, TG, Ranga Reddy, No 8-2-293/81A/E, Hyderabad	India	India
S1-114859620	S3-130114750	cross_script	Sky Infra Private Limited	स्काई इंफ्रा प्राइवेट लिमिटेड	B-44 Ashiana, Near Mt. Mary' Step Bandra West, Mumbai, Mumbai City, Maharashtra	B-44 Ashiana, Near Mt. Mary' Step Bandra West, Mumbai City, Mumbai, MH	India	India
S1-83657750	S2-329832310	severe_lexical_mutation	Beacon Associates	Beacon Asgsciats	7 Bannock Court, Randallstown, MD	7 BANNOCK CURT, RANDALLSTOWN, MD	US	US
S1-44814733	S2-678581333	severe_lexical_mutation	Peak Cloud Digital, Inc	PEAKCL0UDDIGITAL.COM	218 Cardinal Drive, Forrest City, AR	CARDINAL DR, FORREST CITY, AR	US	US
S1-974071929	S3-131354345	cross_script	Ram Infra	ராம் இன்ஃப்ரா	Old No.19, New No.12, 10Th Cross Road, Indira Nagar, Adyar, Chennai, Tamil Nadu	H.no 19, New No.12, 10Th Cross Road, Indira Nagar, Adyar, Chennai, TN	India	India
S1-908490306	S3-671547067	severe_lexical_mutation	Tri-State Association	Tri-State Association - (6655977152)	2318 Thomas Road, Unit 257, Phoenix, AZ	2318 Thomas Road, Phoenix, Arizona	US	US
S1-7260384	S3-803910668	severe_lexical_mutation	Shree Foundation	Shree Services	Bangalore, 36Th Cross, 5Th Main, 4Th Block Jayanagar, Karnataka, Bangalore South, No 255	Bangalore, 36Th Cross, 5Th Main, 4Th Block Jayanagar, Bangalore South, #G-255, KA	India	India
S1-693624177	S3-586709548	severe_lexical_mutation	Vision Power Limited	ଭିଜନ୍ ପାୱାର୍ ଲିମିଟେଡ୍	Plot No-246, Unit -10, Bc Sen Road, Bhaskarganj, Room No-4, Baleshwar Sadar, Balasore, Orissa	Plot No-246, Balasore, Baleshwar Sadar, OD	India	India
S1-687889469	S2-129211247	severe_lexical_mutation	Ace Properties	ଏସ୍ ପ୍ରୋପର୍ଟିଜ୍	Plot No-17, Baliapal, Khata No-18, Mauza- Surdiha, Orissa, Balasore	#757 PLOT NO-17, BALIAPAL, BALASORE, Odisha	India	India
S1-133394685	S3-15407201	severe_lexical_mutation	Services Rs Bakery Private Limited	Brservices.Com	A/13, Suyog Apartments Chs, Navagaon Laxman Mhatre Road, Dahisar (West), Mumbai, Mumbai City, Maharashtra	A/13/1, Suyog Apartments Chs, Navagaon Laxman Mhatre Road, Dahisar (West), Mumbai City, Mumbai, MH	India	India
S1-440015969	S3-506769574	cross_script	Surya Sun Management LLP	सूर्य सन मैनेजमेंट एलएलपी	Sector No 04 Plot No 5, Sainath Hosplial Haveli, Haveli, Pune, Maharashtra	Sector No 04 Plot No 5, Haveli, Pune, MH	India	India
S1-217806283	S2-66509899	severe_lexical_mutation	Animal Welfare Association	Animal Wmrdfate Association	Trinity, 240 Royal Oaks, TX	ROYAL OAKS, TRINITY, TX	US	US
S1-111483992	S3-339053729	severe_lexical_mutation	Al Food Private Limited	અલ ફૂડ પ્રાઇવેટ લિમિટેડ	D-902, Shree Vishnudhara, Off S.G Highway, Gota, Dascroi, Ahmedabad, Gujarat	Dascroi, Ahmedabad, GJ, Shree Vishnudhara, Off S.g Highway, Gota, D-902	India	India
S1-165143130	S2-244140397	severe_lexical_mutation	Empire Motor LLC	Empire Mnolr LLC	9320 Michigan Avenue, Chicago, IL	9320. MICHIGAN AVENUE, CHICAGO, IL	US	US
S1-641634338	S2-98626220	severe_lexical_mutation	Valley Resources Inc	Valley Reoftrgices Inc	98 Smith Street, Barnstable, MA	MA, HYANNIS, 98 SMITH STREET	US	US
S1-302565941	S2-441964907	severe_lexical_mutation	Pkh Solutions Private Limited	Synumbra	Plot No. 134 Industrial Complex, Pocket -J, Sector -, 3, Bawana, Bawana, North West, Delhi	BAWANA, PLOT NO. 134 INDUSTRIAL COMPLEX, Delhi, NORTH WEST	India	India
S1-518752609	S2-543057108	severe_lexical_mutation	Gujarat Food Private Limited	ଗୁଜରାଟ ଫୁଡ୍ ପ୍ରାଇଭେଟ୍ ଲିମିଟେଡ୍	Idco Plot No. E/53, Infocity Revenue Mouza Unit No, 41, Chandrasekharpur, Bhubaneswar, Khordha, Orissa	IDCO PLOT NO. E/#53, BHUBANESWAR, KHORDHA, Odisha	India	India
S1-579963551	S2-796395785	severe_lexical_mutation	Behavioral Health All Associates LLC	llc behavi0ral health all associates	723 Waybaugh Drive, Gahanna, OH	723 WAYBAUGH DR, GAHANNA, OH	US	US
S1-255247126	S2-498122953	severe_lexical_mutation	A Keystone Tbk	Evorizawex	3946 Dakota Avenue, Saint Louis Park, MN	3946 Dakota Ave, MINNNEAPOLIS, MN	US	US
S1-936847208	S3-445256703	severe_lexical_mutation	Onyx Vincom Private Limited	Mr 0nyx Vlecncm Private Limited	Pune City, S. No 567, Maharashtra, Pune, H.No. 2A/2B, Ashiyana, Vastunagar Soc.	S. No 567, H.no. 2A/2B, Ashiyana, Vastunagar Soc., Pune, MH	India	India
S1-115531066	S3-943377477	cross_script	Sree Foundation Private Limited	श्री फाउंडेशन प्राइवेट लिमिटेड	Flat No B-1305 B Wing 13Th Floor Manav Kalyan Chs Ltd, Link Road, Bangur Nagar Goregaon, West, Mumbai, Mumbai City, Maharashtra	Flat No B-1305 B Wing 13Th Floor Manav Kalyan Chs Ltd, Mumbai, Mumbai City, MH	India	India
S1-891217005	S2-132391753	severe_lexical_mutation	White Impex Pvt Ltd	হোয়াইট ইম্পেক্স প্রাইভেট লিমিটেড	52 Weston Street 5Th Floor, Kolkata, Calcutta, West Bengal	#52 WESTON STREET 5TH FLOOR, CALCUTTA, N/A, West Bengal	India	India
S1-474533413	S2-556977271	cross_script	Bharat Power Private Limited	भारत पावर प्राइवेट लिमिटेड	202, 2Nd Floor, Sukhmani Bldg Opp. Nadco Shopping, Center, S.V. Road, Andheri (W), Mumbai, Mumbai City, Maharashtra	20, NULL, MUMBAI CITY, MUMBAI, Maharashtra	India	India
S1-964943832	S2-126903378	cross_script	Hari Logistics Private Limited	हरि लॉजिस्टिक्स प्राइवेट लिमिटेड	Unit No 213-214 2Nd Floor, Welldone Tech Park Sec-48, Gurgaon, Haryana	UNIT NO 213-214 2ND FLOOR, GURGAON, Haryana	India	India
S1-364860667	S2-531642585	severe_lexical_mutation	Om Logistics Limited	ಓಂ ಲಾಜಿಸ್ಟಿಕ್ಸ್ ಲಿಮಿಟೆಡ್	No 301 Shravanee Premier Ashoka Pillar Road, Madhavan Park, Bangalore South, Bangalore, Karnataka	NO 301 SHRAVANEE PREMIER ASHOKA PILLAR ROAD, MADHAVAN PARK, BANGALORE SOUTH, BANGALORE, Karnataka	India	India
S1-253467403	S2-690365588	severe_lexical_mutation	Global Center	Global Cénter	419 Valley Drive, Iowa Park, TX	IOWA PARK, VALLEY DRIVE, TX	US	US
S1-475402945	S2-133484032	cross_script	Om Royal Energy Limited	ओम रॉयल एनर्जी लिमिटेड	New Delhi, E-329, Second Floor, Gali No . 15 Hari Nagar, Extn- Ii, Badar, Pur, Delhi, South Delhi	E-329, NEW DELHI, SOUTH DELHI, Delhi	India	India
S1-842458982	S2-961834407	severe_lexical_mutation	Indian Global Pvt Ltd	ಇಂಡಿಯನ್ ಗ್ಲೋಬಲ್ ಪ್ರೈವೇಟ್ ಲಿಮಿಟೆಡ್	No. 117 Sanjaynagar Main Road Geddalahalli, Bangalore, Karnataka	NO. 117 SANJAYNAGAR MAIN ROAD GEDDALAHALLI, BENGALURU, BANGALORE, Karnataka	India	India
S1-957591047	S3-357776948	severe_lexical_mutation	Fresh Hypnosis Inc.	Inc. Fresh Hypnósis	11 Sunnyside Road, MA, Dudley	Sunnyside Rd, Dudley CITY, Massachusetts	US	US
S1-863398350	S3-928805830	cross_script	Global Technology Private Limited	ग्लोबल टेक्नोलॉजी प्राइवेट लिमिटेड	31, Ashoka Colony Ganesh Nagar, Gondia, Gondia, Gondiya, Maharashtra	Block C-270 31, Gondiya, महाराष्ट्र	India	India
S1-579963551	S2-167756727	severe_lexical_mutation	Behavioral Health All Associates LLC	Behavioral Health All LLC Service	723 Waybaugh Drive, Gahanna, OH	723 WAYBAUGH DRIVE, GAHANNA, OH	US	US
S1-571952945	S3-672585539	cross_script	Best Trading Private Limited	बेस्ट ट्रेडिंग प्राइवेट लिमिटेड	203, 2Nd Flr Tower 2, Rustomjee Ozone, Goregoan Mulund Link Rd, Goregoan West, Mumbai, Mumbai City, Maharashtra	G-203, Mumbai, Mumbai City, महाराष्ट्र	India	India
S1-470443642	S3-134209720	severe_lexical_mutation	Orthopedic Health P.C.	@orthopedichealth	2N 340 Bernice Avenue, Glen Ellyn, IL	##2N 340 Bernice Avenue, Glen Ellyn, Illinois	US	US
S1-140168213	S2-428895646	cross_script	Creative Projects Private Limited	क्रिएटिव प्रोजेक्ट्स प्राइवेट लिमिटेड	Gautam Buddha Nagar, Uttar Pradesh, T24-2204, Nirala Estate, Plot No. Gh04, Techzoneiv, Noida	Uttar Pradesh, GAUTAM BUDDHA NAGAR, T24-2204, NOIDA	India	India
S1-699532231	S2-791981860	severe_lexical_mutation	Oncology Partners	ONCOLOGY CÉNTER	3209 Prairie Grass Drive, Lehi, UT	##3209 PRAIRIE GRASS DR, LEHHI, UT	US	US
S1-182911582	S3-900006337	severe_lexical_mutation	Temple Lutheran Church	Mirariza	IA, 1720 Wakonda Drive, Waterloo	1720 Wakonda Dr, N/A, Iowa, Waterloo	US	US
S1-925514981	S3-770908372	cross_script	Pioneer Media	पायोनियर मीडिया	Flat No A/502, Shubham Heights, Indralok Phase 6, Bhayander East, Thane, Maharashtra	Flat No A/502, Thane, महाराष्ट्र	India	India
S1-721435930	S3-490187396	cross_script	Jai Foods Private Limited	ஜெய் ஃபுட்ஸ் பிரைவேட் லிமிடெட்	5, Smith Road, Chennai, Tamil Nadu	5, Smith Road, Chennai, TN	India	India
S1-239509984	S2-551531589	severe_lexical_mutation	Metro Ministries	Metro Miinssftres	2300 48th Place, Des Moines, IA	2300 48RD PL, PO BOX 1807, DES MOINES, IA	US	US
S1-468897749	S3-911128767	cross_script	Hari Software Limited	हरि सॉफ्टवेयर लिमिटेड	Phasi 11/3/4 Twin Complex Oppfire Bregade Marol Maroshi Rd, Andheri East, Mumbai, Maharashtra	Andheri East, MH, Greater Mumbai, Phasi 11/3/4 Twin Complex Oppfire Bregade Marol Maroshi Rd	India	India
S1-705075324	S3-270819286	severe_lexical_mutation	Tapia and Jones	tjones.com	222 Maravilla Drive, City Of El Paso, TX	222 Maravilla Dr, City Of El Paso, Texas	US	US
S1-768191854	S2-340807163	severe_lexical_mutation	Tech Business Private Limited	টেক বিজনেস প্রাইভেট লিমিটেড	Flat No 3A, Block A, 25A Beliaghata Main Road, Kolkata, Kolkata, Howrah, West Bengal	3A, KOLKATA, HOWRAH, West Bengal	India	India
S1-922377061	S2-503540657	severe_lexical_mutation	Big Consultants Private Limited	ಬಿಗ್ ಕನ್ಸಲ್ಟೆಂಟ್ಸ್ ಪ್ರೈವೇಟ್ ಲಿಮಿಟೆಡ್	Kithagannur Village, Bangalore, C/O Sibi Alexk St. Gaspar, Bangalore North, Karnataka	C/O SIBI ALEXK ST. GASPAR, KITHAGANNUR VILLAGE, BANGALORE NORTH, BANGALORE, Karnataka	India	India
S1-303388340	S3-250791773	severe_lexical_mutation	E+ Market LLC	E+ Makat LLC	976 Hurds Road, Virginia Beach City, VA	Hurds Rd, N/A, Virginia Beach City, Virginia	US	US
S1-18641189	S3-710931504	severe_lexical_mutation	Dermatology Group	dermatologygroup.com	1717 Morten Avenue, Unit 12, Phoenix, AZ	1717 1/2 Morten Avenue, # 12, Arizona, Sunnyslope	US	US
S1-506166707	S3-176709377	severe_lexical_mutation	Cardiology Associates Inc	cardiologyassociates.com	971 Suffield Street, Agawam, MA	971 1/2 Suffield St, Agawam, Massachusetts	US	US
S1-341673595	S3-64189766	severe_lexical_mutation	Lotus Hospitality Private Limited	లోటస్ హాస్పిటాలిటీ ప్రైవేట్ లిమిటెడ్	C/O Adipudi Kishore, Pidugurall, Piduguralla, Guntur, Andhra Pradesh	C/o Adipudi Kishore, null, Piduguralla, Guntur, AP	India	India
S1-684789590	S3-358512842	severe_lexical_mutation	Gujarat Business	Gujarat Bsuoinses	Chennai, Tamil Nadu, 4, Bajanai Koil St, Chatram, Pattabhiram, Chennai-72, Pattabhiram, Chennai-72	4, Bajanai Koil St, Chatram, Pattabhiram, Chennai-72, Pattabhiram, Chennai-72, Chennai, TN	India	India
S1-914843667	S2-355919815	cross_script	Aditya Exports Private Limited	आदित्य एक्सपोर्ट्स प्राइवेट लिमिटेड	101, Oyster Building, 19Th Road, Khar West, Mumbai, Mumbai City, Maharashtra	101, OYSTER BUILDING, 19TH ROAD, KHAR WEST, BOMBAY, MUMBAI CITY, महाराष्ट्र	India	India
S1-839084059	S3-163761172	severe_lexical_mutation	Pediatric Dentistry Prime Care, LLC	Pediatric Prime Care, LLC Services	714 B 18th Street, Unit APARTMENT 1, Claremore, OK	Unit Apartment 1, 714 B 18st St, Claremore, Oklahoma	US	US
S1-406104083	S2-535439243	severe_lexical_mutation	Green Publishing	GREEN PUBLEHNNG	1105 Autumn Lakes Circle, Unit 3A, Mishawaka, IN	IN, MISHAWAKA, 1105 AUTUMN LAKES CIR	US	US
S1-114527458	S3-404497939	severe_lexical_mutation	Urgent Care Interstate Partners	Ariajaxbrix formerly: Urgent Care Interstate Partners	7103 Johnsburg Road, Spring Grove, IL	7103 Johnsburg Road, Spring Grove, IL	US	US
S1-680518272	S3-931200567	cross_script	First Technology Private Limited	ஃபர்ஸ்ட் டெக்னாலஜி பிரைவேட் லிமிடெட்	Plot No. 4, Lig Colony, A Block, Pollachi, Coimbatore, Tamil Nadu	Plot No. 4, Lig Colony, A Block, Pollachi, Coimbatore, TN	India	India
S1-932263247	S3-496501918	cross_script	South Jain Consulting	साउथ जैन कंसल्टिंग	Office No-102, The Capital, Eisha Loreals, Kondhwa Kd, Pune City, Pune, Maharashtra	Office No-102, Pune City, Pune, MH	India	India
S1-651611796	S2-602378081	cross_script	Southern Care Private Limited	सदर्न केयर प्राइवेट लिमिटेड	Survey No. 7, M. No. 248 Vintage City, Peth.(Naygaon), Taluka Have, Li, Pune, Maharashtra	SURVEY NO. 7, M. NO. 248 VINTAGE CITY, PETH.(NAYGAON), TALUKA HAVE, LI, PUNE, Maharashtra	India	India
S1-590391041	S3-428019629	numeric_mismatch	Hansen Veterinary Clinic	Orbiectomira	13035 Point Drive, Willis, TX	013035 Point Drive, Willis, Texas	US	US
S1-491279975	S2-437712436	cross_script	Bright Products	பிரைட் புராடக்ட்ஸ்	Plot No.64, Sidco, Sipcot Complex, Pudukkottai, Pudukkottai, Sivaganga, Tamil Nadu	PLOT NO.D/64, SIVAGANGA, PUDUKKOTTAI, Tamil Nadu	India	India
S1-605716148	S3-831285353	severe_lexical_mutation	Future Agro Private Limited	ଫ୍ୟୁଚର୍ ଆଗ୍ରୋ ପ୍ରାଇଭେଟ୍ ଲିମିଟେଡ୍	Dhamara Balisahi, Bhadrak, Basudebpur, Bhadrak, Orissa	Dhamara Balisahi, Bhadrak, Bhubaneswar Hq Region, Basudebpur, OD	India	India
S1-804030228	S3-790325826	severe_lexical_mutation	Olanex Entergy	Ciraumbrafaye	140 Black Rock Turnpike, Redding, CT	140-142 Black Rock Turnpike, Redding, Connecticut	US	US
S1-846415290	S3-752261528	severe_lexical_mutation	Rainbow Projects Limited	Shri Rainb0w Projccsh Limited	32B, Krishna Appartment, A1 Block Paschim Vihar, Delhi, North West, Delhi	32B, Krishna Appartment, A1 Block Paschim Vihar, Delhi, North West, DL	India	India
S1-967163852	S2-385767310	severe_lexical_mutation	UN Aurora Co	UN Aurarra Co	1111 Draper Parkway, Unit 110, Draper City (sl Co), UT	1111 DRAPER PARKWAY, DRAPER CITY (SL CO), UT	US	US
S1-943506925	S3-498660326	cross_script	Sai Solutions Private Limited	साईं सॉल्यूशंस प्राइवेट लिमिटेड	Mumbai, B-Wing, 36 Turner Rd, Near Tava Restaurant, Mumbai, 205, Maharashtra	205, Mumbai, Bhandara, MH	India	India
S1-747769786	S3-28496478	cross_script	Eastern Business Private Limited	ईस्टर्न बिजनेस प्राइवेट लिमिटेड	Star Consultancy C/O Sanjay Kumar Bhargv Near Pnb Purana Telephone Exchange K Samne, Raj W, Ell, Sardarshahar, Churu, Rajasthan	Star Consultancy C/o Sanjay Kumar Bhargv Near Pnb Purana Telephone Exchange K Samne, Raj W, Ell, Sardarshahar, Sardarsahar, RJ	India	India
S1-607311453	S3-980334083	severe_lexical_mutation	Family Horizon Associates LLC	Brixnovi	Springfield, MO, 737 Westbypass	##737 Westbypass, Springfield, Missouri	US	US
S1-5285222	S2-573358070	cross_script	Star Food Pvt Ltd	स्टार फूड प्रा. लि.	69, Ward No. 5, Deoli, Deoli, Wardha, Maharashtra	69, DEOLI, WARDHA, Maharashtra	India	India
S1-674142341	S2-463292494	severe_lexical_mutation	Pioneer Developers Private Limited	પાયોનિયર ડેવલપર્સ પ્રાઇવેટ લિમિટેડ	Survey No. 327, Rangpar, Pipli Road, Opp. Somnath Petrol Pump, Bela, Morbi, Morbi, Rajkot, Gujarat	SURVEY NO. 327, RANGPAR, PIPLI ROAD, OPP. SOMNATH PETROL PUMP, BELA, MORBI, MORBI, RAJKOT, ગુજરાત	India	India
S1-382781081	S2-42966961	severe_lexical_mutation	Big Solutions Pvt Ltd	ಬಿಗ್ ಸೊಲ್ಯೂಷನ್ಸ್ ಪ್ರೈವೇಟ್ ಲಿಮಿಟೆಡ್	Khata No 47, Shop No 12, Nagamangala, Mandya, Karnataka	KHATA NO 47, SHOP NO 12, MANDYA, NAGAMANGALA, Karnataka	India	India
S1-317142921	S3-651073416	severe_lexical_mutation	Hyderabad Developers LLP	Hyderabad De1eoes LLP	3-6-365/C/301, Pavani Estates, Liberty X Road, Himayatnagar, Hyderabad, Telangana	3-6-365/C/301, Hyderabad, TG	India	India
S1-246767534	S3-962284838	cross_script	Maa Media Private Limited	माँ मीडिया प्राइवेट लिमिटेड	32Apollo Street Fort, Mumbai, Maharashtra	32Apollo Street Fort, Mumbai, Mumbai Ii, महाराष्ट्र	India	India
S1-775253680	S3-327060377	cross_script	Universal Tech Limited	यूनिवर्सल टेक लिमिटेड	C/O.Hira Lal S/O. Madan Gopal Inside Kotegate, Joshiwara, Bikaner, Rajasthan	C/o.hira Lal S/o. Madan Gopal Inside Kotegate, Joshiwara, Bikaner, Pugal, RJ	India	India
S1-200204402	S2-244591420	cross_script	Supreme Technologies Private Limited	सुप्रीम टेक्नोलॉजीज प्राइवेट लिमिटेड	B-15 Shweta Apt Vasai E, Navghar, Vasai, Thane, Maharashtra	PLOT 248. B-15 SHWETA APT VASAI E, NAVGHAR, VASAI, THANE, Maharashtra	India	India
S1-202535110	S2-989887426	severe_lexical_mutation	Raj Food Limited	Raj Food Ltd - 3684774734	E-301, Gouri Sadan 5, Haily Road, New Delhi, Delhi	Delhi, DOOR NO 410 E-301, GOURI SADAN 5, HAILY ROAD, NEW DELHI	India	India
S1-668973636	S3-908845414	severe_lexical_mutation	Secure Electronics Associates LLC	Nexquo	221 Central Avenue, Unit 218, Fairborn, OH	# 218, Fairborn, 221 Central Avenue, Ohio	US	US
S1-200204402	S3-724251243	cross_script	Supreme Technologies Private Limited	सुप्रीम टेक्नोलॉजीज प्राइवेट लिमिटेड	B-15 Shweta Apt Vasai E, Navghar, Vasai, Thane, Maharashtra	B-15 Shweta Apt Vasai E, Navghar, Vasai, Thane, महाराष्ट्र	India	India
S1-246802724	S3-812022947	cross_script	Jay Ventures Private Limited	जय वेंचर्स प्राइवेट लिमिटेड	47-C, Phase-Iii, Dda Janta Flats Ashok Vihar, Delhi, Delhi, North West, Delhi	DL, North West, 1-47-C, Delhi	India	India
S1-531403320	S2-638357892	severe_lexical_mutation	Dynamic Products Private Limited	ಡೈನಾಮಿಕ್ ಪ್ರೊಡಕ್ಟ್ಸ್ ಪ್ರೈವೇಟ್ ಲಿಮಿಟೆಡ್	No 24-B, Old No 13, Siddamma Road, Near Kullappa Circle, Akkaiamma Layout, Kammanahalli, Bangalore, Karnataka	KAMMANAHALLI, Karnataka, NO 24-B, BANGALORE, OLD NO 13, SIDDAMMA ROAD, NEAR KULLAPPA CIRCLE, AKKAIAMMA LAYOUT	India	India
S1-582002415	S3-816189290	cross_script	United Dynamic Business Private Limited	யுனைடெட் டைனமிக் பிசினஸ் பிரைவேட் லிமிடெட்	D 12/3 N 25 Solaiappa Street Mylapore, Chennai, Tamil Nadu	Plot 75 D 12/3 N 25 Solaiappa Street Mylapore, Chennai, TN	India	India
S1-518601268	S2-374619016	cross_script	Lakshmi Trading Limited	लक्ष्मी ट्रेडिंग लिमिटेड	Office No. 1008, Ajmera Sikova, Bearing Cts No. 174A, Lbs Marg, Opp Damodar Park, Nr. Ashok Mill, Ghatkopar West, Mumbai, Maharashtra	OFFICE NO. 1008, AJMERA SIKOVA, BEARING CTS NO. 174A, LBS MARG, OPP DAMODAR PARK, NR. ASHOK MILL, GHATKOPAR WEST, BOMBAY, MUMBAI, Maharashtra	India	India
S1-431732908	S3-984383920	severe_lexical_mutation	United Brothers Pvt. Ltd.	United Pvt. Ltd. Center	Hasegaonwadi, Snld-10 Hp, Floormill Taluka Ausa, Latur, Maharashtra	Hasegaonwadi, Snld-10 Hp, Floormill Taluka Ausa, Latur, MH	India	India
S1-172673394	S3-597481815	cross_script	Balaji International Tech Private Limited	பாலாஜி இன்டர்நேஷனல் டெக் பிரைவேட் லிமிடெட்	4/9 Bagyashri Mahalinagamchetty Street Mahalingapuram Madras-34, Madras-34, Chennai, Tamil Nadu	No 4/9 Bagyashri Mahalinagamchetty Street Mahalingapuram Madras-34, Madras-34, Chennai, TN	India	India
S1-349171233	S3-726026648	severe_lexical_mutation	Dynamic Projects Private Limited	Dynamicprojectscom	C/O Bidhan Chandra Paul, Prithiba, Habra, Jl- 125, Prithiba, North 24 Parganas, West Bengal	C/o Bidhan Chandra Paul, Prithiba, Habra, Jl- 125, Prithiba, North 24 Parganas, WB	India	India
S1-117673932	S3-234159154	severe_lexical_mutation	Sweet Cleaning Service LLC	cleaningservice.com	818 1st Avenue, New Rockford, ND	818 First Ave, New Rockford, North Dakota	US	US
S1-342230507	S2-284730595	cross_script	White Consultants Private Limited	வொயிட் கன்சல்டன்ட்ஸ் பிரைவேட் லிமிடெட்	3/128.2, Pallipalayam, Odappalli Agraharam, Erode, Namakkal, Tamil Nadu	3/128.2, ERODE, NAMAKKAL, Tamil Nadu	India	India
S1-611893860	S3-90321496	abbreviation_acronym	Apt & Brothers LLP	AB	East Delhi, Upadhyay Block Shakarpur, Delhi, U-104 1St Floor	Upadhyay Block Shakarpur, Delhi, U-104 1St Floor, East Delhi	India	India
S1-658639312	S3-895035902	cross_script	Sree Construction Private Limited	ஸ்ரீ கன்ஸ்ட்ரக்ஷன் பிரைவேட் லிமிடெட்	11/5 Voc Street Alagappan Nagar, Madurai, Tamil Nadu	11/5 Voc Street Alagappan Nagar, Madurai, TN	India	India
S1-605443521	S2-167157065	cross_script	Red Engineering Private Limited	रेड इंजीनियरिंग प्राइवेट लिमिटेड	D-3/3243 Vasant Kunj, New Delhi, North Delhi, Delhi	D-3/3243 VASANT KUNJ, NORTH DELHI, NEW DELHI, Delhi	India	India
S1-768059386	S3-242247340	severe_lexical_mutation	East Delhi Products Private Limited	East Delhi Progcuts Private Limited	F.No 224, P.No9, T/F, Lsc, Vardhman Plaza, New Rajdh, East Delhi, Delhi	F.no 224, East Delhi, दिल्ली	India	India
S1-428361086	S2-231108815	severe_lexical_mutation	IO Nasdaq	IO Services	WI, Town Of Cottage Grove, 3654 Graham Paige Road	GRAHAM PAIGE ROAD, COTTAGE GROVE TOWNSHIIP, WI	US	US
S1-243690882	S3-793542159	severe_lexical_mutation	Pediatric Dental Specialists LLC	Pediatric Déntal Specialists LLC	7688 Barrington Court, Rancho Cucamonga, CA	7688 Barrington Ct, Rancho Cucamonga, California	US	US
S1-32447608	S2-29344373	cross_script	Royal Infrastructure Private Limited	रॉयल इंफ्रास्ट्रक्चर प्राइवेट लिमिटेड	318, Tulsiani Chambers, Free Press Journal Marg, Nariman Point, Mumbai, Maharashtra	318, TULSIANI CHAMBERS, FREE PRESS JOURNAL MARG, NARIMAN POINT, RAIGARH (MAHARASHTRA), महाराष्ट्र	India	India
S1-602705471	S3-792468312	severe_lexical_mutation	Gujarat Services Private Limited	ಗುಜರಾತ್ ಸರ್ವಿಸಸ್ ಪ್ರೈವೇಟ್ ಲಿಮಿಟೆಡ್	No.135, 1St Cross, 05Th Block Koramangala, Bengaluru, Bangalore, Karnataka	No.135, 1St Cross, 05Th Block Koramangala, Bengaluru, Bangalore, ಕರ್ನಾಟಕ	India	India
S1-575564127	S3-281989200	cross_script	Raj Premier Solutions Private Limited	ராஜ் பிரீமியர் சொல்யூஷன்ஸ் பிரைவேட் லிமிடெட்	Kanyakumari, Nagercoil, Nadesan Complex 25, Tamil Nadu, Sarkuna Veethi, Sivancoil Street	Nadesan Complex 25, Sarkuna Veethi, Sivancoil Street, Nagercoil, Kanyakumari, TN	India	India
S1-451124303	S3-778082127	severe_lexical_mutation	Hotel Investments Private Limited	H0tel Investments Private Ltd	Dno.14-37-18/1, Empire Estates, Flat No.101, Gokhala Road, Maharanipeta, Visakhapatnam, Vishakhapatnam, Andhra Pradesh	Vishakhapatnam, ఆంధ్రప్రదేశ్, Visakhapatnam, Dno.14-37-18/1	India	India
S1-342230507	S3-898559996	severe_lexical_mutation	White Consultants Private Limited	Fluxmira	3/128.2, Pallipalayam, Odappalli Agraharam, Erode, Namakkal, Tamil Nadu	தமிழ்நாடு, Erode, Pallipalayam, Odappalli Agraharam, Namakkal, 4-3/128.2	India	India
S1-22850116	S2-985434345	cross_script	Global Hospitality Private Limited	ग्लोबल हॉस्पिटैलिटी प्राइवेट लिमिटेड	Savita Sadan, Gaothan, 2Nd Rd, Near Chembur Post, Mumbai, Maharashtra, D 75, Mumbai	D 75, SAVITA SADAN, GAOTHAN, 2ND RD, NEAR CHEMBUR POST, GREATER MUMBAI, MUMBAI, Maharashtra	India	India
S1-123819682	S2-258432743	severe_lexical_mutation	Z 3 S Scuti	Z 3 S Sui	4510 Buckingham Drive, Grand Prairie, TX	#4510 BUCKINGHAM DR, GRAND PRAAIRIE, TX	US	US
S1-53344172	S2-946370719	severe_lexical_mutation	Smart Illinois LLC	SMART LLC CENTER	230 Ocotillo Drive, Sunland Park, NM	230-234 OCOTILLO DRIVE, SUNLAND PARK, NM	US	US
S1-602517628	S2-386339856	cross_script	South Seven Global Private Limited	साउथ सेवन ग्लोबल प्राइवेट लिमिटेड	Shop No. 11, Radha Krishna Niwas, Mahakal Wadi, C. S. Road, Anand Nagar, Dahisar (East), Mumbai, Mumbai City, Maharashtra	SHOP NO. 11, MUMBAI CITY, MUMBAI, महाराष्ट्र	India	India
S1-872849932	S2-103679308	severe_lexical_mutation	RYV Safe Montage Inc	Iriumbra	8149 Troy Street, Chicago, IL	8149 TROY SAINT, CHICAGO, IL	US	US
S1-411213259	S2-13806005	cross_script	Ram Consultants Limited	राम कंसल्टेंट्स लिमिटेड	Side Kh No.1230 Kishan Garh Vasant Kunj, Delhi, New Delhi, South Delhi	SIDE KH NO.1230. KISHAN GARH VASANT KUNJ, NEW DELHI, SOUTH DELHI, Delhi	India	India
S1-775623852	S3-401755677	severe_lexical_mutation	Tech Investment Private Limited	టెక్ ఇన్వెస్ట్‌మెంట్ ప్రైవేట్ లిమిటెడ్	8-3-949/1/1, Flat No.G1, Sri Sai Ram Estates Back Side Of Chermas, Kamma Sangam Lane, A, Meerpet, Hyderabad, Telangana	212 8-3-949/1/1, Hyderabad City Region, Hyderabad, TG	India	India
S1-486767278	S3-39876361	cross_script	Shiv Universal Agro LLP	शिव यूनिवर्सल एग्रो एलएलपी	A-215, Beta-1, Greator Noida, Gautam Budh Nagar, Uttar Pradesh, Gautam Buddha Nagar, Uttar Pradesh	Door No 82 A-215, Gautam Buddha Nagar, Uttar Pradesh, UP	India	India
S1-240955634	S2-895370726	severe_lexical_mutation	Solutions Neelkanth Realcon Corporation	Lyrapyra	No.05, G.K Royalite, 2Nd Cross Mount Joy Road Of 50 Feet Road, Hanumanthanagar, Bangalore, Karnataka	G.K ROYALITE, 2ND CROSS MOUNT JOY ROAD OF 50 FEET ROAD, BANGALORE, Karnataka, HANUMANTHANAGAR, H.NO 05	India	India
S1-326287850	S2-110566547	severe_lexical_mutation	South Construction Private Limited	ಸೌತ್ ಕನ್‌ಸ್ಟ್ರಕ್ಷನ್ ಪ್ರೈವೇಟ್ ಲಿಮಿಟೆಡ್	Sam Enclave, Gf - A, #52, Nti Layout, 1St Stage, Sanjaynagar, Bhoopsandra Main, Road, Bangalore, Karnataka	SAM ENCLAVE, ROAD, BANGALORE, ಕರ್ನಾಟಕ	India	India
S1-723016788	S3-629076691	severe_lexical_mutation	Gujarat Healthcare Private Limited	ગુજરાત હેલ્થકેર પ્રાઇવેટ લિમિટેડ	28/2 Arunoday Society, 401 Maple Court Flat, Vadodara, Gujarat	#28/2 Arunoday Society, Vadodara, GJ	India	India
S1-810337343	S2-414543801	missing_address	Pioneer Phoenix	Pioneer Center	903 Armistead Lane, Mchenry, IL		US	US
S1-298842258	S3-142164925	severe_lexical_mutation	Gulf Committee V PLLC	Gulf Cómgtete V PLLC	47 Saint John Place, Farmington, AR	47 Saint John Pl, Farmington, Arkansas	US	US
S1-374666900	S3-402384929	severe_lexical_mutation	Future Welfare Society	Sollum	Plot No 150/3, Sv Co-Operative Industrial Estate, Ida Bollaram, Jinnaram, Hyderabad, Rangareddy, Telangana	Plot No 1-50/3, Sv Co-operative Industrial Estate, Ida Bollaram, Jinnaram, Hyderabad, Rangareddy, TG	India	India
S1-319640923	S3-992307234	severe_lexical_mutation	Jay Care Limited	જય કેર લિમિટેડ	'Astha', 150 Feet Ring Road Govindratna Bang 2, Bl.N. A 02, Rajkot, Gujarat	#353 'Astha', 150 Feet Ring Road Govindratna Bang 2, Bl.n. A 02, Rajkot, GJ	India	India
S1-146212600	S2-601222384	severe_lexical_mutation	Capital Fund LLC	Capital Fnd LLC	1801 Alexander Bell Drive, Fairfax County, VA	1801 ALEXANDER BELL DR, RESTON, VA	US	US
S1-573324644	S3-957051705	severe_lexical_mutation	Dermatology Clinic	Nylaonyx F/K/A Dermatology Clinic	3008 Woodgreen Drive, Raleigh, NC	3008 Woodgreen Drive, Raleigh, NC	US	US
S1-619246326	S2-34567567	severe_lexical_mutation	Munoz American Atlas	maatlas.com	2085 Willow Bend Circle, Tonganoxie, Unit A, KS	2085 WILLOW BEND CIR, TONGANOXIE, KS	US	US
S1-460161707	S3-669118369	severe_lexical_mutation	Balaji Projects Limited	ಬಾಲಾಜಿ ಪ್ರಾಜೆಕ್ಟ್ಸ್ ಲಿಮಿಟೆಡ್	Aashirawad, 4Th Cross, Green Leaf Extension, Ejipura, Koramangala, Bangalore, Karnataka	Bangalore, 4Th Cross, Green Leaf Extension, Ejipura, Koramangala, ಕರ್ನಾಟಕ, Bangalore, Aashirawad	India	India
S1-675379641	S3-803127906	severe_lexical_mutation	Big Logistics Private Limited	Big Logistics Phriae Limited	Flat No 193 Building No 4, Florence Courtyard, Thane, Maharashtra	H.no 193 Building No 4, Florence Courtyard, Mandi, Thane, MH	India	India
S1-736273868	S3-649663665	severe_lexical_mutation	Ms Group of Companies Pvt. Ltd.	msgroupcompanies.com	Gokul Pura Uttari Ayad, Udaipur, Rajasthan	Gokul Pura Uttari Ayad, Udaipur, RJ	India	India
S1-676409457	S2-582158986	cross_script	High It Private Limited	हाई आईटी प्राइवेट लिमिटेड	N-13, 2Nd Floor, Jagat Ram Park, Laxmi Nagar, Delhi, East Delhi, Delhi	N-#13, 2ND FLOOR, JAGAT RAM PARK, LAXMI NAGAR, EAST, EAST DELHI, दिल्ली	India	India
S1-944981209	S2-283153211	cross_script	United Enterprises Limited	यूनाइटेड एंटरप्राइजेज लिमिटेड	H No 541/Anear Ayachit Mandir Bus Stop Mahal, Nagpur, Maharashtra	H NO 541/ANEAR AYACHIT MANDIR BUS STOP MAHAL, NAGPUR, Maharashtra	India	India
S1-320959854	S2-901183555	severe_lexical_mutation	Royal Enterprise Inc	Royal Enettprie Inc	972 Pembridge Place, Sugar Grove, IL	972 PEMBRIDGE PL, SUGAR GROVE, IL	US	US
S1-22325622	S2-481446579	cross_script	City Infrastructure Pvt Ltd	सिटी इंफ्रास्ट्रक्चर प्रा. लि.	37 Nr Ramkrishana, Mangakendra Pimple Gurav, Haveli, Pune, Maharashtra	NO 37. NR RAMKRISHANA, HAVELI, PUNE, महाराष्ट्र	India	India
S1-380053798	S2-576871760	cross_script	Super Sunrise Enterprises Limited	सुपर सनराइज एंटरप्राइजेज लिमिटेड	C/O Ram Dayal, Naushahara, Skb Ram, Dayalchitawali, Shikohabad, Firozabad, Uttar Pradesh	SHIKOHABAD, NAUSHAHARA, SKB RAM, DAYALCHITAWALI, FIROZABAD, 340 C/O RAM DAYAL, Uttar Pradesh	India	India
S1-751213527	S2-683020692	severe_lexical_mutation	Pallavaram Cements Private Limited	CPPRlVATE.COM	Tower - B-2, Flat - 08A, No.328, Gst Road, Pallavaram, Chennai, Tamil Nadu	HN 524- TOWER - B-2, FLAT - 08A, NO.328, GST ROAD, PALLAVARAM, CHENNAI, Tamil Nadu	India	India
S1-744425418	S2-438607995	cross_script	Maa Constructions Pvt Ltd	माँ कंस्ट्रक्शंस प्रा. लि.	S.No. 316B, Plot No. 1, Basappa Peth, Satara, Maharashtra	HN D/135 S.NO. 316B, SATARA, Maharashtra	India	India
S1-859120397	S3-407882080	cross_script	Premier Software Private Limited	பிரீமியர் சாஃப்ட்வேர் பிரைவேட் லிமிடெட்	3/315 C Type, 30Th Street Sidco Nagar, Villivakkam, Chennai, Tamil Nadu	C Type, 30Th Street Sidco Nagar, Villivakkam, TN	India	India
S1-681503909	S2-454719544	cross_script	Baba Energy Private Limited	बाबा एनर्जी प्राइवेट लिमिटेड	Shop No-Ugf-29, 30Cp-68, Adarsh Complex, Sec-E Sry, Lucknow, Uttar Pradesh	SHOP NO-UGF-29, 30CP-68, ADARSH COMPLEX, SEC-E SRY, LUCKNOW, Uttar Pradesh	India	India
S1-51121547	S3-505074779	severe_lexical_mutation	Tri-State League	Tri-State Leauae	IL, Polo, 706 Oregon Street	706 Orrgon St, Polo, Illinois	US	US
S1-183861983	S2-499621723	severe_lexical_mutation	Bhumi India LLP	bindiacom	S/11C Wing Vanraj Kopri, Goan Road Forest Colony, Thane, Maharashtra	PLOT 237. S/11C WING VANRAJ KOPRI, THANE, Maharashtra	India	India
S1-408382005	S3-746357123	cross_script	Shiva Properties Limited	शिवा प्रॉपर्टीज लिमिटेड	Ganga Prabha Apartment, Flat 301 Barahia Kothi, Phulwari, Patna, Bihar	Ganga Pabha Apartment, Patna, बिहार	India	India
S1-717326387	S3-797009772	numeric_mismatch	Popular Institute	Popu1ar Insitthuse	20, Sneh Nagar, Indore, Madhya Pradesh	21, Indore, Sneh Nagar, MP	India	India
S1-442637152	S2-352371490	cross_script	Silver Care Private Limited	सिल्वर केयर प्राइवेट लिमिटेड	Mathura, 155, Uttar Pradesh, Mathura, Dev Nagar, Malgodam Road, Gali No. 4	155, DEV NAGAR, MALGODAM ROAD, GALI NO. 4, MATHURA, Uttar Pradesh	India	India
S1-11244307	S3-651957034	severe_lexical_mutation	Bay Project	Bay Porject	W5367 Apache Avenue, Town Of Springwater, WI	##W5367 Apache Avenue, Town Of Springwater, Wisconsin	US	US
S1-531403320	S2-838919701	severe_lexical_mutation	Dynamic Products Private Limited	ಡೈನಾಮಿಕ್ ಪ್ರೊಡಕ್ಟ್ಸ್ ಪ್ರೈವೇಟ್ ಲಿಮಿಟೆಡ್	No 24-B, Old No 13, Siddamma Road, Near Kullappa Circle, Akkaiamma Layout, Kammanahalli, Bangalore, Karnataka	NO 24-B, OLD NO 13, SIDDAMMA ROAD, NEAR KULLAPPA CIRCLE, AKKAIAMMA LAYOUT, BANGALORE, KAMMANAHALLI, Karnataka	India	India
S1-706483260	S3-177433205	severe_lexical_mutation	Global Impex Private Limited	গ্লোবাল ইম্পেক্স প্রাইভেট লিমিটেড	West Bengal, Birla Building9/1 R N Mukh-Erjee Road, Calcutta, Kolkata	Calcutta, Kolkata West, Plot 601 Birla Building9/1 R N Mukh-erjee Road, পশ্চিমবঙ্গ	India	India
S1-401453201	S2-132604572	severe_lexical_mutation	L & X Tsakos Inc	L & X Tgsisiko Inc	1905 24th Street, Richmond City, VA	1905 24TH ST, RICHMOND, VA	US	US
S1-380053798	S3-436960953	cross_script	Super Sunrise Enterprises Limited	सुपर सनराइज एंटरप्राइजेज लिमिटेड	C/O Ram Dayal, Naushahara, Skb Ram, Dayalchitawali, Shikohabad, Firozabad, Uttar Pradesh	Plot 988 C/o Ram Dayal, Naushahara, Skb Ram, Dayalchitawali, Firozabad, UP	India	India
S1-543648021	S3-80498678	cross_script	Lotus Ventures Private Limited	लोटस वेंचर्स प्राइवेट लिमिटेड	Sai Multi Services, Chate Complex Opp Shaniwar Bajar, Near Bhalerao Pump, Gangakhed, Parbhani, Maharashtra	MH, Parbhani, Sai Multi Services, Gangakhed	India	India
S1-508153471	S3-637267072	severe_lexical_mutation	Shree Welfare Society	*** Shree Welfare Scgociteyt	Door 9/576/B, Pearl Arcade, Pukkattupady, Edathala, Aluva, Aluva, Ernakulam, Kerala	Door 9/576/B, Aluva, Ernakulam, കേരളം	India	India
S1-545435657	S3-527301120	severe_lexical_mutation	Jay Engineering Private Limited	jayengineering.com	No. 7, D Silva Road, Mylapore, Chennai, Chennai, Tamil Nadu	H.no 7, D Silva Road, Mylapore, Chennai, Chennai, TN	India	India
S1-824689274	S2-401140644	cross_script	Gold Indo Software Pvt Ltd	गोल्ड इंडो सॉफ्टवेयर प्रा. लि.	464-A, Basement, Chirag Delhi, Delhi	NO. D/287 464-A, CHIRAG DELHI, SOUTH DELHI, Delhi	India	India
S1-252483164	S2-983190733	cross_script	Eastern Foundation Private Limited	ईस्टर्न फाउंडेशन प्राइवेट लिमिटेड	K25, Upper Ground Floor Sikari Bhatta, Sham Nagar, Tilaknagar, New Delhi, West Delhi, Delhi	UPPER GROUND FLOOR SIKARI BHATTA, SHAM NAGAR, TILAKNAGAR, Delhi, K25, NEW DELHI, WEST DELHI	India	India
S1-918127060	S2-738463284	cross_script	Laxmi Exports Private Limited	लक्ष्मी एक्सपोर्ट्स प्राइवेट लिमिटेड	206 K No 9 Pink Pride, Jaisingpura Bas Teh., Jaipur, Rajasthan	206 K NO 9 PINK PRIDE, JAISINGPURA BAS TEH., JAIPUR, Rajasthan	India	India
S1-820639280	S2-10359081	numeric_mismatch	Pediatric Dentistry Classic Group PC	PEDIATRIC DCTIGTMYR CLASSIC GROUP PC #31700	AZ, 2881 Verde Road, Heber	2881A VERDE ROAD, OVERGAARD, AZ	US	US
S1-527557330	S3-970796080	severe_lexical_mutation	Guru Products	গুরু প্রোডাক্টস	264, Vidyasagar Pally, Milan Garh Md. K. C. Road, Po - Ghola Bazar, Kolkata, Parganas North, West Bengal	#948 264, Vidyasagar Pally, Milan Garh Md. K. C. Road, Po - Ghola Bazar, Parganas North, Kolkata, পশ্চিমবঙ্গ	India	India
S1-520972566	S3-553730096	cross_script	Shiva Infrastructure Private Limited	शिवा इंफ्रास्ट्रक्चर प्राइवेट लिमिटेड	A-3 Golden Tower, Shastri, Nagar, Meerut, Meerut, Uttar Pradesh	A-#3 Golden Tower, Shastri, Nagar, Meerut, Meerut, UP	India	India
S1-21460281	S2-581985184	severe_lexical_mutation	Ziransh Krupa Private Limited	Quoumbra	Sr. No. 50, 52, 53A, Pl-11, Sukrut Society Nr. Walvekar Nagar, Pune, Maharashtra	SR. NO. 50, PUNE, Maharashtra	India	India
S1-32447608	S3-65075198	cross_script	Royal Infrastructure Private Limited	रॉयल इंफ्रास्ट्रक्चर प्राइवेट लिमिटेड	318, Tulsiani Chambers, Free Press Journal Marg, Nariman Point, Mumbai, Maharashtra	318, Tulsiani Chambers, Free Press Journal Marg, Nariman Point, Mumbai, महाराष्ट्र	India	India
S1-506155964	S3-94833973	abbreviation_acronym	Mohindra & Co	MC	781, D B Gupta Road Karol Bagh, New Delhi, Delhi	781, D B Gupta Road Karol Bagh, New Delhi, Delhi	India	India
S1-863234812	S2-815200689	severe_lexical_mutation	Sweet Diner	Onyxzeph	137 Sasser Drive, Clovis, NM	137. SASSER DR, CLOVIS, NM	US	US
S1-360434739	S2-164313843	severe_lexical_mutation	Houston Multimedia LLC	Avimira	914 Cumberland Street, Bristol City, VA	914 CUMBERLAND STREET, BRISTOL, VA	US	US
S1-3597945	S2-865014716	severe_lexical_mutation	Hari Construction Private Limited	HARI PRIVATE LIMITED SERVICE	S-392, Basement, Greater Kailash, Part-Ii, New Delhi, South Delhi, Delhi	S-392, BASEMENT, GREATER KAILASH, PART-II, NEW DELHI, Delhi	India	India
S1-761404110	S3-951467976	severe_lexical_mutation	City Hospitality Private Limited	സിറ്റി ഹോസ്പിറ്റാലിറ്റി പ്രൈവറ്റ് ലിമിറ്റഡ്	19/10-81 Flat H-9, Pentapark Apartments Poothole, Thrissur, Kerala	19/10-81 Flat H-9, <NULL>, Thrissur, കേരളം	India	India
S1-518601268	S2-718340945	cross_script	Lakshmi Trading Limited	लक्ष्मी ट्रेडिंग लिमिटेड	Office No. 1008, Ajmera Sikova, Bearing Cts No. 174A, Lbs Marg, Opp Damodar Park, Nr. Ashok Mill, Ghatkopar West, Mumbai, Maharashtra	OFFICE NO. 1008, AJMERA SIKOVA, BEARING CTS NO. 174A, LBS MARG, OPP DAMODAR PARK, NR. ASHOK MILL, GHATKOPAR WEST, MUMBAI, BOMBAY, Maharashtra	India	India
S1-519333644	S2-607357581	cross_script	North Ram Industries Private Limited	நார்த் ராம் இண்டஸ்ட்ரீஸ் பிரைவேட் லிமிடெட்	No.128 Sidco Estates Ambattur, Chennai, Tamil Nadu	NO.128 SIDCO ESTATES AMATTUR, CHENNAI, Tamil Nadu	India	India
S1-742392521	S2-470980813	severe_lexical_mutation	Orthopedic Partners	Orthopedic Pártners	9212 Mintcreek Court, Dayton, OH	9212 MINTCREEK COURT, DAYTON, OH	US	US
S1-441825579	S3-222008561	severe_lexical_mutation	Alford & Rowe Corp	Ectodeltakelo	2618 Jentilly Lane, Tempe, AZ	2618 Jentilly Lane, Tempe, Arizona	US	US
S1-325597813	S3-889422538	severe_lexical_mutation	Coastal Colonial Open Inc.	Coastal Ópen Inc. Services	911 Roper Street, Mountain View, AR	911 Roper St, Mountain View, Arkansas	US	US
S1-955643207	S3-67237756	severe_lexical_mutation	Shree & Sons Private Limited	shreesons.com	Kh-310/2, G/F, Fatehpur Beri Dera More, South Delhi, South Delhi, Delhi	Door No 709 Kh-310/2, G/f, Fatehpur Beri Dera More, South Delhi, South West Delhi, South Delhi, DL	India	India
S1-67574205	S3-256852570	severe_lexical_mutation	Orthopedic Elite Care, LLC	LLC Orthopedic Eobte Care,	4410 Indigo Lark Lane, Arlington, TX	##4410 Indigo Lark Ln, NULL, Arlington, Texas	US	US
S1-124466881	S2-187309467	cross_script	White Projects Private Limited	व्हाइट प्रोजेक्ट्स प्राइवेट लिमिटेड	C/O Hira Nand Sharma, Turiganj, Nuaon, Dumraon, Dumraon, Buxar, Bihar	C/O HIRA NAND SHARMA, TURIGANJ, NUAON, DUMRAON, DUMRAON, BUXAR, बिहार	India	India
S1-992442675	S3-434685402	severe_lexical_mutation	HL Advisory Private Limited	HL Aditosy Private Limited	80/A Ballygunge Place Ground Floor, Kolkata, Howrah, West Bengal	80/A Ballygunge Place Ground Floor, Kolkata, WB	India	India
S1-559641632	S2-941232756	cross_script	Black Technologies Private Limited	பிளாக் டெக்னாலஜீஸ் பிரைவேட் லிமிடெட்	24(1), Bungalow Street, Main Road, Odakkadu, Tiruppur, Coimbatore, Tamil Nadu	DOOR NO 426 24(1), COIMBATORE, TIRUPPUR, Tamil Nadu	India	India
S1-520972566	S3-775143657	severe_lexical_mutation	Shiva Infrastructure Private Limited	5hiva Infrastructure Limited Center	A-3 Golden Tower, Shastri, Nagar, Meerut, Meerut, Uttar Pradesh	A-#3 Golden Tower, Shastri, Nagar, Meerut, Meerut, UP	India	India
S1-368009067	S2-736660024	cross_script	Vision Enterprises	விஷன் எண்டர்பிரைசஸ்	11 B / 5 2Nd Floor Pillaiyar Kovil North Street Gopalasamudram Cheranmahadevi Taluk Tir, Unelveli, Tirunelveli, Tamil Nadu	#11 B / 5 2ND FLOOR PILLAIYAR KOVIL NORTH STREET GOPALASAMUDRAM CHERANMAHADEVI TALUK TIR, TIRUNELVELI, தமிழ்நாடு	India	India
S1-425324575	S3-811322396	numeric_mismatch	Alvarez Rush LLC	A1varez Rúsh LLC LLC	1010 43rd Street, Baltimore, MD	010 43rd St, Baltimore, Maryland	US	US
S1-992661419	S3-801513451	severe_lexical_mutation	Perfect Solutions Private Limited	Psperfect.Com	House No 66 Floor 1St Block - A Pkt 3 Sec - 3 Rohini, New Delhi, North West, Delhi	House No 66 Floor 1St Block - A Pkt 3 Sec - 3 Rohini, New Delhi, North West, DL	India	India
S1-943049112	S2-435551263	severe_lexical_mutation	Tm Service Private Limited	tmservice.com	Arag-55/26 Yogendra Vihar, Naubasta Kanpur, Kanpur, Uttar Pradesh	ARAG-055/26 YOGENDRA VIHAR, KANPUR, NAUBASTA KANPUR, उत्तर प्रदेश	India	India
S1-326737821	S2-875204128	severe_lexical_mutation	Indian Management	ઇન્ડિયન મેનેજમેન્ટ	Ahmedabad, Adani Shantigram S G Highway Po Adalaj Ahmedabad, Gujarat, Ahmedabad, J2-1703 Meadows	J1-1703 MEADOWS, AHMEDABAD, ADANI SHANTIGRAM S G HIGHWAY PO ADALAJ AHMEDABAD, AHMEDABAD, Gujarat	India	India
S1-123777043	S3-142339708	severe_lexical_mutation	Supreme Products Private Limited	Supreme Predugcts Private Limited	Venkus Sadan, No.20/24, New No.610, 2Nd Cross Chikkamaranahalli, Off. New Bel Road, Bangalore, Karnataka	Venkus Sadan, No.20/24, New No.610, 2Nd Cross Chikkamaranahalli, Off. New Bel Road, Bangalore, ಕರ್ನಾಟಕ	India	India
S1-686122453	S3-724741547	severe_lexical_mutation	As Industries Private Limited	Industries	C-6, G/F Press Enclave Malviya Nagar, Extension, New Delhi, Delhi	C-6, G/F Press Enclave Malviya Nagar, Extension, New Delhi, Delhi	India	India
S1-837201341	S2-115821433	severe_lexical_mutation	Dream Solutions	Dream Sounis	Sr No 2/1B/2, Ramchandranagar, Dhankawadi, Pune City, Pune, Maharashtra	SR NO 2/1B/2, RAMCHANDRANAGAR, DHANKAWADI, PUNE CITY, Maharashtra	India	India
S1-510873908	S3-36052035	severe_lexical_mutation	Baba Power Private Limited	ബാബ പവർ പ്രൈവറ്റ് ലിമിറ്റഡ്	No. 1/497-C, Near Karumala, Maha Deva Devi Temple, Koyilandi, Kozhikode, Kerala	കേരളം, Koyilandi, H.no 001/497-C, Kozhikode	India	India
S1-990551891	S2-519151198	severe_lexical_mutation	Federal Toyo	féderaltoyo.com	467 Gouaux Avenue, Houma, LA	LA, HOUMA, 467 GOUAUX AVE	US	US
S1-825023193	S2-131131789	cross_script	Future Constructions Private Limited	फ्यूचर कंस्ट्रक्शंस प्राइवेट लिमिटेड	Fl-J-104, Kewale, Saomya, Fortune Infra Ventures, Panvel, Raigarh(Mh), Maharashtra	PANVEL, FL-J-104., Maharashtra, RAIGARH(MH), KEWALE, SAOMYA, FORTUNE INFRA VENTURES	India	India
S1-504211466	S2-898072858	severe_lexical_mutation	Legacy Procap, LLC	LLC Legacy Plonfap,	1520 Flora Court, Silver Spring, MD	1520  FLORA CT, SILVER SPRING, MD	US	US
S1-3597945	S2-114729295	cross_script	Hari Construction Private Limited	हरि कंस्ट्रक्शन प्राइवेट लिमिटेड	S-392, Basement, Greater Kailash, Part-Ii, New Delhi, South Delhi, Delhi	S-392, BASEMENT, GREATER KAILASH, PART-II, SOUTH DELHI, NEW DELHI, Delhi	India	India
S1-757474926	S2-569495316	severe_lexical_mutation	Select Daedalus	Select  Ddsealus	404 Main Street, Lohrville, IA	404 MAIN STREET, LOHRVILLE, IA	US	US
S1-888818682	S2-559713380	cross_script	First Software	फर्स्ट सॉफ्टवेयर	C-802, Maharashtra, 24K, Glitterati Apartments, Vishal Nagar, Nr. Dp Road, Pimple Nilakh, Pune	C-#802, PUNE, महाराष्ट्र, 24K, GLITTERATI APARTMENTS, VISHAL NAGAR, NR. DP ROAD, PIMPLE NILAKH, PUNE	India	India
S1-992221719	S2-281315392	cross_script	First Industries Private Limited	फर्स्ट इंडस्ट्रीज प्राइवेट लिमिटेड	G-01, Shubh Mangal Appt, Jyoti Nagar, Girwa, Shobhagpura, Udaipur, Rajasthan	DOOR NO ##273 G-01, UDAIPUR, Rajasthan	India	India
S1-520948204	S2-204626493	cross_script	Maa Healthcare Private Limited	मां हेल्थकेयर प्राइवेट लिमिटेड	36.5 Km Mile Stone Near, Roseland Public School, Herohonda Chowk, Sadar Bazar, Gurgaon, Haryana	HN 196 36.5 KM MILE STONE NEAR, ROSELAND PUBLIC SCHOOL, HEROHONDA CHOWK, GURUGRAM, GURGAON, Haryana	India	India
S1-703116170	S2-892907836	severe_lexical_mutation	New Eastern Estate Private Limited	ന്യൂ ഈസ്റ്റേൺ എസ്റ്റേറ്റ് പ്രൈവറ്റ് ലിമിറ്റഡ്	Door No.17/1525, Trans Asia Corporate Park, 5Th Floor, Seaport Airport Road, Chittet, Hukara, Kakkanad, Ernakulam, Kerala	17/152, TRANS ASIA CORPORATE PARK, 5TH FLOOR, SEAPORT AIRPORT ROAD, CHITTET, HUKARA, KAKKANAD, ERNAKULAM, Kerala	India	India
S1-872151859	S2-827256359	cross_script	Seven Healthcare Private Limited	செவன் ஹெல்த்கேர் பிரைவேட் லிமிடெட்	184/131, Coimbatore, Tamil Nadu, Mettupalayam, Rangaya Street, Ls Puram	RANGAYA STREET, LS PURAM, Tamil Nadu, COIMBATORE, METTUPALAYAM, 578  184/131	India	India
S1-666343734	S3-713043027	cross_script	Shiv International Private Limited	शिव इंटरनेशनल प्राइवेट लिमिटेड	4 Mulji Mistry Buildingno B 64-B Tejpal Road Vile Parle East, Mumbai, Maharashtra	#4 Mulji Mistry Buildingno B 64-B Tejpal Road Vile Parle East, Mumbai, MH	India	India
S1-57478498	S3-440097920	severe_lexical_mutation	Sun Consultancy Private Limited	Synvera doing business as Sun Consultancy Private Limited	101, Svr Heights, 4Th Cross Road Ananth Nagar Main Rd, Kammasandra, Phase 2, Electronic City, Bengaluru, Bangalore, Karnataka	101, Svr Heights, 4Th Cross Road Ananth Nagar Main Rd, Kammasandra, Phase 2, Electronic City, Bengaluru, Bangalore, Karnataka	India	India
S1-125501788	S3-276096825	severe_lexical_mutation	Orthopedic Medicine Inc	Orth0pedic Médicine Inc	213 Highland Avenue, Arlington Heights, IL	213 Highland Ave, Arlington Heights, Illinois	US	US
S1-852977473	S2-690845452	cross_script	First Estate Limited	फर्स्ट एस्टेट लिमिटेड	Plot No. 587, Near Tadka Dhaba, Jaipur, Rajasthan	H.NO 587, NEAR TADKA DHABA, JAIPUR, राजस्थान	India	India
S1-201731632	S2-742964830	cross_script	Jain Media	जैन मीडिया	Shop No. 23, Ground Wing C, Jp North Garden City, Thane, Maharashtra	SHOP NO. #23, GROUND WING C, JP NORTH GARDEN CITY, THANE, Maharashtra	India	India
S1-277202380	S3-689711425	severe_lexical_mutation	Satpuda Eye Private Limited	Eyeprivate.Com	Door No.9, Shop No. 12, 2Nd Floor, Svv Complex, Sastri Road, Trichy, Tiruchirappalli, Tamil Nadu	Door No.11, Shop No. 12, 2Nd Floor, Svv Complex, Sastri Road, Trichy, Tiruchirappalli, TN	India	India
S1-424205429	S3-169755177	severe_lexical_mutation	Classic Food Private Limited	classicfood.com	C/O Sanjaykumar Sheshappa Anigol, H. No. W. No. 10/559/1, Asc College, Ichalkaranji, Sangli, Maharashtra	C/o Sanjaykumar Sheshappa Anigol, H. No. W. No. 10/559/1, Asc College, Ichalkaranji, Sangli, MH	India	India
S1-610975019	S3-164069906	severe_lexical_mutation	A Elite Atlantic LLC	A Elite Atlnadtic LLC	Lakewood, 6000 Mount Tacoma Drive, WA	Mount Tacoma Dr, Lakewood, Washington	US	US
S1-961883317	S3-624440884	severe_lexical_mutation	Digital Producer Private Limited	ಡಿಜಿಟಲ್ ಪ್ರೊಡ್ಯೂಸರ್ ಪ್ರೈವೇಟ್ ಲಿಮಿಟೆಡ್	No 179, Sudhabdhi, 5Th Cross, 2Nd Main Road, Rk Township, Yarandahalli, Anekal, Bangalore, Karnataka	#D/179, Anekal, Bangalore, KA	India	India
S1-784492930	S3-959780414	severe_lexical_mutation	Animal Welfare Foundation V	Animal	1782 Basil Avenue, Youngstown, OH	1782 Basil Avenue, OH, Youngstown	US	US
S1-211916962	S2-894501149	cross_script	Shyam Systems Pvt Ltd	श्याम सिस्टम्स प्रा. लि.	Pune, Nigdi, Pune City, 81 Transport Nagar, Maharashtra	H.NO 81 TRANSPORT NAGR, NIGDI, PUNE CITY, PUNE, Maharashtra	India	India
S1-411213259	S3-637952980	cross_script	Ram Consultants Limited	राम कंसल्टेंट्स लिमिटेड	Side Kh No.1230 Kishan Garh Vasant Kunj, Delhi, New Delhi, South Delhi	Side Kh No.1230- Kishan Garh Vasant Kunj, New Delhi, South West Delhi, DL	India	India
S1-919660109	S3-738799019	severe_lexical_mutation	Nagora Infotech Pvt Ltd	Quovio	H. No. Wz-764 F/F, New Delhi, Delhi, West Delhi, Tihar Village	H. No. Wz-764 F/F, Tihar Village, New Delhi, West Delhi, Delhi	India	India
S1-917901990	S3-993593386	severe_lexical_mutation	India & Brothers Private Limited	Haloflux	Flat No. 709, Subishi Fortuna Towers, Mokila Village Shankarpally Mandal, Rangareddy, K.V.Rangareddy, Telangana	Flat No. 709, Subishi Fortuna Towers, Mokila Village Shankarpally Mandal, Rangareddy, K.V.Rangareddy, Telangana	India	India
S1-974071929	S2-344139729	cross_script	Ram Infra	ராம் இன்ஃப்ரா	Old No.19, New No.12, 10Th Cross Road, Indira Nagar, Adyar, Chennai, Tamil Nadu	OLD NO.19, NEW NO.12, 10TH CROSS ROAD, INDIRA NAGAR, ADYAR, CHENNAI, Tamil Nadu	India	India
S1-559641632	S3-882523076	cross_script	Black Technologies Private Limited	பிளாக் டெக்னாலஜீஸ் பிரைவேட் லிமிடெட்	24(1), Bungalow Street, Main Road, Odakkadu, Tiruppur, Coimbatore, Tamil Nadu	தமிழ்நாடு, Coimbatore, Bungalow Street, Main Road, Odakkadu, Coimbatore, 24(1)	India	India
S1-412583452	S2-460321548	severe_lexical_mutation	Perfect Impex Private Limited	ਪਰਫੈਕਟ ਇੰਪੈਕਸ ਪ੍ਰਾਈਵੇਟ ਲਿਮਟਿਡ	A-27, 182/29B New Kartar Nagar, Street No 7, Dhuri Lin, E, Ludhiana, Punjab	NO. 221 A-27, LUDHIANA, Punjab	India	India
S1-302281281	S3-345561815	abbreviation_acronym	S 9 D Homecare	S 9	4237 Doctor Martin Luther King Jr Drive, Chicago, IL	4237 1/2 Doctor Martin Luther King Jr Dr, Chicago, Illinois	US	US
S1-552177080	S3-439787138	severe_lexical_mutation	St. Fellowship	stfellowship.com	2118 10th Avenue, Seattle, WA	10st Ave, Seattle, Washington	US	US
S1-533935044	S2-55313722	severe_lexical_mutation	Silver Barbershop	Silver Barberfiop	9710 Dutch Hill Road, Ashford, NY	9710 DUTCH HILL RD, WEST VALLEY, NY	US	US
S1-991976847	S3-690703602	severe_lexical_mutation	Perfect Media Private Limited	Perfect Média	H.No-B/71, Ground Floor, Kh.No-12/3 Aman Puri, Nangloi, New Delhi, West Delhi, Delhi	No. C-604 H.no-b/71, Amanpuri, दिल्ली	India	India
S1-450848064	S3-812540729	severe_lexical_mutation	Ear Nose & Throat Group	Ear & Throat Group Center	117 Fernwood Drive, Naperville, IL	117 Fernwood Drive, Napperville, Illinois	US	US
S1-669182455	S2-946286318	severe_lexical_mutation	Hari Business Private Limited	HARI BÚSINESS PRIVATE LIMITED	Goriya Toli, Station Road, Po-G.P.O, P S-Kotwali, Patna, Bihar	GORIYA TOLI, STATION ROAD, PO-G.P.O, P S-KOTWALI, PATNA, Bihar	India	India
S1-106353169	S3-865693413	severe_lexical_mutation	New Delhi Animal Pvt. Ltd.	newdelhianimal.com	910/9 Floor, Vishwadeep Tower, District Centre Janakpuri, New Delhi, West Delhi, Delhi	910/9. Floor, Vishwadeep Tower, District Centre Janakpuri, West Delhi, दिल्ली	India	India
S1-815350574	S2-641713044	cross_script	International Foods Limited	इंटरनेशनल फूड्स लिमिटेड	Shop No 02 Plot No 1 And 2, Sect-11 Ges, Thane, Maharashtra	THANE, Maharashtra, SHOP NO 02 PLOT NO 1 AND 2	India	India
S1-397625112	S3-62648285	cross_script	Gold Digital Products Limited	गोल्ड डिजिटल प्रोडक्ट्स लिमिटेड	Delhi, Model Town, D-5	Delhi, Model Town, D-5, DL	India	India
S1-568018021	S2-415385704	severe_lexical_mutation	Biotherapeutics Inc	Biigtheraeputics Inc	496 Catskill Avenue, Lindenhurst, NY	496 CATSKILL AVE, LINDENHURSTCITY, NY	US	US
S1-775623852	S2-567649341	severe_lexical_mutation	Tech Investment Private Limited	టెక్ ఇన్వెస్ట్‌మెంట్ ప్రైవేట్ లిమిటెడ్	8-3-949/1/1, Flat No.G1, Sri Sai Ram Estates Back Side Of Chermas, Kamma Sangam Lane, A, Meerpet, Hyderabad, Telangana	8-3-949/1/1/5, HYDERABAD, Andhra Pradesh	India	India
S1-554420618	S3-491185864	cross_script	United Global	यूनाइटेड ग्लोबल	Flat No 63/64 E Wingshravsti Apartment Nr Sabkuch Super Mkt Malad (W), Mumbai, Maharashtra	63/64. E Wingshravsti Apartment Nr Sabkuch Super Mkt Malad (W), Mumbai, Bombay, MH	India	India
S1-779437910	S3-180425365	abbreviation_acronym	Baba Sree Enterprises Private Limited	Baba	Mumbai, 501, Ramkutir, M. G. Road, Ghatkopar West, Maharashtra	501, Ramkutir, M. G. Road, Ghatkopar West, Mumbai, Maharashtra	India	India
S1-923618272	S2-584694808	numeric_mismatch	Ear Nose & Throat Partners LLC	earnosethroat.com	907 Jones Drive, Sheridan, AR	741-743 JONES DR, SHERIDAN CDP, AR	US	US
S1-928397790	S3-676029260	severe_lexical_mutation	Hari Finance Limited	Hari Fínance Limited	No.3/17, Nehru Colony, 2Nd Street Darasuram Post, Kumbakonam, Thanjavur, Tamil Nadu	No.##3/17, Nehru Colony, 2Nd Street Darasuram Post, Kumbakonam, Thanjavur, TN	India	India
S1-244925942	S3-141519941	cross_script	Ram Vision Construction Private Limited	राम विजन कंस्ट्रक्शन प्राइवेट लिमिटेड	H No-133 Old Housing, Board Colony, Rohtak, Haryana	H No-##133 Old Housing, Rohtak, हरियाणा	India	India
S1-545007722	S2-762244729	severe_lexical_mutation	Ss Infrastructure Pvt Ltd	એસએસ ઇન્ફ્રાસ્ટ્રક્ચર પ્રા. લિ.	Ls 299, Beside Starz Club, Chekla Vilage, Sanand, Ahmedabad, Gujarat	LS 299, BESIDE STARZ CLUB, CHEKLA VILAGE, SANAND, AHMEDABAD, ગુજરાત	India	India
S1-571952945	S2-84329341	cross_script	Best Trading Private Limited	बेस्ट ट्रेडिंग प्राइवेट लिमिटेड	203, 2Nd Flr Tower 2, Rustomjee Ozone, Goregoan Mulund Link Rd, Goregoan West, Mumbai, Mumbai City, Maharashtra	H.NO 462 203, MUMBAI, MUMBAI CITY, Maharashtra	India	India
S1-472043869	S3-739486098	severe_lexical_mutation	Meraz Maintenance LLC	Gildflux	540 Standing Stone Highway, Hilham, TN	540 Standing Stone Highway, Hilham, Tennessee	US	US
S1-57528984	S2-62609111	severe_lexical_mutation	City Global Private Limited	ಸಿಟಿ ಗ್ಲೋಬಲ್ Private Limited	Batha Offc, 101, Commerce, House, 9/1, Cunnigham Rd, Bangalore North, Bangalore, Karnataka	BATHA OFFC, 101, COMMERCE, HOUSE, 9/1, CUNNIGHAM RD, BANGALORE NORTH, BANGALORE, ಕರ್ನಾಟಕ	India	India
S1-989338488	S3-502894195	severe_lexical_mutation	Painters Union Local No 756	Pyralyra	7630 Satsuma Street, Houston, TX	7630 Satsuma St, Houston, Texas	US	US
S1-629074170	S2-484001134	severe_lexical_mutation	Creative Consulting Private Limited	క్రియేటివ్ కన్సల్టింగ్ ప్రైవేట్ లిమిటెడ్	52-1/16-4/1, Municipalward, No.33/4, Veterinary Colony, Vijayawada (Urban), Krishna, Andhra Pradesh	52-1/16-4/1, MUNICIPALWARD, NO.33/4, VETERINARY COLONY, VIJAYAWADA (URBAN), KRISHNA, Andhra Pradesh	India	India
S1-698934917	S2-888214994	severe_lexical_mutation	Super Logistics Private Limited	സൂപ്പർ ലോജിസ്റ്റിക്സ് പ്രൈവറ്റ് ലിമിറ്റഡ്	Room No. V/632, Opp. Malabar Traders, Nannammukku P O, Malappuram, Malapuram, Kerala	ROCM NO. V/632, MALAPPURAM, MALAPURAM, Kerala	India	India
S1-517322263	S2-706277568	cross_script	Shivam Foods LLP	शिवम फूड्स एलएलपी	117B, First Floor Somdutt Ch-1, Bhikaji Cama Place, Delhi, South Delhi, Delhi	117B, FIRST FLOOR SOMDUTT CH-1, BHIKAJI CAMA PLACE, DELHI, SOUTH DELHI, Delhi	India	India
S1-439084410	S3-609207783	severe_lexical_mutation	Dental Care LLC	Dental Cáre LLC	125 9th Street, Grafton, ND	125 1/2 Ninth Street, Grafton, North Dakota	US	US
S1-581830098	S3-142398326	cross_script	White Trading Limited	व्हाइट ट्रेडिंग लिमिटेड	Shop No. 144, Narayan, Dhuri Chawl, S.V Road, Mumbai, Maharashtra	Narayan, Dhuri Chawl, S.v Road, Shop No. 44, Mumbai, MH	India	India
S1-615327859	S3-52354957	severe_lexical_mutation	Ear Nose & Throat Health	Ear Nose-and	4856 12th Street, Cleveland, OH	4856 Twelfth St, NULL, Cleveland, Ohio	US	US
S1-10590096	S3-24149136	severe_lexical_mutation	Jai Impex Private Limited	Jai Impex Pmiavte Limited	314/638 Civil Lines Pathar Kata Chauraha, Fatehpur, Uttar Pradesh	H.no 314/638 Civil Lines Pathar Kata Chauraha, Fatehpur, Asothar, UP	India	India
S1-237364212	S2-553363335	cross_script	Swastik Finance Private Limited	स्वस्तिक फाइनेंस प्राइवेट लिमिटेड	Gurgaon, M3M Urbana, Business Park, Sector 67, Haryana, R4/118, Badshahpur	BLOCK A-173 R4/118, M3M URBANA, BUSINESS PARK, SECTOR 67, GURGAON, BADSHAHPUR, हरियाणा	India	India
S1-607575897	S2-915776076	cross_script	Raj Jay Management Private Limited	राज जय मैनेजमेंट प्राइवेट लिमिटेड	D-277 Vashi Plazasector-17 Vashi, Navi Mumbai, Mumbai City, Maharashtra	D-277 VASHI PLAZASECTOR-17 VASHI, NAVI MUMBAI, MUMBAI CITY, महाराष्ट्र	India	India
S1-997595480	S2-182936053	severe_lexical_mutation	Fresh Pilates!	Fresh Pílates!	4276 23, Leland, IL	4276 23, LELAND, IL	US	US
S1-819325787	S3-596461731	severe_lexical_mutation	Red Investment Private Limited	રેડ ઇન્વેસ્ટમેન્ટ પ્રાઇવેટ લિમિટેડ	C/O Rinaben Yashvantbhai Inani, Gayatri Industrial, Estate Chandial Daskroi, Daskroi, Ahmedabad, Gujarat	C/o Rinaben Yashvantbhai Inani, Gayatri Industrial, Estate Chandial Daskroi, Ahmedabad, Daskroi, GJ	India	India
S1-723604628	S2-466147530	cross_script	New Foods Pvt Ltd	न्यू फूड्स प्रा. लि.	Ja-1020 Dlf, Tower A Jasola District Centre, New Delhi, South Delhi, Delhi	JA-1020 DLF, NEW DELHI, SOUTH DELHI, Delhi	India	India
S1-194283625	S2-127786337	cross_script	Apex Foods Limited	एपेक्स फूड्स लिमिटेड	46 A, S/F, Khureji Khas Shastri Park, New Delhi, East Delhi, Delhi	46 A, S/F, KHUREJI KHAS SHASTRI PARK, GHAZIABAD, EAST DELHI, दिल्ली	India	India
S1-96883845	S3-346006016	severe_lexical_mutation	Khera & Co	k.com	Patel Nagar, Mankapur, Uttar Pradesh, C/O Shashi Bala Singh, Mankapur, Gonda	Block D-717 C/o Shashi Bala Singh, Gonda, Mankapur, UP	India	India
S1-750130094	S3-209054138	severe_lexical_mutation	Cu's Dental	cusdental.com	2591 Knapp Street, Brooklyn, NY	Brooklyn, New York, Knapp St	US	US
S1-839700852	S2-187459384	cross_script	Eastern Digital Builders Private Limited	ईस्टर्न डिजिटल बिल्डर्स प्राइवेट लिमिटेड	C-1441, Tigri Near Mother Dairy, New Delhi, South Delhi, Delhi	C-144, TIGRI NEAR MOTHER DAIRY, NEW DELHI, SOUTH DELHI, दिल्ली	India	India
S1-93331650	S3-51274703	severe_lexical_mutation	Foot & Ankle Delta Center	Foot &-Delta Center Service	Bentonville, 604 Duke Avenue, AR	604 Duke Ave, Betnonville, Arkansas	US	US
S1-368009067	S2-894502454	cross_script	Vision Enterprises	விஷன் எண்டர்பிரைசஸ்	11 B / 5 2Nd Floor Pillaiyar Kovil North Street Gopalasamudram Cheranmahadevi Taluk Tir, Unelveli, Tirunelveli, Tamil Nadu	11 B / 5 2ND FLOOR PILLAIYAR KOVIL NORTH STREET GOPALASAMUDRAM CHERANMAHADEVI TALUK TIR, UNELVELI, TIRUNELVELI, தமிழ்நாடு	India	India
S1-725696322	S3-743983593	severe_lexical_mutation	Golden Developers Private Limited	Shri Golden Dbvelpesr Private Limited	165, Lakeview Road, Westmambalam, Madras-33., Mambalam, Madras-33., Chennai, Tamil Nadu	D/149 165, Lakeview Road, Westmambalam, Madras-33., Mambalam, Madras-33., Chennai, TN	India	India
S1-41199900	S3-40706118	severe_lexical_mutation	RM Preferred Abony	RM Preerrda Ab0ny	29 Georgetown Lane, Brooklyn, NY	29 Georgetown Ln, Brooklyn, New York	US	US
S1-95901522	S3-219169478	severe_lexical_mutation	West Institute of Technology Inc	westinstitutetechnology.com	3841 Woodland Avenue, Western Springs, IL	3841 Woodland Ave, Western Sprnigs, Illinois	US	US
S1-191918588	S3-963125738	severe_lexical_mutation	Heartland Crypto Inc	Heartland Caycrpo Inc	6017 Vicente Gomez Lane, City Of El Paso, TX	Vicente Gomez Ln, E PASO, Texas	US	US
S1-899505374	S2-622465535	numeric_mismatch	Duncan, Larsen & Mercer Inc	Ciraecto	503 Florence Avenue, Fl 0, Saint Louis, MO	505 FLORENCE AVENUE, ST.LOUIS, MO	US	US
S1-705219892	S2-686467153	severe_lexical_mutation	Life Software Private Limited	లైఫ్ సాఫ్ట్‌వేర్ ప్రైవేట్ లిమిటెడ్	Hyderabad, Mayuri Marg Begumpet, Mayuri Apartments, Telangana, A1/12	A1/12, HYDERABAD, MAYURI MARG BEGUMPET, Telangana	India	India
S1-501471072	S2-287492375	cross_script	Perfect Builders Pvt Ltd	परफेक्ट बिल्डर्स प्रा. लि.	Uttar Pradesh, F-21 Sector-22, Gautam Buddha Nagar, Noida	F-21 SECTOR-22, SSI NOIDA, GAUTAM BUDDHA NAGAR, Uttar Pradesh	India	India
S1-696124896	S3-714297261	cross_script	Golden Lotus Logistics Limited	गोल्डन लोटस लॉजिस्टिक्स लिमिटेड	944/3 Nai Walafaiz Road Kroa Bagh, New Delhi, Central Delhi, Delhi	Door No 944/3 Nai Walafaiz Road Kroa Bagh, Central Delhi, New Delhi, दिल्ली	India	India
S1-471051591	S2-465398696	severe_lexical_mutation	Guru Agro Pvt Ltd	guruagro.com | www.guruagroc.com	F S/005, Shop No. 20, Plot No. 02 Sector No. 06, Vashi, Navi Mumbai, Thane, Maharashtra	F S/005, SHOP NO. 20, PLOT NO. 02 SECTOR NO. 06, VASHI, NAVI MUMBAI, Maharashtra	India	India
S1-350007941	S3-730482156	severe_lexical_mutation	Lower Veterinary Clinic	Vclower.Com	269 Ridgewood Drive, Tazewell County, VA	Tazewell County, Virginia, 269 Ridgewood Dr	US	US
S1-617542443	S3-595374111	cross_script	Super Developers Private Limited	सुपर डेवलपर्स प्राइवेट लिमिटेड	24-A, Clyde Road Hazratganj, Lucknow, Uttar Pradesh	A-24-a, Lucknow, UP	India	India
S1-962422504	S3-690689608	abbreviation_acronym	Asher Fashion LLP	AF	Shop No. 15, D Wing, Kesar Residency, Plot No. Chk Mhada Layout, Sector No.3, Charkop, Kandi, Vali West, Mumbai, Mumbai City, Maharashtra	Shop No. 15, D Wing, Kesar Residency, Plot No. Chk Mhada Layout, Sector No.3, Charkop, Kandi, Vali West, Mumbai, Mumbai City, Maharashtra	India	India
S1-346328330	S3-360750571	severe_lexical_mutation	Pediatric Dentistry Grand Care Associates	pediatricdentistrygrand.com	6981 Haney Drive, Sulphur, OK	6981 Haney Drive, Sulphur, Oklahoma	US	US
S1-939673128	S2-659291935	severe_lexical_mutation	Innovative Cosmetics	Gi1devo	1530 Bond Street, Baltimore, MD	1530-A BOND ST, BALIMORE, MD	US	US
S1-633575321	S2-78821083	severe_lexical_mutation	Resonance Ip (India) Limited	resonanceipindia.com - 3515212109	Haryana, Gurgaon, A 102, Gurgaon, Ambience Island Nh 8, Near Shankar Chowk	A A-102, AMBIENCE ISLAND NH 8, NEAR SHANKAR CHOWK, GURGAON, हरियाणा	India	India
S1-755601675	S2-621266927	severe_lexical_mutation	Smart Foods Private Limited	સ્માર્ટ ફૂડ્સ પ્રાઇવેટ લિમિટેડ	At: Kuvadiya, Ta: Kambhiliya Village - Kuvadiya, Taluka -Khambhalia, Jamnagar, Gujarat	AT: KUVADIYA, TA: KAMBHILIYA VILLAGE - KUVADIYA, TALUKA -KHAMBHALIA, JAMNAGAR, Gujarat	India	India
S1-220247411	S3-439470431	severe_lexical_mutation	Glorious Brothers Private Limited	Zephariave0	310, A. Shridhar Athens, Nr Zansi Rani Statue, Ahmadabad City, Ahmedabad, Gujarat	310, Ahmedabad, Ahmadabad City, GJ	India	India
S1-545435657	S2-524156733	cross_script	Jay Engineering Private Limited	ஜெய் இன்ஜினியரிங் பிரைவேட் லிமிடெட்	No. 7, D Silva Road, Mylapore, Chennai, Chennai, Tamil Nadu	DGOR NO 7, D SILVA ROAD, MYLAPORE, CHENNAI, CHENNAI, Tamil Nadu	India	India
S1-595488395	S3-906900586	severe_lexical_mutation	Black Infotech Pvt Ltd	బ్లాక్ ఇన్ఫోటెక్ ప్రైవేట్ లిమిటెడ్	10-58, Vinayaka Nagar Bala Nagar, Hyderabad, Telangana	తెలంగాణ, 10-58, Hyderabad, Vinayaka Nagar Bala Nagar	India	India
S1-775814651	S2-522711844	severe_lexical_mutation	Hari Consultants Private Limited	হরি কনসালট্যান্টস প্রাইভেট লিমিটেড	P.O. Panagarh Bazar, Panagarh Bazar, Bardhaman, West Bengal	BARDHAMAN, PANAGARH BAZAR, West Bengal, P.O. PANAGARH BAZAR	India	India
S1-256099689	S2-661950686	numeric_mismatch	Internal Medicine Clean Care Associates LLC	The Internal Medicine Clean Care Associates LLC - 3563148304	205 Elijah Avenue, Donna, TX	TX, 00205 ELIJAH AVE, DONNA	US	US
S1-553471989	S3-711993913	severe_lexical_mutation	Jay Southern Consulting Private Limited	જય સધર્ન કન્સલ્ટિંગ પ્રાઇવેટ લિમિટેડ	Block No. 139, Vrundavan Society Opp. Vrundavan Garden, Kalawad Road, Rajkot, Gujarat	Block No. 139, Rajkot, GJ	India	India
S1-819325787	S2-952019089	severe_lexical_mutation	Red Investment Private Limited	redinvestment.com	C/O Rinaben Yashvantbhai Inani, Gayatri Industrial, Estate Chandial Daskroi, Daskroi, Ahmedabad, Gujarat	HN 622 C/O RINABEN YASHVANTBHAI INANI, GAYATRI INDUSTRIAL, ESTATE CHANDIAL DASKROI, DASKROI, Gujarat	India	India
S1-142459829	S3-251302734	severe_lexical_mutation	Infrastructure United Investments Limited	#infrastructureunited	Gov Soc, Opp Commerce College, Bhavnagar, C/O Hansikaben Jayantbhai Shah Plot No 10, Bhavnagar, Gujarat	C/o Hansikaben Jayantbhai Shah Plot No 10, Bhavnagar, GJ	India	India
S1-252483164	S2-428812080	cross_script	Eastern Foundation Private Limited	ईस्टर्न फाउंडेशन प्राइवेट लिमिटेड	K25, Upper Ground Floor Sikari Bhatta, Sham Nagar, Tilaknagar, New Delhi, West Delhi, Delhi	K25, UPPER GROUND FLOOR SIKARI BHATTA, SHAM NAGAR, TILAKNAGAR, NEW DELHI, WEST DELHI, दिल्ली	India	India
S1-413939359	S2-787861549	severe_lexical_mutation	Vision Properties	Vision Service	K-37, Second Floor Green Park, Delhi, New Delhi, Delhi	K-##37, SECND FLOOR GREEN PARK, DELHI, दिल्ली	India	India
S1-814977770	S3-930577945	severe_lexical_mutation	Physical Therapy Partners Corp	Physical Partners Corp Center	3030 Rockingham Rd, Davenport, IA	3030 Rockingham Rd, Davenport, Iowa	US	US
S1-530488596	S3-722243963	cross_script	Star Logistics Private Limited	स्टार लॉजिस्टिक्स प्राइवेट लिमिटेड	B-129 Oshiwara Industrialcentre Opp Shiwara Bus Depot New Link Road Goregaon (W), Mumbai, Maharashtra	B-00129 Oshiwara Industrialcentre Opp Shiwara Bus Depot New Link Road Goregaon (W), Mumbai, MH	India	India
S1-566722568	S2-28727996	cross_script	City Technologies Private Limited	सिटी टेक्नोलॉजीज प्राइवेट लिमिटेड	Meridien Apartments Chs Ltd, Veera Desai Road, Andheri (W), Mumbai City, 501/4, Mumbai, Maharashtra	MUMBAI CITY, B3/501/4, BOMBAY, Maharashtra	India	India
S1-590954081	S3-775934303	severe_lexical_mutation	Ear Nose & Throat Clinic	Ear Nóse & Throat	1817 Rio Grande Way, Bullhead City, AZ	Rio Grande Way, Bullhead City, Arizona	US	US
S1-249264873	S2-489439928	cross_script	Krishna Energy Private Limited	कृष्ण एनर्जी प्राइवेट लिमिटेड	Flat No 201 Buildingno 6 Lsc Rishab Vihar, East Delhi, Delhi	NO 201/3 BUILDINGNO 6 LSC RISHAB VIHAR, DELHI, EAST DELHI, दिल्ली	India	India
S1-655573873	S2-430829215	severe_lexical_mutation	Main Road Delhi Gate Enterprises Limited	#MAINROAD	8, Kasturba Marg, Main Road Delhi Gate, Udaipur, Rajasthan	8, KASTURBA MARG, MAIN ROAD DELHI GATE, Rajasthan	India	India
S1-752197821	S3-212540185	severe_lexical_mutation	Pediatric Dentistry Care Associates Inc	Pediatric Dentistry [Care]	1703 Russell Street, Covington, KY	1703 Russell St, N/A, Covington, Kentucky	US	US
S1-262864509	S3-868142454	severe_lexical_mutation	Cube Research Private Limited	Vantagekordelta	116 Shanti Niketan Colony, Behind Bombay Hospital, Indore, Madhya Pradesh	Indore, MP, 116 Shanti Niketan Colony, Behind Bombay Hospital, Indore	India	India
S1-416776141	S3-166772329	severe_lexical_mutation	Interstate Industries LLC	Interstate Indusnrias LLC (ID: 85077)	2685 Steamship Drive, Bullhead City, AZ	2685-2687 Steamship Drive, Bullhead City, Arizona	US	US
S1-252657205	S2-360507492	cross_script	Sun Properties Private Limited	सन प्रॉपर्टीज प्राइवेट लिमिटेड	Plot No G-49 Midc, Lote Parshuram, Khed, Ratnagiri, Maharashtra	PLOT NO G-C-49 MIDC, LOTE PARSHURAM, RATNAGIRI, KHED, Maharashtra	India	India
S1-574632117	S2-861730367	severe_lexical_mutation	Little Seafood	Little  Seeado	1107 Commonwealth Place, Virginia Beach City, VA	1107 COMMONWEALTH PL, VIRGINIA BEACH, VA	US	US
S1-140311602	S3-2569598	severe_lexical_mutation	Lakshmi Foods Private Limited	Mr lakshmifoods.com	Bldg B5, Elite Empire, S No 7 5, Balewadi, Pune, Maharashtra	Bldg B5/2, Elite Empire, S No 7 5, Balewadi, Pune, MH	India	India
S1-899563687	S2-625782177	cross_script	Good Investment Pvt Ltd	गुड इन्वेस्टमेंट प्रा. लि.	Jaipur, 4-A, Rajasthan, Near Rathi Petrol Pump, Ajmer Road	4-A, NEAR RATHI PETROL PUMP, AJMER ROAD, JAIPUR, राजस्थान	India	India
S1-499497746	S2-874050798	cross_script	Innovative Products Private Limited	इनोवेटिव प्रोडक्ट्स प्राइवेट लिमिटेड	Anand Vihar Colony, Amravati Amravati, Amaravati, Amravati, Maharashtra	ANAND VIHAR COLONY, AMRAVATI AMRAVATI, AMARAVATI, AMRAVATI, Maharashtra	India	India
S1-283173396	S3-755167176	severe_lexical_mutation	Galaxy Energy LLP	ଗାଲାକ୍ସି ଏନର୍ଜି ଏଲ୍‌ଏଲ୍‌ପି	C/O Mahadev Sahu At Nileswar Po Sohela Ps Paikmal, Bargarh, Orissa	C/o Mahadev Sahu At Nileswar Po Sohela Ps Paikmal, Bargarh, Orissa	India	India
S1-179509323	S3-970968071	severe_lexical_mutation	Upper Better Materials LLC	Upper Bétter Meaeacls LLC	NC, Charlotte, 1701 Chasewood Drive, Unit 15	Chasewood Dr, Unit 15, Charlotte, North Carolina	US	US
S1-586458869	S3-81748328	severe_lexical_mutation	Silver Engineering Private Limited	Private Silver Enghierrng Limited	Door No F 21First Floormuncipal Stadium Complex Pala Post, Kottayam, Kerala	Door No F 21First Floormuncipal Stadium Complex Pala Post, Kottayam, KL	India	India
S1-570483833	S2-412693326	severe_lexical_mutation	Sun Consultancy Private Limited	ಸನ್ ಕನ್ಸಲ್ಟೆನ್ಸಿ ಪ್ರೈವೇಟ್ ಲಿಮಿಟೆಡ್	1689, Aecs A Block, Hal Bda Layout, Singasandra, Bangalore, Karnataka	1689, AECS A BLOCK, HAL BDA LAYOUT, SINGASANDRA, BANGALORE, Karnataka	India	India
S1-742392521	S3-914208717	severe_lexical_mutation	Orthopedic Partners	Orthopedic Services	9212 Mintcreek Court, Dayton, OH	Mintcreek Ct, Dayton, Ohio	US	US
S1-11258671	S2-573473746	severe_lexical_mutation	Community Initiative	COMMUNITY INITAITIEV	16 Peterson Road, North Andover, MA	16 PETERSON ROAD, NORTH ANDOVER, MA	US	US
S1-658530105	S2-370610525	severe_lexical_mutation	Chiropractic Medicine	Chir0practic Medicine	15 Farm Meadow Road, Newtown, CT	CT, FARM MEADOW ROAD, NEWTOWN	US	US
S1-4566406	S3-708456522	severe_lexical_mutation	Hyderabad Concept Private Limited	Ciratavokorio	Plot Nos.48&49, Flat No. 203, Road No. 1 Gayatri Durga Residency, Kt Reddy Colony, Hyderabad, Telangana	Plot Nos.48&49, Flat No. 203, Road No. 1 Gayatri Durga Residency, Kt Reddy Colony, Hyderabad, Telangana	India	India
S1-775623852	S2-671453262	severe_lexical_mutation	Tech Investment Private Limited	టెక్ ఇన్వెస్ట్‌మెంట్ ప్రైవేట్ లిమిటెడ్	8-3-949/1/1, Flat No.G1, Sri Sai Ram Estates Back Side Of Chermas, Kamma Sangam Lane, A, Meerpet, Hyderabad, Telangana	8-3-949/1/1/5, FLAT NO.G1, SRI SAI RAM ESTATES BACK SIDE OF CHERMAS, KAMMA SANGAM LANE, A, MEERPET, HYDERABAD, Andhra Pradesh	India	India
S1-709678146	S2-609838721	cross_script	Anand Consultancy Private Limited	आनंद कंसल्टेंसी प्राइवेट लिमिटेड	2Nd Floor Ashoka Halls V Road Vile Parle West Mumbai, Maharastra, Thane, Maharashtra	2ND/1 FLOOR ASHOKA HALLS V ROAD VILE PARLE WEST MUMBAI, MAHARASTRA, THANE, Maharashtra	India	India
S1-876142548	S2-754321293	severe_lexical_mutation	The Dent Cleaning Service P.C.	dentcleaning.com	NY, Staten Island, 69 Pond Street	#69 POND STREET, <NULL>, STATEN ISLAND, NY	US	US
S1-671721392	S3-219028756	cross_script	Shyam It Private Limited	ஷ்யாம் ஐடி பிரைவேட் லிமிடெட்	No.53F, First Floor-Front Portion, 2Nd Street, Sripuram Colony, St.Thomas Mount, Saidapet, Kanchipuram, Tamil Nadu	No.b3/53f, First Floor-front Portion, 2Nd Street, Sripuram Colony, St.thomas Mount, Saidapet, Kanchipuram, TN	India	India
S1-159697563	S3-707307313	severe_lexical_mutation	Shiv Best Global	শিব বেস্ট গ্লোবাল	215 Old China Bazar Street4Th Floor Room No-401, Kolkata, Calcutta, West Bengal	Purbi Singhbhum, WB, H.no 2-215 Old China Bazar Street4th Floor Room No-401, Calcutta	India	India
S1-816413952	S3-258408633	cross_script	All Builders Private Limited	All பில்டர்ஸ் Private Limited	No.254, T C Street, Tondiarpet Fort St George, Chennai, Tamil Nadu	No.254, T C Street, Tondiarpet Fort St George, Chennai, தமிழ்நாடு	India	India
S1-794578932	S2-166001917	severe_lexical_mutation	Laxmi Jay Constructions Private Limited	ଲକ୍ଷ୍ମୀ ଜୟ କନଷ୍ଟ୍ରକସନ୍ସ୍ ପ୍ରାଇଭେଟ୍ ଲିମିଟେଡ୍	Plot No-1367 Mouza-Jaypur, Orissa, Bhubaneswar, Khordha, Near Santha Tulasi	KHORDHA, BHUBANESWAR, PLOT NO-C-1367 MOUZA-JAYPUR, Orissa	India	India
S1-202535110	S2-711616506	cross_script	Raj Food Limited	राज फूड लिमिटेड	E-301, Gouri Sadan 5, Haily Road, New Delhi, Delhi	DOOR NO 410 E-301, GOURI SADAN 5, HAILY ROAD, NEW DELHI, दिल्ली	India	India
S1-816413952	S2-208104702	cross_script	All Builders Private Limited	ஆல் பில்டர்ஸ் பிரைவேட் லிமிடெட்	No.254, T C Street, Tondiarpet Fort St George, Chennai, Tamil Nadu	NO.A-254, T C STREET, TONDIARPET FORT ST GEORGE, CHENNAI, தமிழ்நாடு	India	India
S1-759907302	S2-806640957	cross_script	Royal Software Private Limited	रॉयल सॉफ्टवेयर प्राइवेट लिमिटेड	9/672, Ground Floor, Kishan Dutt Gali Gandhi Nagar, Delhi, Delhi, East Delhi, Delhi	9/672, DELHI, EAST DELHI, Delhi	India	India
S1-469183959	S3-757617555	severe_lexical_mutation	East Projects Private Limited	ইস্ট প্রজেক্টস প্রাইভেট লিমিটেড	Plot No.C4, Siliguri, Fulbari Industrial Estate, Chhoba Vita Behind Fulbarie Dps, Canal Road, P.O Fulba, Rie Hat, West Bengal, Jalpaiguri	Polt No.c4, Siliguri, Jalpaiguri, পশ্চিমবঙ্গ	India	India
S1-338068352	S2-226075318	severe_lexical_mutation	Vision Investments Pvt Ltd	విజన్ ఇన్వెస్ట్‌మెంట్స్ ప్రైవేట్ లిమిటెడ్	H. No. 19-1, Sanjiva Gandhi Nagar Nekkonda Road, Narsampet, Warangal Urban, Telangana	H. NO. 1-9-1, NARSAMPET, WARANGAL URBAN, Telangana	India	India
S1-424205429	S3-293555548	abbreviation_acronym	Classic Food Private Limited	CF	C/O Sanjaykumar Sheshappa Anigol, H. No. W. No. 10/559/1, Asc College, Ichalkaranji, Sangli, Maharashtra	C/O Sanjaykumar Sheshappa Anigol, H. No. W. No. 10/559/1, Asc College, Sangli, Ichalkaranji, Maharashtra	India	India
S1-246502628	S3-177192921	cross_script	Southern Super Agro Pvt Ltd	सदर्न सुपर एग्रो प्रा. लि.	84-A Ghanta Ghar, Krishna Bihari Lal Jewlels, Gorakhpur, Uttar Pradesh	#84-A Ghanta Ghar, Krishna Bihari Lal Jewlels, Gorakhpur, UP	India	India
S1-535372299	S2-412932584	cross_script	Sky Infrastructure Private Limited	ஸ்கை இன்ஃப்ராஸ்ட்ரக்சர் பிரைவேட் லிமிடெட்	Tanjore Main Road, Tiruchirappalli, 35, Tamil Nadu, Tiruchirappalli	A-35, TANJORE MAIN ROAD, TIRUCHIRAPPALLI, Tamil Nadu	India	India
S1-5285222	S3-869355691	severe_lexical_mutation	Star Food Pvt Ltd	Brixkor	69, Ward No. 5, Deoli, Deoli, Wardha, Maharashtra	69, Ward No. 5, Deoli, Deoli, Wardha, Maharashtra	India	India
S1-872323332	S2-220273641	severe_lexical_mutation	Better Better Iris	Zephnovi	KY, 502 Mooreland Avenue, Harrodsburg	502 MOORELAND AVE, HARRODSBURG, KY	US	US
S1-521944928	S3-732846883	severe_lexical_mutation	Sunrise Exports Pvt Ltd	সানরাইজ এক্সপোর্টস প্রাইভেট লিমিটেড	Buddhadeb Mukherjee C/O Lakshmi Kanta Ghosh Raghunathpur (Beside The Water Tank ) Jh, Argram, Paschim Midnapore, Midnapore, West Bengal	Buddhadeb Mukherjee C/o Lakshmi Kana Ghosh Raghunathpur (Beside The Water Tank ) Jh, Argram, Paschim Midnapore, Midnapore, WB	India	India
S1-271903957	S3-73567612	cross_script	One Infotech Private Limited	वन इंफोटेक प्राइवेट लिमिटेड	C-1002, Rohan Tapovan, Gokhale Nagar, Pune, Maharashtra	महाराष्ट्र, Pune, Rohan Tapovan, Gokhale Nagar, C-1002, Pune	India	India
S1-748181340	S3-220421953	severe_lexical_mutation	Human Rights Association	Ariasyn (ID: 86900)	108 Schultz Circle, Huntsville, AL	108 Schultz Circle, Hunsville, Alabama	US	US
S1-14823286	S3-35619951	severe_lexical_mutation	Green Bharat Constructions Private Limited	Green Bdlnat Constructions Private Limited	401, 4Th Floor, Plot 63, Kadri Manzil, Dontad Street, Mumbai, Maharashtra	40, 4Th Floor, Plot 63, Kadri Manzil, Dontad Street, Mumbai, MH	India	India
S1-775253680	S2-228048474	cross_script	Universal Tech Limited	यूनिवर्सल टेक लिमिटेड	C/O.Hira Lal S/O. Madan Gopal Inside Kotegate, Joshiwara, Bikaner, Rajasthan	BIKANER, H.NO 678 C/O.HIRA LAL S/O. MADAN GOPAL INSIDE KOTEGATE, BIKANER, राजस्थान	India	India
S1-290166603	S3-124652264	cross_script	Blue Food Private Limited	ब्लू फूड प्राइवेट लिमिटेड	Aakriti Eco City, 3P Ng 12 Premium Campus, Madhya Pradesh, Huzur, Bhopal	#3P Ng 12 Premium Campus, Aakriti Eco City, Huzur, Bhopal, MP	India	India
S1-6392394	S3-749526070	cross_script	Lakshmi Media Pvt Ltd	लक्ष्मी मीडिया प्रा. लि.	Garrage No 8 Khiranagar S V Road Santakruz West Opp Bata Showroom Mumbai, Mumbai, Mumbai City, Maharashtra	Garrage No 8 Khiranagar S V Road Santakruz West Opp Bata Showroom Mumbai, Mumbai City, Mumbai, MH	India	India
S1-768446776	S2-275680223	severe_lexical_mutation	Quclaria Corporation	Qlcedia-Corporation	2745 E Street, Lincoln, NE	2745A E STREET, LINCON, NE	US	US
S1-374665475	S3-682175119	cross_script	Sai Finance Private Limited	साई फाइनेंस प्राइवेट लिमिटेड	Room No-1/B Upper Floor, Govind Nagar Chawl No 9, Mumbai, Maharashtra	Room No-1/b Upper Floor, Govind Nagar Chawl No 9, Greater Mumbai, MH	India	India
S1-632640648	S2-626634834	cross_script	Blue Hospitality Private Limited	ब्लू हॉस्पिटैलिटी प्राइवेट लिमिटेड	House Number 1909 B2 Gurudwara Gali, Pinjore, Panchkula, Haryana	DOOR NO 93 HOUSE NUMBER 1909 B2 GURUDWARA GALI, PINJORE, PANCHKULA, Haryana	India	India
S1-746022315	S2-115087160	severe_lexical_mutation	Raga & Partners	RAGAPTR.C0M	House No. 74 Floor Ground Block A Landmark Na Inderpuri, Delhi, Central Delhi, Delhi	HOUSE NO. 74- FLOOR GROUND BLOCK A LANDMARK NA INDERPURI, DELHI, दिल्ली	India	India
S1-323142467	S3-600588632	severe_lexical_mutation	My Foundation Limited	My Limited Center	Flat S3 Ii Floor Moongi Enclave No.1 Eswaran Koil Street, Urapakkam, Kancheepuram, Tamil Nadu	Flat S3 Ii Floor Moongi Enclave No.1 Eswaran Koil Street, Urapakkam, TN	India	India
S1-93187399	S2-658919226	cross_script	Unique Marketing Private Limited	यूनिक मार्केटिंग प्राइवेट लिमिटेड	Sr No 158/1A/1& 2 Konark, Build-B Flat No-804, Pune City, Pune, Maharashtra	SR NO 158/1A/1& 2 KONARK, BUILD-B FLAT NO-804, PUNE CITY, PUNE, महाराष्ट्र	India	India
S1-896454262	S3-992735068	severe_lexical_mutation	United Tech Private Limited	utprivate.com	Discovery Of India, Nehru Centre, Dr. Annie Basent Road, Worli, Mumbai, Maharashtra, Mumbai, 6Th Floor	6Th Floor, Discovery Of India, Nehru Centre, Dr. Annie Basent Road, Worli, Mumbai, MH	India	India
S1-611323462	S2-217854599	severe_lexical_mutation	LL India Mumbai	@LLINDIA	A/705, Sahyadri Tower Chs Ltd, Upper Govind Nagar Near Upwan Tower, Malad East, Mumbai, Mumbai City, Maharashtra	A/705, SAHYADRI TOWER CHS LTD, UPPER GOVIND NAGAR NEAR UPWAN TOWER, MALAD EAST, MUMBAI, MUMBAI CITY, महाराष्ट्र	India	India
S1-803558034	S2-964013256	severe_lexical_mutation	Gonzales Harbor Usa LLC	Halocaloiri	7 Haydn Street, Unit 2, Boston, MA	HAYDN ST, BOSTON, MA	US	US
S1-102253241	S2-803494988	missing_address	Mumbai Services Private Limited	Mumbai Sérvices Private	Flat No. 303, F Wing, Ganga Estate O-Op Hsg Soc, Sion Trombay Road, Chembur, Mumbai, Maharashtra		India	India
S1-23015614	S3-464035970	severe_lexical_mutation	Bay Alliance	Bay Albinaec	2161 Eden Avenue, Columbus, OH	2161 Eden Ave, Columbus, Ohio	US	US
S1-179806153	S2-966412423	severe_lexical_mutation	Dynamic Business	ಡೈನಾಮಿಕ್ ಬಿಸಿನೆಸ್	# 1693/A, Gundappa Nilaya Mts Colony, T. Dasarahalli, Bangalore, Karnataka	GUNDAPPA NILAYA MTS COLONY, T. DASARAHALLI, Karnataka, BANGALORE, 1693/A	India	India
S1-193415954	S2-328002621	cross_script	North Innovative Consultancy Private Limited	नॉर्थ इनोवेटिव कंसल्टेंसी प्राइवेट लिमिटेड	16Th Floor, Ajmera Midtown, 939/940/941, Kalbadevi Road, Popatwadi, Maharashtra, Mumbai, 1604	1604., MUMBAI, महाराष्ट्र	India	India
S1-414260962	S3-626583710	severe_lexical_mutation	Galaxy Galaxy Technology Pvt Ltd	ಗ್ಯಾಲಕ್ಸಿ ಗ್ಯಾಲಕ್ಸಿ ಟೆಕ್ನಾಲಜಿ ಪ್ರೈವೇಟ್ ಲಿಮಿಟೆಡ್	No.9 &22, Old Khata 1053/1, Nagasandra, Vidyanagar, Bangalore North, Bangalore, Karnataka	9 &22, KA, Bengaluru	India	India
S1-90191258	S2-929499344	severe_lexical_mutation	O J & B Kpet Inc	ojb.com	7307 Adelbert Street, Houston, TX	7307 Adelbert St, N/A, HOUSTON CCDP, TX	US	US
S1-517322263	S3-941197493	severe_lexical_mutation	Shivam Foods LLP	Pyraveo	117B, First Floor Somdutt Ch-1, Bhikaji Cama Place, Delhi, South Delhi, Delhi	117B, First Floor Somdutt Ch-1, Bhikaji Cama Place, Delhi, South Delhi, Delhi	India	India
S1-207997434	S2-869941716	cross_script	Alpha Infotech Pvt Ltd	अल्फा इंफोटेक प्रा. लि.	Plot No.22 Lavanya, Gurukul Bawadiya Kalan, Huzur, Bhopal, Madhya Pradesh	PLOT NO.D/22 LAVANYA, BHOPAL, NEW MARKET, Madhya Pradesh	India	India
S1-674142341	S3-466687979	severe_lexical_mutation	Pioneer Developers Private Limited	Pioneer ડેવલપર્સ પ્રાઇવેટ લિમિટેડ	Survey No. 327, Rangpar, Pipli Road, Opp. Somnath Petrol Pump, Bela, Morbi, Morbi, Rajkot, Gujarat	Survey No. 327, Morbi, Rangpar, Pipli Road, Opp. Somnath Petrol Pump, Bela, Morbi, Jambudia, GJ	India	India
S1-889440492	S3-436457803	cross_script	Arihant Management Private Limited	அரிஹந்த் மேனேஜ்மெண்ட் பிரைவேட் லிமிடெட்	New No.20, Old No.161, 1St Floor, Karuneegar St, Adambakkam, Chennai, Kanchipuram, Tamil Nadu, Saidapet	New No.3-20, Old No.161, 1St Floor, Karuneegar St, Adambakkam, Chennai, Kanchipuram, TN	India	India
S1-460209241	S2-623906844	cross_script	South Producer Private Limited	साउथ प्रोड्यूसर प्राइवेट लिमिटेड	2Nd Floor, 65 West Aveune Road, West Punjabi Bagh, New Delhi, Delhi	#2ND/9 FLOOR, 65 WEST AVEUNE ROAD, WEST PUNJABI BAGH, DELHI SOUTH, NEW DELHI, दिल्ली	India	India
S1-516867833	S2-346241060	severe_lexical_mutation	Red Impex	ರೆಡ್ ಇಂಪೆಕ್ಸ್	No.57, 13Th Cross Ecs-6906904430 Hosur Road, Anepalya, Bangalore, Karnataka	NO.57, BANGALORE, Karnataka	India	India
S1-928665897	S3-632034465	severe_lexical_mutation	Great Exports	Xyloxylo trading as Great Exports	Ahmedabad, B/Hmondealpark, Neargurudwara, S.G.Highway, Synchronhouse, Ahmedabad, Gujarat	Synchronhouse, B/Hmondealpark, Neargurudwara, S.G.Highway, Ahmedabad, Gujarat	India	India
S1-932263247	S2-591495235	cross_script	South Jain Consulting	साउथ जैन कंसल्टिंग	Office No-102, The Capital, Eisha Loreals, Kondhwa Kd, Pune City, Pune, Maharashtra	PUNE CITY, THE CAPITAL, EISHA LOREALS, KONDHWA KD, PUNE, Maharashtra, OFFICE NO-102	India	India
S1-112009210	S2-652879894	severe_lexical_mutation	Vision International Private Limited	viprivate.c0m	House No.11, Root Inst Root Institute, Saxena More, Bodhgaya, Gaya, Bihar	HOUSE NO.11, ROOT INST ROOT INSTITUTE, SAXENA MORE, BODHGAYA, GAYA, Bihar	India	India
S1-520948204	S3-577602617	cross_script	Maa Healthcare Private Limited	मां हेल्थकेयर प्राइवेट लिमिटेड	36.5 Km Mile Stone Near, Roseland Public School, Herohonda Chowk, Sadar Bazar, Gurgaon, Haryana	H.no 569 36.5 Km Mile Stnne Near, Gurgaon, Sadar Bazar, हरियाणा	India	India
S1-34192047	S3-673823326	severe_lexical_mutation	Precision Mobility-Liberty	Precision  Services	5449 421 Road, Liberty, NC	5449 421 Road, Liberty, North Carolina	US	US
S1-922377061	S2-27247268	severe_lexical_mutation	Big Consultants Private Limited	ಬಿಗ್ ಕನ್ಸಲ್ಟೆಂಟ್ಸ್ ಪ್ರೈವೇಟ್ ಲಿಮಿಟೆಡ್	Kithagannur Village, Bangalore, C/O Sibi Alexk St. Gaspar, Bangalore North, Karnataka	C/O SIBI ALEXK ST. GASPAR, BANGALORE NORTH, BANGALORE, Karnataka	India	India
S1-3760270	S3-346449455	numeric_mismatch	Klein Amplify LLC	Orbibelo	4339 Mosley Bridge Road, Gilbertown, AL	04339 Mosley Bridge Road, Gilbertown, Alabama	US	US
S1-361410625	S2-791137380	cross_script	Swastik Business	स्वस्तिक बिजनेस	H/No 70, Gauri Das Ki Mandi, Malsalami Patna City, Patna, Bihar	H/NO 70, PATNA, Bihar	India	India
S1-190247294	S2-340822435	cross_script	Krishna Products Private Limited	कृष्ण प्रोडक्ट्स प्राइवेट लिमिटेड	New Delhi, 19, New Delhi, Arunachal Building, 914-915, 9Th Floor, Barakhamba Road, C P, Delhi	19, NEW DELHI, दिल्ली	India	India
S1-232868676	S2-363096981	severe_lexical_mutation	Desert Mission	desertmissi0n.com	3895 Hogan Road, Vernon, NY	3895  Hogan Road, VERNON CENTER, NY	US	US
S1-203581973	S2-713706493	cross_script	Digital Properties Private Limited	डिजिटल प्रॉपर्टीज प्राइवेट लिमिटेड	Office No. 106 & 107, Pune, 1St Floor, Gini Bellina Commercial, Survey Number -282 And H No- 2/3/2, 2/3/3, Dhanori Lohgaon Road, Maharashtra, Pune City	OFFICE NO. 00106 & 107, PUNE REGION, Maharashtra	India	India
S1-317713081	S2-927839971	severe_lexical_mutation	Blue Hair Studio Partners	bluehairstudio.com	599 University Boulevard, Unit 312, Round Rock, TX	599 UNIVERSITY BLVD, PMB 9350, ROUND ROCK, TX	US	US
S1-880673228	S3-734733146	abbreviation_acronym	Cornerstone Complete International	CCI	6 Cheyenne Road, Upper Providence Township, PA	6 Cheyenne Road, Upper Providence Township, PA	US	US
S1-57032919	S3-320674514	numeric_mismatch	Urgent Care Clinic LLC	Urgent Crrrae Clinic LLC	355 Browns Ferry Road, Chattanooga, TN	55 Browns Ferry Rd, Chattanooga, Tennessee	US	US
S1-310022229	S2-89802264	missing_address	Pediatric Dental Crystal Physicians LLC	Pediatric Dental Cdlya Physicians LLC	1718 Lincoln Road, Unit L-1077, Spokane, WA		US	US
S1-209560004	S2-997596737	numeric_mismatch	Thomas Animal Hospital LLC	Thomas Animal Hosfictlml LLC	8 Blossom Street, Unit 2, Worcester, MA	008 BLOSSOM STREET, WORCESTER, MA	US	US
S1-262794048	S3-809554760	severe_lexical_mutation	Eastern Hudson	Eastern Center #52433	3765 Amberwood Court, Amelia, OH	3765 Amberwood Ct, Amelia, Ohio	US	US
S1-160049989	S3-299618052	severe_lexical_mutation	Peak Consumer Associates LLC	acpeak.com	NY, 7 Chickadee Lane, Liberty	#7 Chickadee Ln, Liberty, New York	US	US
S1-413939359	S2-261649632	cross_script	Vision Properties	विजन प्रॉपर्टीज	K-37, Second Floor Green Park, Delhi, New Delhi, Delhi	K-##37, SECOND FLOOR GREEN PARK, NEW DELHI, DELHI	India	India
S1-485318161	S2-577274088	severe_lexical_mutation	Chiropractic Health Co	CHIROPRACTICHEALTH.COM #8775	1028 Chatham Lane, Cincinnati, OH	1028 CHATHAM LN, CINCINNATI, OH	US	US
S1-517812587	S2-534932871	severe_lexical_mutation	Mumbai Advisors Pvt. Ltd.	Mumbai Avris Pvt. Ltd.	110/112 Laxmi Bldg 4Floor, Room-86, Khumbharwada, Mumbai, Maharashtra	H.NO 110/112 LAXMI BLDG 4FLOOR, ROOM-86, KHUMBHARWADA, MUMBAI, Maharashtra	India	India
S1-267154732	S3-198934293	severe_lexical_mutation	Tag Marketing Private Limited	Calojax	Flat No-C3-02 Carnelian Nyati Esteban Sr No-4/3 Pune, Pune, Maharashtra	Flat No-C3-02 Carnelian Nyati Esteban Sr No-4/3 Pune, Pune, Maharashtra	India	India
S1-87270499	S2-47812393	severe_lexical_mutation	Vijay Media Private Limited	@vijaymedia	B/8, Maheshwari Mansion, 34, L.J.Marg, Napeansea Road, Mumbai, Maharashtra	B/8, MAHESHWARI MANSION, 34, L.J.MARG, NAPEANSEA ROAD, Maharashtra	India	India
S1-934358973	S3-632146966	severe_lexical_mutation	Vr (India) Distilleries Private Limited	Tavoariaquo	Shop No.3 L.G.F. 292/96, Tulsidass Marg Nakhas, Lucknow, Uttar Pradesh	Shop No.3 L.G.F. 292/96, Tulsidass Marg Nakhas, Lucknow, Uttar Pradesh	India	India
S1-372845787	S2-972115677	cross_script	International Industries Private Limited	इंटरनेशनल इंडस्ट्रीज प्राइवेट लिमिटेड	A-29, Mangol Puri Industrial Area Phase-Ii, New Delhi, North West, Delhi	A-#29, DELHI, NORTH WEST, Delhi	India	India
S1-942357826	S2-487938323	severe_lexical_mutation	Tech Southern Global Private Limited	ಟೆಕ್ ಸದರ್ನ್ ಗ್ಲೋಬಲ್ ಪ್ರೈವೇಟ್ ಲಿಮಿಟೆಡ್	No 71 '12'1, 2Nd Block 13Th Main Near Ashoka Pillar Jayanagar 2Nd Block, Bangalore, Karnataka	NO 71 '12'1, 2ND BLOCK 13TH MAIN NEAR ASHOKA PILLAR JAYANAGAR 2ND BLOCK, BANGALORE, Karnataka	India	India
S1-363645442	S2-903670314	severe_lexical_mutation	Cardiology Center	Cardiology Clenert	1077 Preserve Street, Weatherford, TX	1077 PRESERVE STREET, WEATHERFORD, TX	US	US
S1-185339767	S2-595497652	numeric_mismatch	Metro Foundation	Metro Center	965 Rocky Point Lane, Tega Cay, SC	0965 Rocky Point Ln, TEGA CAY, SC	US	US
S1-870086967	S2-993545080	severe_lexical_mutation	Smart Atlantic	Smart  At1antic	3530 419, Watkins Glen, NY	530 419, WATKINS GLEN, NY	US	US
S1-274464809	S3-75040502	severe_lexical_mutation	Samarth Nagar It Limited	Cirakelo	26/145, Near Sbi Main Road, Osmanabad, Maharashtra, Samarth Nagar	0026/145, Samarth Nagar, MH	India	India
S1-167888866	S3-955207252	severe_lexical_mutation	Viking Group	Vinkg [Group]	8700 116th Street, Unit APT 343, Fishers, IN	8700 116rd St, NULL, Fishers, Indiana	US	US
S1-999010012	S3-477149515	severe_lexical_mutation	Mumbai Developers Private Limited	Mumbai Delpsr Private Limited	Maharashtra, Mumbai, Nr Shree Fabrication Kurla, 94/C 1 St Floor Kamgar Nagar, Mumbai	94/C 1 St Floor Kamgar Nagar, Nr Shree Fabrication Kurla, Mumbai, MH	India	India
S1-699532231	S3-542422989	severe_lexical_mutation	Oncology Partners	Onc0logy Pártners	3209 Prairie Grass Drive, Lehi, UT	3209 Prairie Grass Dr, Lehi, Utah	US	US
S1-298907561	S2-112774378	severe_lexical_mutation	Sky International Private Limited	સ્કાય ઇન્ટરનેશનલ પ્રાઇવેટ લિમિટેડ	36, Parthbhumi Society, Nr. Govt. Tubeweel, Bopal, Ahmedabad, Gujarat	36, PARTHBHUMI SOCIETY, NR. GOVT. TUBEWEEL, BOPAL, AHMEDABAD HQ REGION, AHMEDABAD, Gujarat	India	India
S1-361434682	S3-45206296	severe_lexical_mutation	High Infotech Private Limited	હાઇ ઇન્ફોટેક પ્રાઇવેટ લિમિટેડ	Phase-Ii Village-Vadadalatal-Savli, Vadodara, Gujarat	Phase-ii Village-vadadalatal-savli, Vadodara, GJ	India	India
S1-897131991	S2-439712677	severe_lexical_mutation	Desi Charitable Trust	dctrust.com	C-6/168, Ground Floor Yamuna Vihar, Delhi, North East	PLOT 249 C-6/168, DELHI, NORTH EAST, दिल्ली	India	India
S1-545435657	S3-555254443	severe_lexical_mutation	Jay Engineering Private Limited	Jay Engineering Ptrivte Limited	No. 7, D Silva Road, Mylapore, Chennai, Chennai, Tamil Nadu	#7, D Silva Road, Mylapore, Chennai, Chennai, TN	India	India
S1-598515315	S3-558368797	severe_lexical_mutation	Baba Builders Private Limited	বাবা Builders Private Limited	Flat No. A-7, 3Rd Floor 110 Hazra Road, Kolkata, Kolkata, Howrah, West Bengal	Flat No. A-7, Howrah, Kolkata, WB	India	India
S1-570483833	S3-51745194	severe_lexical_mutation	Sun Consultancy Private Limited	ಸನ್ ಕನ್ಸಲ್ಟೆನ್ಸಿ ಪ್ರೈವೇಟ್ ಲಿಮಿಟೆಡ್	1689, Aecs A Block, Hal Bda Layout, Singasandra, Bangalore, Karnataka	Hn 429 1689, Bangalore, KA	India	India
S1-252483164	S3-365371552	severe_lexical_mutation	Eastern Foundation Private Limited	Eastern Private Limited Services	K25, Upper Ground Floor Sikari Bhatta, Sham Nagar, Tilaknagar, New Delhi, West Delhi, Delhi	K25, Upper Ground Floor Sikari Bhatta, Sham Nagar, Tilaknagar, New Delhi, West Delhi, DL	India	India
S1-382781081	S3-363789127	severe_lexical_mutation	Big Solutions Pvt Ltd	ಬಿಗ್ ಸೊಲ್ಯೂಷನ್ಸ್ ಪ್ರೈವೇಟ್ ಲಿಮಿಟೆಡ್	Khata No 47, Shop No 12, Nagamangala, Mandya, Karnataka	#792 Khata No 47, Nagamangala, Mandya, KA	India	India
S1-517216805	S2-339262252	severe_lexical_mutation	Smith, Moore & Hinton Inc.	SMITH, M0ORE  & HHNITON INC.	12 Hempstead Avenue, Unit Apartment 4H, Rockville Centre, NY	NY, 12. HEMPSTEAD AVE, ROCKVILLE CENTRE	US	US
S1-943408281	S3-67152883	cross_script	Dream Food Private Limited	ड्रीम फूड प्राइवेट लिमिटेड	H No-40 Block A, Hastal Vihar, New Delhi, West Delhi, Delhi	Plot 772 H No-40 Block A, Hastal Vihar, New Delhi, Uttam Nagar, DL	India	India
S1-308022018	S3-786596918	severe_lexical_mutation	International Agro Private Limited	International	Sr. No. 173/74, Office No. 7, 4Th Floor Aditi Samruddhi, Baner, Pune, Maharashtra	Sr. No. 173/74, Office No. 7, 4Th Floor Aditi Samruddhi, Baner, Pune, Maharashtra	India	India
S1-146908133	S3-257402286	cross_script	Om Management Private Limited	ओम मैनेजमेंट प्राइवेट लिमिटेड	D/29, S/F Kalkaji, Central Delhi, New Delhi, South Delhi, Delhi	Plot 693 D/29, South Delhi, New Delhi, DL	India	India
S1-620412604	S2-63635941	severe_lexical_mutation	Mumbai (india) Private Limited	mumbaiindia.com	9, Floor-Grd, 52A Mulsi Thakarsi Bldg, Nanubhai Desai Road, Cp Tank, Girgaon, Mumbai, Mumbai City, Maharashtra	9, FLOOR-GRD, 52A MULSI THAKARSI BLDG, NANUBHAI DESAI ROAD, CP TANK, GIRGAON, MUMBAI, Maharashtra	India	India
S1-193986936	S2-995295300	cross_script	Future Global Pvt Ltd	फ्यूचर ग्लोबल प्रा. लि.	103 Landmark Center, 1St Floor, Opposite City Pride Multiplex, Pune Satara Road, Pune, Maharashtra	103 LANDMARK CENTER, 1ST FLOOR, OPPOSITE CITY PRIDE MULTIPLEX, PUNE SATARA ROAD, PUNE, Maharashtra	India	India
S1-829674552	S2-638700587	severe_lexical_mutation	My Impex	My Imepdx	12/264 Nehru Streetvoc Colony Avanashi, Coimbatore District, Coimbatore, Tamil Nadu	H.NO 11/264 NEHRU STREETVOC COLONY AVANASHI, COIMBATORE DISTRICT, Tamil Nadu	India	India
S1-969994160	S2-140545586	cross_script	Great Developers Pvt Ltd	ग्रेट डेवलपर्स प्रा. लि.	102 Saimaya Plot No 104 Sector 29 Vashi, Navi Mumbai, Maharashtra	#102 SAIMAYA PLOT NO 104 SECTOR 29 VASHI, NAVI MUMBAI, Maharashtra	India	India
S1-271903957	S3-396269980	cross_script	One Infotech Private Limited	वन इंफोटेक प्राइवेट लिमिटेड	C-1002, Rohan Tapovan, Gokhale Nagar, Pune, Maharashtra	C-1002, Rohan Tapovan, Gokhale Nagar, Pune, महाराष्ट्र	India	India
S1-757140244	S2-32085631	severe_lexical_mutation	Miller Arc LLC	Mi1ler LLC Center	105 Rolling Road, Gaithersburg, MD	105 ROLLING ROAD, GAITHERSBURG, MD	US	US
S1-298025747	S2-956703122	severe_lexical_mutation	Bharat Investments	ভারত ইনভেস্টমেন্টস	57/7/H/45 Bt Road, Kolkata, Howrah, West Bengal	DOOR NO 57/7/H/45 BT ROAD, KOLKATA, HOWRAH, পশ্চিমবঙ্গ	India	India
S1-131955187	S3-9691439	severe_lexical_mutation	Capital Fund	Drexzeta fka Capital Fund	450 Emmett Avenue, Rensselaer, IN	450 Emmett Avenue, Rensselaer, IN	US	US
S1-357285869	S2-996987453	cross_script	Pioneer Software Private Limited	பயனியர் சாஃப்ட்வேர் பிரைவேட் லிமிடெட்	No. 776/1, Ganabatthi Nagar, Vellore, Tamil Nadu	NO. 776/1, GANABATTHI NAGAR, VELLORE, Tamil Nadu	India	India
S1-171602965	S2-177970818	cross_script	City Healthcare Private Limited	சிட்டி ஹெல்த்கேர் பிரைவேட் லிமிடெட்	216(65), Out House, 2Nd Floor, Alwarpet Street, Alwarpet, Chennai, Tamil Nadu	216(65), OUT HOUSE, 2ND FLOOR, ALWARPET STREET, ALWARPET, MADRAS, CHENNAI, Tamil Nadu	India	India
S1-659779220	S3-559176134	severe_lexical_mutation	New Delhi Global Limited	Global	Plot No 170 Functional Indl.Estate Patparganj, New Delhi, East Delhi, Delhi	Plot No 170 Functional Indl.Estate Patparganj, New Delhi, East Delhi, Delhi	India	India
S1-962235681	S3-105179753	severe_lexical_mutation	Youth Association	Youth Services	1401 Jefferson Street, Pekin, IL	1401 Jefferson Street, Pekin, Illinois	US	US
S1-614181038	S2-808501061	cross_script	Innovative Properties Private Limited	इनोवेटिव प्रॉपर्टीज प्राइवेट लिमिटेड	Rect No. 35, Killa No 6/1, Nr Bestech Business Tower, Sadar Bazar, Gurgaon, Haryana	RECT NO. ##35, SADAR BAZAR, GURGAON, Haryana	India	India
S1-471051591	S2-277626532	cross_script	Guru Agro Pvt Ltd	गुरु एग्रो प्रा. लि.	F S/005, Shop No. 20, Plot No. 02 Sector No. 06, Vashi, Navi Mumbai, Thane, Maharashtra	F S/005, SHOP NO. 20, PLOT NO. 02 SECTOR NO. 06, VASHI, NAVI MUMBAI, THANE, महाराष्ट्र	India	India
S1-234743272	S3-598163739	cross_script	Good Global Private Limited	गुड ग्लोबल प्राइवेट लिमिटेड	Neemuch Road Malikhera Ward No 25 Bhayaji Ki Purani Building Ke, Pass, Pratapgarh District Pratapgarh, Chittorgarh, Rajasthan	Plot 715 Neemuch Road Malikhera Ward No 25 Bhayaji Ki Purani Building Ke, Pass, Pratapgarh District Pratapgarh, Mgr Partapgarh, राजस्थान	India	India
S1-689038019	S3-505586980	severe_lexical_mutation	Innovative Digital Foods Private Limited	ఇన్నోవేటివ్ డిజిటల్ Foods Private Limited	Telangana, H No 7-1-746, Karim Nagar, Karimnagar, Paramita Little Genius Building, Nr Vasara Hospital, Mankammathota	H No 7-1-746, Paramita Little Genius Building, Nr Vasara Hospital, Mankammathota, Andhra Pradesh, Karim Nagar, TG	India	India
S1-723604628	S3-881905672	cross_script	New Foods Pvt Ltd	न्यू फूड्स प्रा. लि.	Ja-1020 Dlf, Tower A Jasola District Centre, New Delhi, South Delhi, Delhi	Ja-1020 Dlf, Tower A Jasola District Centre, New Delhi, South Delhi, DL	India	India
S1-194283625	S3-781644038	numeric_mismatch	Apex Foods Limited	afoods.com	46 A, S/F, Khureji Khas Shastri Park, New Delhi, East Delhi, Delhi	4-6 A, S/f, Khureji Khas Shastri Park, New Delhi, East Delhi, DL	India	India
S1-187752848	S3-907906255	severe_lexical_mutation	Bangalore North Farms Private Limited	bangalorenorth.com	No.4C-701, 4Th Cross Road, 1St Block, Hrbr Layout, Bangalore North, Bangalore, Karnataka	Door No 4C-701, Bangalore North, Bangalore, KA	India	India
S1-828719743	S3-184253211	severe_lexical_mutation	Pence & Mccombs Harvard	Pence & Mrccbaosms Hárvard	Cambridge, 4201 166th Avenue, IA	166th Ave, Cambridge, Iowa	US	US
S1-993562252	S2-840517168	cross_script	Golden Classic Services Private Limited	गोल्डन क्लासिक सर्विसेज प्राइवेट लिमिटेड	Plot No. B-8, Tower B, 702, Noida One, Sec-62, Noida, Gautam Buddha Nagar, Uttar Pradesh	GAUTAM BUDDHA NAGAR, GAUTAM BUDH NAGAR, Uttar Pradesh, PLST NO. B-8	India	India
S1-463566852	S2-669317536	severe_lexical_mutation	New Infrastructure Limited	ನ್ಯೂ ಇನ್‌ಫ್ರಾಸ್ಟ್ರಕ್ಚರ್ ಲಿಮಿಟೆಡ್	No.15, 1St Floor, 1St Main Club Road, Rpck Layout Ii Stage, Vijayan, Agar, Bangalore, Karnataka	NO.15, 1ST FLOOR, 1ST MAIN CLUB ROAD, RPCK LAYOUT II STAGE, VIJAYAN, AGAR, BENGALURU, BANGALORE, Karnataka	India	India
S1-134302582	S3-35423289	cross_script	United Ventures Private Limited	யுனைடெட் வென்ச்சர்ஸ் Private Limited	28/5, Coats Road N.No. 8/5, T Nagar, Chennai, Tamil Nadu	5-28/5, T Nagar, Chennai, தமிழ்நாடு	India	India
S1-203581973	S2-318358045	cross_script	Digital Properties Private Limited	Digital प्रॉपर्टीज Private Limited	Office No. 106 & 107, Pune, 1St Floor, Gini Bellina Commercial, Survey Number -282 And H No- 2/3/2, 2/3/3, Dhanori Lohgaon Road, Maharashtra, Pune City	OFFICE NO. 00106 & 107, 1ST FLOOR, GINI BELLINA COMMERCIAL, SURVEY NUMBER -282 AND H NO- 2/3/2, 2/3/3, DHANORI LOHGAON ROAD, PUNE CITY, महाराष्ट्र	India	India
S1-425011052	S3-518450493	severe_lexical_mutation	Hitech Infra Private Limited	Pyrasynorbi Co	J-1Lower Ground Floor Kailash Colony, New Delhi, South Delhi, Delhi	J-1Lower Ground Floor Kailash Colony, New Delhi, South Delhi, Delhi	India	India
S1-572279921	S3-218825128	severe_lexical_mutation	International Agro Private Limited	International Atnon Private Limited	302-Moti-I Mans Moti Complexdevidas Lane Ext Borivali (W), Mumbai, Mumbai City, Maharashtra	H.no A-302-moti-i Mans Moti Complexdevidas Lane Ext Borivali (W), Mumbai, Mumbai City, MH	India	India
S1-743542988	S3-706410727	severe_lexical_mutation	Rocky Antimony LLC	R0cky LLC Cénter	5101 Lakeview Pkwy, Unit UNIT 316, Davenport, IA	510 Lakeview Pkwy, # UNIT 316, Davenpotr, Iowa	US	US
S1-489258766	S3-719452032	severe_lexical_mutation	Valley Alliance	Valley Alrnlrsce	609 Elm Green Street, Hutto, TX	609 Elm Green Street, Hutto, Texas	US	US
S1-586458869	S2-692546071	severe_lexical_mutation	Silver Engineering Private Limited	സിൽവർ എൻജിനീയറിംഗ് പ്രൈവറ്റ് ലിമിറ്റഡ്	Door No F 21First Floormuncipal Stadium Complex Pala Post, Kottayam, Kerala	DOOR NO F 21FIRS FLOORMUNCIPAL STADIUM COMPLEX PALA POST, KOTTAYAM, Kerala	India	India
S1-102590156	S3-85112743	severe_lexical_mutation	Aarvva Chemtech	Dovahalox	317 Poonam Asha Building No 205-C, Narshi Natha St Katha Bazar, Masjid, (West), Mumbai, Mumbai City, Maharashtra	Mumbai City, Narshi Natha St Katha Bazar, Masjid, (West), 317 Poonam Asha Building No 205-C, Mumbai, Maharashtra	India	India
S1-500147467	S3-921462102	severe_lexical_mutation	Highland Center Inc	Highland Cnbr Inc #69551	1652 Wiltshire Lane, Saratoga Springs, UT	1652 Wiltshire Ln, Saratoga Springs, Utah	US	US
S1-519019285	S3-57373212	cross_script	Lakshmi Infrastructure Private Limited	லக்ஷ்மி இன்ஃப்ராஸ்ட்ரக்சர் பிரைவேட் லிமிடெட்	2/570, Jagannathan Street, Balaiah Gardens, Madipakkam, Chennai, Tamil Nadu	2/570, Jagannathan Street, Balaiah Gardens, Madipakkam, Chennai, TN	India	India
S1-505264059	S2-262969808	severe_lexical_mutation	Jay Consultants Private Limited	జై కన్సల్టెంట్స్ ప్రైవేట్ లిమిటెడ్	Plot No 82, Anand Villa Lake View Residency Sainikpuri, Secunderabad, Hyderabad, Telangana	PLOT NO 82, ANAND VILLA LAKE VIEW RESIDENCY SAINIKPURI, SECUNDERABAD, HYDERABAD, Andhra Pradesh	India	India
S1-657060842	S2-483446317	severe_lexical_mutation	Indo Hari Developers Limited	ઇન્ડો હરિ ડેવલપર્સ લિમિટેડ	Rajkot, Gujarat, Revenue Survey No. 490 Paikee & 526, Nh-27 At Village Kuvadva	REVENUE SURVEY NO. 490 PAIKEE & 526, RAJKOT, Gujarat	India	India
S1-42868664	S2-967115224	severe_lexical_mutation	Best Investment (India) Pvt. Ltd.	M/s Best Iinvecsment (India) Pvt. Ltd.	B-171, G/F Pandav Nagar, Delhi, East Delhi, Delhi	Delhi, B-171, G/F PANDAV NAGAR, DELHI	India	India
S1-873958225	S2-865534654	severe_lexical_mutation	Cure Pub	Ccre  Pub	1094 Ohio River Road, Huntington, WV	OHIO RIVER ROAD, HUNTINGTON, WV	US	US
S1-226002871	S2-515225776	cross_script	Sai Services	साईं सर्विसेज	C/O Narender Kumar Sharma Shivpuri, Saharanpur, Uttar Pradesh	C/O NARENDER KUMAR SHARMA SHIVPURI, SAHARANPUR DELHI ROAD, SAHARANPUR, उत्तर प्रदेश	India	India
S1-573324644	S2-941718001	severe_lexical_mutation	Dermatology Clinic	CLINICDERMATOLOGY.COM	3008 Woodgreen Drive, Raleigh, NC	3008 1/2 WOODGREEN DR, RALEIGH, NC	US	US
S1-363554481	S3-15174249	cross_script	Lakshmi Finance Limited	लक्ष्मी फाइनेंस लिमिटेड	H No 217, Tandali Shirur, Pune, Maharashtra	H No 217, Pune, महाराष्ट्र	India	India
S1-96868522	S2-926791250	severe_lexical_mutation	Pediatric Dental Clinic	cdpediatric.com	46 Main Street, Monroeville, OH	46 MAIN STREET, MONROEVILLE, OH	US	US
S1-386676309	S3-758074190	severe_lexical_mutation	Vita's Safe Coffee LLC	Ciranovi	OH, Unit 60, Toledo, 2510 Consaul Street	Ohio, # 60, Toledo, 2512 Consaul St	US	US
S1-855580961	S3-783066055	severe_lexical_mutation	Shiva Finance Private Limited	Umbravera Sys	Flat No:2, Aai Ji Nivas, Dehu Road, Mamurdi, Pune, Haveli, Pune, Maharashtra	Flat No:2, Aai Ji Nivas, Dehu Road, Mamurdi, Pune, Haveli, Pune, Maharashtra	India	India
S1-579899515	S2-329043512	severe_lexical_mutation	Shyam Industries Private Limited	ಶ್ಯಾಮ್ ಇಂಡಸ್ಟ್ರೀಸ್ ಪ್ರೈವೇಟ್ ಲಿಮಿಟೆಡ್	No 252, 14Th A Cross Road, Bangalore North, Bangalore, Karnataka	NO B3/252, 14TH A CROSS ROAD, BANGALORE NORTH, BANGALORE, Karnataka	India	India
S1-2369997	S2-736625433	cross_script	Vision Systems Limited	விஷன் சிஸ்டம்ஸ் லிமிடெட்	Old No.55/6, Tamil Nadu, Chennai, Chennai City Corporation, New.No.97/6, Arcot Road, Kodambakkam	H.NO 55/6, NEW.NO.97/6, ARCOT ROAD, KODAMBAKKAM, CHENNAI CITY CORPORATION, CHENNAI, Tamil Nadu	India	India
S1-752197821	S3-481414101	severe_lexical_mutation	Pediatric Dentistry Care Associates Inc	#pediatricdentistry	1703 Russell Street, Covington, KY	1703 Russell Street, N/A, Covington, Kentucky	US	US
S1-380053798	S2-314089828	cross_script	Super Sunrise Enterprises Limited	सुपर सनराइज एंटरप्राइजेज लिमिटेड	C/O Ram Dayal, Naushahara, Skb Ram, Dayalchitawali, Shikohabad, Firozabad, Uttar Pradesh	NO 340 C/O RAM DAYAL, NAUSHAHARA, SKB RAM, DAYALCHITAWALI, SHIKOHABAD, FIROZABAD, Uttar Pradesh	India	India
S1-434914411	S3-184082257	severe_lexical_mutation	Mercantiles Educare Private Limited	Mr Drexxyloiri	H. No. 429 At Post Umara, Hingoli, Maharashtra	H.no 429 At Post Umara, Hingoli, MH	India	India
S1-886700404	S2-577882497	numeric_mismatch	Summit League Inc	CENTER SUMMIT INC	7800 Lilee Lane, Lincoln, NE	8187 LILEE LNAE, LINCOLN, NE	US	US
S1-72652960	S3-863451259	abbreviation_acronym	Bpr & Co	BC	Plot No.-129, Ground Floor Pkt-L, Sec-5, Bawana Dsidc, North West Delhi, North West, Delhi	Plot No.-129, Ground Floor Pkt-L, Sec-5, Bawana Dsidc, North West Delhi, North West, Delhi	India	India
S1-520972566	S2-171624500	cross_script	Shiva Infrastructure Private Limited	शिवा इंफ्रास्ट्रक्चर प्राइवेट लिमिटेड	A-3 Golden Tower, Shastri, Nagar, Meerut, Meerut, Uttar Pradesh	PLOT 31 A-3 GOLDEN TOWER, SHASTRI, NAGAR, MEERUT, MEERUT, Uttar Pradesh	India	India
S1-249264873	S3-273814857	cross_script	Krishna Energy Private Limited	कृष्ण एनर्जी प्राइवेट लिमिटेड	Flat No 201 Buildingno 6 Lsc Rishab Vihar, East Delhi, Delhi	Flat No C-201 Buildingno 6 Lsc Rishab Vihar, Delhi, East Delhi, DL	India	India
S1-894578912	S3-150467513	cross_script	New Consultancy Private Limited	நியூ Consultancy பிரைவேட் லிமிடெட்	Flat 1B, Block 41, Ceedeeyes Chennaipattinam, Ammapettai, Kancheepuram, Tamil Nadu	TN, Kancheepuram, Ammapettai, Flat 1B.	India	India
S1-654453567	S3-189065009	severe_lexical_mutation	UM Frontier West LLC	LLC UM Fr0ntier Wt	7800 1050, Reelsville, IN	7800 1050, Reelsville, Indiana	US	US
S1-935231795	S2-862226695	cross_script	Global Logistics Private Limited	ग्लोबल लॉजिस्टिक्स प्राइवेट लिमिटेड	Plot No. Pap 44/1/2/9, Maharashtra, Khed, Pune, Midc Phase Ii Wasuli	NO 620 PLOT NO. PAP 44/1/2/9, MIDC PHASE II WASULI, PUNE, KHED, महाराष्ट्र	India	India
S1-801889435	S2-42205886	cross_script	Smart Care Private Limited	स्मार्ट केयर प्राइवेट लिमिटेड	Fl 02 Pl 95&96 Sect 10 Hari Milan Apt New Panvel, Navi Mumbai, Mumbai City, Maharashtra	DOOR NO 6-91 FL 02 PL 95&96 SECT 10 HARI MILAN APT NEW PANVEL, MUMBAI CITY, NAVI MUMBAI, Maharashtra	India	India
S1-469183959	S2-472047160	severe_lexical_mutation	East Projects Private Limited	ইস্ট প্রজেক্টস প্রাইভেট লিমিটেড	Plot No.C4, Siliguri, Fulbari Industrial Estate, Chhoba Vita Behind Fulbarie Dps, Canal Road, P.O Fulba, Rie Hat, West Bengal, Jalpaiguri	JALPAIGURI, West Bengal, PLOT NO.C4, SILIGURI, FULBARI INDUSTRIAL ESTATE, CHHOBA VITA BEHIND FULBARIE DPS, CANAL ROAD, P.O FULBA, RIE HAT	India	India
S1-886213628	S2-120719568	severe_lexical_mutation	Z/A Manufacturing LLC	Z/A MUFATDCURMIG  LLC	323 Vaughan Avenue, Jericho, AR	AR, CRAWFORDSVILLE, 323-D VAUGHAN AVE	US	US
S1-575564127	S2-619523236	cross_script	Raj Premier Solutions Private Limited	ராஜ் பிரீமியர் சொல்யூஷன்ஸ் பிரைவேட் லிமிடெட்	Kanyakumari, Nagercoil, Nadesan Complex 25, Tamil Nadu, Sarkuna Veethi, Sivancoil Street	NADESAN COMPLEX 25, SARKUNA VEETHI, SIVANCOIL STREET, NAGERCOIL, KANYAKUMARI, Tamil Nadu	India	India
S1-763572663	S2-38867108	severe_lexical_mutation	Pavan & Co Corp	@pávan	Harnes House Near Roxy Cinemamama Parmanand Marg, Mumbai, Maharashtra	HARNES HOUSE NEAR ROXY CINEMAMAMA PARMANAND MARG, MUMBAI, Maharashtra	India	India
S1-510873908	S2-544196303	severe_lexical_mutation	Baba Power Private Limited	ബാബ പവർ പ്രൈവറ്റ് ലിമിറ്റഡ്	No. 1/497-C, Near Karumala, Maha Deva Devi Temple, Koyilandi, Kozhikode, Kerala	NO. 1/497-C, KOZHIKODE, KOYILANDI, കേരളം	India	India
S1-686170445	S3-734544803	severe_lexical_mutation	Jai Exports Private Limited	Cirasyn Sys d/b/a Jai Exports Private Limited	B-42, 4Th Floor Aditi Apart, Paatparganj, New Delhi, Delhi	B-42, 4Th Floor Aditi Apart, Paatparganj, New Delhi, Delhi	India	India
S1-392162365	S3-682023485	cross_script	Shyam Estate Private Limited	श्याम एस्टेट प्राइवेट लिमिटेड	Fl-1, Cozy Nook Aptt, Pl No.-103/2, Near Garden Hotel, Panvel, Raigarh(Mh), Maharashtra	Cozy Nook Aptt, Pl No.-103/2, Near Garden Hotel, MH, Fl-1, Panvel	India	India
S1-760678310	S2-733481787	cross_script	Big Industries Pvt Ltd	बिग इंडस्ट्रीज प्रा. लि.	C/O Shri V.W.Adgaonkar, Hingoli, Maharashtra, Hingoli, Feeder No.F1, Tq Basmat	FEEDER NO.F1, TQ BASMAT, HINGOLI, महाराष्ट्र, C/O SHRI V.W.ADGAONKAR	India	India
S1-384494281	S3-947729703	severe_lexical_mutation	Ideal & Co	Nylavera	No.41/1A3, Kia(Kempegowda Industrial Area), Near Peenya 2Nd Stage, Bangalore, Karnataka	No.41/1a3, Kia(kempegowda Industrial Area), Near Peenya 2Nd Stage, Bangalore, KA	India	India
S1-476659981	S3-217177903	severe_lexical_mutation	Dermatology Partners Inc.	Dermatology Pártners Inc.	3105 Fairway Woods, Sanford, NC	Fairway Woods, Sanford, North Carolina	US	US
S1-473460610	S2-293167049	cross_script	Sun Media Private Limited	सन मीडिया प्राइवेट लिमिटेड	House No. 187, Indore, Madhya Pradesh, Anandam, Omaxe City-1, Indore	HOUSE NO. 187, INDORE, Madhya Pradesh	India	India
S1-112393541	S3-904935692	severe_lexical_mutation	Shree Constructions Private Limited	ಶ್ರೀ ಕನ್‌ಸ್ಟ್ರಕ್ಷನ್ಸ್ ಪ್ರೈವೇಟ್ ಲಿಮಿಟೆಡ್	Sathish Enclave, 6Th Cross, Shiridi Layout, 4Th Block, Ayyappa Nagar, K R Puram, Bengaluru, Bangalore North, Bangalore, Karnataka	Sathish Enclave, 6Th Cross, Shiridi Layout, 4Th Block, Ayyappa Nagar, K R Puram, Bengaluru, Bangalore, Bangalore North, KA	India	India
S1-326287850	S3-505078067	severe_lexical_mutation	South Construction Private Limited	Southconstruction.Com	Sam Enclave, Gf - A, #52, Nti Layout, 1St Stage, Sanjaynagar, Bhoopsandra Main, Road, Bangalore, Karnataka	Sam Enclave, Gf - A, #52, Nti Layout, 1St Stage, Sanjaynagar, Bhoopsandra Main, Road, null, KA	India	India
S1-477479691	S3-807988289	severe_lexical_mutation	Surya Innovative Products Private Limited	ಸೂರ್ಯ ಇನೋವೇಟಿವ್ ಪ್ರೊಡಕ್ಟ್ಸ್ ಪ್ರೈವೇಟ್ ಲಿಮಿಟೆಡ್	Mysore, No 28, Mysore, Karnataka, Samatha Woods Madagalli Village, M K Halli Gate	#28, Mysore, KA	India	India
S1-266984653	S3-749877863	severe_lexical_mutation	Metro Aura Inc.	Veradrex	6545 91st Street, Unit SUITE  3, Tulsa, OK	Unit Suite 3, Oklahoma, Tulsa, 6545 91rd St	US	US
S1-149000123	S2-432516071	severe_lexical_mutation	Future Hotel Business Private Limited	ఫ్యూచర్ హోటల్ బిజినెస్ ప్రైవేట్ లిమిటెడ్	1-34, Ibrahimpatnam, Mandal, Ranga Reddy, Rangareddy, K.V.Rangareddy, Telangana	866  1-34, IBRAHIMPATNAM, MANDAL, RANGA REDDY, RANGAREDDY, K.V.RANGAREDDY, Telangana	India	India
S1-521828058	S3-651234672	severe_lexical_mutation	Oncology Care Associates LLC	Oncology Care LLC-Center	4750 Union Hills Drive, Unit 1102, Phoenix, AZ	4750 Union Hills Drive, Unit 1102, Boulder Hills, Arizona	US	US
S1-652315195	S2-622103286	severe_lexical_mutation	Global Services Private Limited	ગ્લોબલ સર્વિસીસ પ્રાઇવેટ લિમિટેડ	206-207, Shangrila Arcade, Opp. Shyamal Row Houses, Shyamal Cross Road, Satellite, Ahmedabad, Gujarat	A-206-207, AHMEDABAD, Gujarat	India	India
S1-349826635	S2-663751750	severe_lexical_mutation	Foot & Ankle Associates, LLC	Foot & Aelkel Associates, LLC	1225 Rio Grande Drive, Allen, TX	#1225 RIO GRANDE DR, ALLEN, TX	US	US
S1-62345215	S3-484505122	severe_lexical_mutation	Sai It (India) Corp	Sai It (Ictnlid)a Corp	D-110, Sobha Garnet, Site No.38/2B Ibblur Village, Bengaluru, Bangalore, Karnataka	D-110, Sobha Garnet, Site No.38/2b Ibblur Village, Bengaluru, Bangalore, KA	India	India
S1-664313965	S2-557311187	severe_lexical_mutation	Resorts Education Private Limited	ARCXYLOCALO	Rs No.3/2A-3B/2A Of Plot No-19, Ward26 Northion Portion Stall No-2 Ganesh Nagar, Jaipur, Haveri, Karnataka	RS NO.3/2A-3B/2A OF PLOT NO-19, WARD26 NORTHION PORTION STALL NO-2 GANESH NAGAR, JAIPUR, HAVERI, Karnataka	India	India
S1-978901718	S2-192191906	severe_lexical_mutation	Clyance Alternative	Dóvadova	250 Ashley 454 Road, Hamburg, AR	ASHLEY 454 RD, HAMBURG, AR	US	US
S1-880037945	S3-192288742	severe_lexical_mutation	American Coalition	American-Coalgihon	115 Sherwood Drive, Alvin, TX	115 Sherwood Drive, Alvin, Texas	US	US
S1-821624881	S3-311941973	severe_lexical_mutation	Family Peak Associates	associatespeakfamily.com	1608 Main Street, Whitehouse, TX	1608 Main St, Whitehouse, Texas	US	US
S1-230958647	S3-611503553	severe_lexical_mutation	EL Banking LLC	EL LLC Center	3359 Colchester Avenue, Sacramento, CA	3359 Colchseter Ave, Sacramento, California	US	US
S1-316249805	S3-603040114	severe_lexical_mutation	Star Foundation Pvt Ltd	ಸ್ಟಾರ್ ಫೌಂಡೇಶನ್ Pvt Ltd	60-D, Bommasandra Industrial Area Bommasandra, Bangalore, Karnataka	Bommasandra Industrial Area Bommasandra, Bangalore, 60-D/1, KA	India	India
S1-106527695	S2-667674705	severe_lexical_mutation	Apex Builders Private Limited	એપેક્સ બિલ્ડર્સ પ્રાઇવેટ લિમિટેડ	S.No. 662P1, Nr. Specific Ceramic Tal. Morbi, Dist. Morbi, Rangpar, Rajkot, Gujarat	HN 950 S.NO. 662P1, NR. SPECIFIC CERAMIC TAL. MORBI, DIST. MORBI, RANGPAR, RAJKOT, Gujarat	India	India
S1-442882634	S2-768760743	severe_lexical_mutation	Hitech International Private Limited	ಹೈಟೆಕ್ ಇಂಟರ್‌ನ್ಯಾಷನಲ್ ಪ್ರೈವೇಟ್ ಲಿಮಿಟೆಡ್	Bangalore North, Bangalore, #8, Karnataka, Sbi Colony, 7Th A Main, 3Rd Block, Koramangala	#8, SBI COLONY, 7TH A MAIN, 3RD BLOCK, KORAMANGALA, BANGALORE, Karnataka	India	India
S1-944157678	S3-381632452	severe_lexical_mutation	Williams Holdings Group	Wi1liams Hóldings (ID: 48167)	264 Kara Drive, Kalispell, MT	264 1/2 Kara Dr, Kalispell, Montana	US	US
S1-323331619	S2-791284952	severe_lexical_mutation	QSB Property	Viovioevo	C/O Sundar Lal, Mustil No. 30, Khasra 2/1, Village Dohar Kalan, Tehsil, Narnaul, Mahendragarh, Haryana	C/O SUNDAR LAL, MUSTIL NO. 30, KHASRA 2/1, VILLAGE DOHAR KALAN, TEHSIL, NARNAUL, MAHENDRAGARH, हरियाणा	India	India
S1-94391213	S2-178102907	numeric_mismatch	IO Technologies Private Limited	IO Tehoclogies Private Limited	P.No. B 11, Chitragupt Col A-Iii, Kota, Rajasthan	P.NO. B 0011, CHITRAGUPT COL A-III, KOTA, राजस्थान	India	India
S1-735958358	S2-56021066	severe_lexical_mutation	Future Products Pvt Ltd	ഫ്യൂച്ചർ പ്രൊഡക്ട്സ് പ്രൈവറ്റ് ലിമിറ്റഡ്	Tc 4-1708, New No. 24-3255, Viswas, House No.10, Belhaven Road, Belhaven Garden, Thiruvananthapuram, Thiruvananthapuram, Trivandrum, Kerala	TC 4-1708, NEW NO. 24-3255, VISWAS, HOUSE NO.10, BELHAVEN ROAD, BELHAVEN GARDEN, THIRUVANANTHAPURAM, TRIVANDRUM, Kerala	India	India
S1-434568747	S2-687559397	severe_lexical_mutation	Frontier Payment	LYRALUM	602 May, AZ, Unit 5, Mesa	MESA, 602 MAY, AZ	US	US
S1-149760054	S3-431460789	severe_lexical_mutation	Seven Public School	Seven Pugbldci  School	11 Haveli Juhu, 21 Suvarna Nagar Society, N.S.Road No.4, J.V.P.D., Vile Parle (Wes, T), Mumbai, Maharashtra	Haveli Juhu, T), Mumbai, MH	India	India
S1-992433899	S3-162870918	severe_lexical_mutation	Zimmerman Ace Golden Inc.	zagolden.com	Spokane Valley, 205 Park Road, WA, Unit 85	205 Park Rd, # 85, Spokane Valley, Washington	US	US
S1-461100273	S2-243780247	severe_lexical_mutation	Hitech Media LLP	హైటెక్ మీడియా ఎల్‌ఎల్‌పీ	D.No.7-18-15/1, Near Padmaja Hospital Old Gajuwaka, Visakhapatnam, Vishakhapatnam, Andhra Pradesh	D.NO.07-18-15/1, VISHAKHAPATNAM, VISAKHAPATNAM, Andhra Pradesh	India	India
S1-610557349	S3-86820903	cross_script	Jain Properties Private Limited	जैन प्रॉपर्टीज प्राइवेट लिमिटेड	504, Vardhaman Square, Rakshak Nagar Rd, Kharadi, Pune, Maharashtra	504, Vardhaman Square, Rakshak Nagar Rd, Kharadi, Pune, MH	India	India
S1-519333644	S3-468019283	cross_script	North Ram Industries Private Limited	நார்த் ராம் இண்டஸ்ட்ரீஸ் பிரைவேட் லிமிடெட்	No.128 Sidco Estates Ambattur, Chennai, Tamil Nadu	#128 Sidco Estates Ambattur, Chennai, Tiruvallur, TN	India	India
S1-860067119	S3-368322845	severe_lexical_mutation	South Logistics	South Loainltics	B-201 Pleasant Palacesodawala Lane Borivli West, Mumbai, Mumbai City, Maharashtra	B-c-201 Pleasant Palacesodawala Lane Borivli West, Mumbai, MH	India	India
S1-752987018	S3-172644222	cross_script	Surya Technology Private Limited	सूर्य टेक्नोलॉजी प्राइवेट लिमिटेड	Unit 7/ 1St Floor, 43 Ramwadi, Kalbadevi Road, Mumbai, Mumbai City, Maharashtra	#00295 Unit 7/ 1St Floor, Mumbai City, महाराष्ट्र	India	India
S1-228930414	S3-82612836	severe_lexical_mutation	Modern Solutions Private Limited	Modern Slutiosn Private Limited	K-201, Indraprastha-9, Opp Nishan Residency, Ahmadabad City, Ahmedabad, Gujarat	No 566 K-201, Ahmedabad Hq Region, Ahmedabad, GJ	India	India
S1-885555485	S3-232558074	severe_lexical_mutation	Southern Foods Private Limited	સધર્ન ફૂડ્સ પ્રાઇવેટ લિમિટેડ	Agrawal Complex 2Nd Floornext To Municipal Market C G Road Navrangpura, Ahmedabad, Ahmedabad-, Gujarat	Agrawal Complex 2Nd Floornext To Municipal Market C G Road Navrangpura, Ahmedabad-, Navrangpura, GJ	India	India
S1-973169761	S3-316490790	severe_lexical_mutation	Domain Traders Ltd	Lumecto	E- 7A/425 Ground Floor Sangam Vihar, New Delhi, South Delhi, Delhi	E- 007A/425 Ground Floor Sangam Vihar, New Delhi, South Delhi, DL	India	India
S1-75711797	S3-527299717	cross_script	International Ventures Private Limited	इंटरनेशनल वेंचर्स प्राइवेट लिमिटेड	Delhi, 64Surya Niketan, East Delhi, Delhi	64Surya Niketan, Delhi, Shakarpur, DL	India	India
S1-485372423	S3-217101871	severe_lexical_mutation	Raj Brothers Private Limited	Rajbrothers.Com	903, Snskruti Towers, B/H Akota Stadium Akota, Vadodara, Gujarat	903, Vadodara, ગુજરાત	India	India
S1-744425418	S2-491849016	cross_script	Maa Constructions Pvt Ltd	माँ कंस्ट्रक्शंस प्रा. लि.	S.No. 316B, Plot No. 1, Basappa Peth, Satara, Maharashtra	HN D/135 S.NO. 316B, SATARA, Maharashtra	India	India
S1-14251152	S2-523942618	cross_script	Ace Aditya Technologies Private Limited	एस आदित्य टेक्नोलॉजीज प्राइवेट लिमिटेड	Plot No 1064Aa A & Bchincholi Bunder Link Road Malad (W), Mumbai, Maharashtra	PLOT NO 1064AA A & BCHINCHOLI BUNDER LINK ROAD MALAD (W), MUMBAI, Maharashtra	India	India
S1-852449633	S3-73133293	severe_lexical_mutation	Sidavue LLC	Lumiri	Salem, 3159 Rosemary Lane, OR	3159 Rosemary Lane, Salem, Oregon	US	US
S1-754802648	S3-528238973	severe_lexical_mutation	Arihant Sai Consulting Private Limited	અરિહંત સાઈ કન્સલ્ટિંગ પ્રાઇવેટ લિમિટેડ	Block-B-Ff-01, The Radhe Business Empire, Daskroi, Ahmedabad, Gujarat	Block-b-ff-01, The Radhe Business Empire, Daskroi, GJ	India	India
S1-696867509	S3-611495064	severe_lexical_mutation	Shiva Balaji Foods Private Limited	Ectoorbi	1040/30 Garhi Brahman Road Mayur Vihar, Sonepat, Haryana	1040/30 Garhi Brahman Road Mayur Vihar, Sonepat, Delhi, HR	India	India
S1-285171170	S3-108587545	severe_lexical_mutation	Dynamic Consultants Pvt Ltd	డైనమిక్ కన్సల్టెంట్స్ ప్రైవేట్ లిమిటెడ్	2Nd Floor Dwaraka Heights, Plot No.17 Jubilee Enclave, Madhapur, Hitech City, Hyderabad, Telangana	Hyderabad, 2Nd Floor Dwaraka Heights, TG, Hyderabad, Plot No.17 Jubilee Enclave, Madhapur, Hitech City	India	India
S1-942357826	S3-17581554	severe_lexical_mutation	Tech Southern Global Private Limited	ಟೆಕ್ ಸದರ್ನ್ ಗ್ಲೋಬಲ್ ಪ್ರೈವೇಟ್ ಲಿಮಿಟೆಡ್	No 71 '12'1, 2Nd Block 13Th Main Near Ashoka Pillar Jayanagar 2Nd Block, Bangalore, Karnataka	No 71 '12'1, 2Nd Block 13Th Main Near Ashoka Pillar Jayanagar 2Nd Block, Bangalore, KA	India	India
S1-819870248	S3-400544521	severe_lexical_mutation	Dermatology Desert Center LLC	dermatologydesertcenter.com	8274 Hemingway Lane, Concord, OH	Hemingway Lane, Concord, Ohio	US	US
S1-229080238	S2-533470170	cross_script	Hari Om Infra Private Limited	हरि ॐ इंफ्रा प्राइवेट लिमिटेड	229/9/A Sasanemala Shop No 7, Solapur Rd Hadapsar, Pune City, Pune, Maharashtra	229/9/A SASANEMALA SHOP NO 7, SOLAPUR RD HADAPSAR, PUNE CITY, SASANE NAGAR, Maharashtra	India	India
S1-23070790	S2-4903444	severe_lexical_mutation	Swastik Food Pvt Ltd	ಸ್ವಸ್ತಿಕ್ ಫುಡ್ ಪ್ರೈವೇಟ್ ಲಿಮಿಟೆಡ್	C/O. Nnms, # 6/3, 1St Floor, 4Th Cross, Lalbagh Road, K.S. Garden, Bangalore, Karnataka	C/O. NNMS, BANGALORE, K.S. GARDEN, Karnataka	India	India
S1-123777043	S2-309721187	severe_lexical_mutation	Supreme Products Private Limited	Supreme Prdeucns Private Limited	Venkus Sadan, No.20/24, New No.610, 2Nd Cross Chikkamaranahalli, Off. New Bel Road, Bangalore, Karnataka	VENKUS SADAN, NO.D/20/24, NEW NO.610, 2ND CROSS CHIKKAMARANAHALLI, OFF. NEW BEL ROAD, ಕರ್ನಾಟಕ	India	India
S1-607575897	S3-352684443	cross_script	Raj Jay Management Private Limited	राज जय मैनेजमेंट प्राइवेट लिमिटेड	D-277 Vashi Plazasector-17 Vashi, Navi Mumbai, Mumbai City, Maharashtra	D-277 Vashi Plazasector-17 Vashi, Raigad, Mumbai City, MH	India	India
S1-936435895	S3-121624818	cross_script	Smart Business	स्मार्ट बिजनेस	Flat No. 403, Plot No.195, Sai Siddhi Residency, Panvel, Raigarh(Mh), Maharashtra	Flat No. 403, Plot No.195, Sai Siddhi Residency, Panvel, Raigarh(mh), MH	India	India
S1-246095708	S2-481670813	severe_lexical_mutation	Universal Global Pvt Ltd	universa1 glóbal pvt [ltd]	Plot No-100, Sub-Plot No-7, Shreya Residency, Kalinga Nagar, Patrapada, Bhubaneswar, Khordha, Orissa	PLOT NO-00, SUB-PLOT NO-7, SHREYA RESIDENCY, KALINGA NAGAR, PATRAPADA, BHUBANESWAR, Odisha	India	India
S1-436044635	S2-175987506	severe_lexical_mutation	Best Hospital	Best Center	Derozeo College, Rajarhat, Sunland Residency, Jagardanga, Kolkata, Parganas North, West Bengal	DOOR NO 22 DEROZEO COLLEGE, RAJARHAT, SUNLAND RESIDENCY, JAGARDANGA, KOLKATA, West Bengal	India	India
S1-444509559	S2-808115995	cross_script	My Enterprises Private Limited	माय एंटरप्राइजेज प्राइवेट लिमिटेड	G 16A, D Mall, Netaji Subhash Place, Pitampura, Delhi, North West, Delhi	G 16A, दिल्ली, DELHI, NORTH WEST	India	India
S1-624067828	S2-615336631	severe_lexical_mutation	Oncology Physicians LLC	Services Oncology-LLC Services	501 Nutbush Street, Tyler, TX	TYLER, 501 NUTBUSH ST, TX	US	US
S1-847092303	S3-671013434	cross_script	Al Food Private Limited	अल फूड प्राइवेट लिमिटेड	C/O Sri Jeet Lal Ram, S/O-Dhoori Ram, Thana Kesariya Khijirpura, East Champaran, East Champaran, Bihar	C/o Sri Jeet Lal Ram, S/o-dhoori Ram, Thana Kesariya Khijirpura, East Champaran, East Champaran, BR	India	India
S1-597346838	S3-276241298	cross_script	Green Care Private Limited	Green Care प्राइवेट लिमिटेड	S No 4/1249 First Floor Shop No 2, Saraswati Chambers, Pune City, Pune, Maharashtra	S No B3/4/1249 First Floor Shop No 2, Saraswati Chambers, Pune City, Pune, MH	India	India
S1-986239453	S3-811759602	severe_lexical_mutation	Shivam South Foundation Private Limited	shivams0uthfoundation.com	Plot No. 1094, Sector 13-17, Huda, Near Kidney Hospital, Panipat, Haryana	Plot No. 1094, Panipat, HR	India	India
S1-517812587	S2-985898740	severe_lexical_mutation	Mumbai Advisors Pvt. Ltd.	Mumbai Avdsoocs-Pvt. Ltd.	110/112 Laxmi Bldg 4Floor, Room-86, Khumbharwada, Mumbai, Maharashtra	Maharashtra, 110/112 LAXMI BLDG 4FLOOR, ROOM-86, KHUMBHARWADA, MUMBAI	India	India
S1-638817250	S3-891502252	abbreviation_acronym	Preferred Integrated Hyperliquid	PIH	122 Walnut Circle, NC, Greensboro, Unit B	122 Walnut Circle, Unit B, Greensboro, NC	US	US
S1-923618272	S3-684241480	numeric_mismatch	Ear Nose & Throat Partners LLC	Ear Nose & Throat  Partners LLC Commission	907 Jones Drive, Sheridan, AR	41 Jones Dr, Sheridan, Arkansas	US	US
S1-206820956	S3-659577894	severe_lexical_mutation	Estele Davis Environmental Services	deenvironmental.com	220 Elm Street, Unit Apt B, Hope, AR	220 Elm Street, Unit Apt B, Hope, Arkansas	US	US
S1-305085258	S3-198038612	severe_lexical_mutation	Shiva Team Private Limited	Private Shiva Tlahtm [Limited]	D No.6-1-281/2/1 Padmarao Nagar, Secunderabad, Hyderabad, Telangana	6-1-281/2/1 Padmaroa Nagar, Hyderabad, Secunderabad Cantonment, TG	India	India
S1-601616683	S3-763491714	severe_lexical_mutation	Interstate Society PC	5ervices Interstate PC	WI, 940 Lincoln Street, City Of Amery	940-A Lincoln St, City Of Amery, Wisconsin	US	US
S1-57478498	S2-9954069	severe_lexical_mutation	Sun Consultancy Private Limited	ಸನ್ ಕನ್ಸಲ್ಟೆನ್ಸಿ ಪ್ರೈವೇಟ್ ಲಿಮಿಟೆಡ್	101, Svr Heights, 4Th Cross Road Ananth Nagar Main Rd, Kammasandra, Phase 2, Electronic City, Bengaluru, Bangalore, Karnataka	101, SVR HEIGHTS, 4TH CROSS ROAD ANANTH NAGAR MAIN RD, KAMMASANDRA, PHASE 2, ELECTRONIC CITY, BENGALURU, BANGALORE, Karnataka	India	India
S1-41449586	S3-487685741	severe_lexical_mutation	Fresh Engineering Innovations LLC	Irijax	37 Winside Lane, Brookhaven, NY	37 Winside Lane, Coram, New York	US	US
S1-575564127	S3-320568480	cross_script	Raj Premier Solutions Private Limited	Raj பிரீமியர் சொல்யூஷன்ஸ் பிரைவேட் லிமிடெட்	Kanyakumari, Nagercoil, Nadesan Complex 25, Tamil Nadu, Sarkuna Veethi, Sivancoil Street	Kanyakumari, Nadesan Complex 25, Nagercoil, TN	India	India
S1-819325787	S2-900457669	severe_lexical_mutation	Red Investment Private Limited	privateinvestmentred.com	C/O Rinaben Yashvantbhai Inani, Gayatri Industrial, Estate Chandial Daskroi, Daskroi, Ahmedabad, Gujarat	HN 622 C/O RINABEN YASHVANTBHAI INANI, GAYATRI INDUSTRIAL, ESTATE CHANDIAL DASKROI, AHMEDABAD, DASKROI, ગુજરાત	India	India
S1-334848612	S3-356677671	cross_script	Shree Consultants Private Limited	Shree कंसल्टेंट्स प्राइवेट लिमिटेड	353, Mani Mahal, 2Nd Floor, Room 2, Kalbadevi Road, Mumbai, Maharashtra	35, Mani Mahal, 2Nd Floor, Room 2, Mumbai, Kalbadevi Road, MH	India	India
S1-962235681	S2-85215050	severe_lexical_mutation	Youth Association	Youth Aiarin	1401 Jefferson Street, Pekin, IL	1401. JEFFERSON STREET, PEKIN, IL	US	US
S1-886317327	S2-827958617	cross_script	Indo Investments Private Limited	इंडो इन्वेस्टमेंट्स प्राइवेट लिमिटेड	1901 Eden Woods Shahstrinagrlokhandwala Complex Andheri (W), Mumbai, Maharashtra	MUMBAI, Maharashtra, MUMBAI II, 1901 EDEN WOODS SHAHSTRINAGRLOKHANDWALA COMPLEX ANDHERI (W)	India	India
S1-550006050	S2-246565354	severe_lexical_mutation	Gardener Iron Works	Syniricalo	4115 Glenn Hi Road, Winston-salem, NC	4115-4117 GLENN HI RD, WINSTON-SALEM, NC	US	US
S1-44475187	S2-547347408	severe_lexical_mutation	Seven Estate Private Limited	സെവൻ എസ്റ്റേറ്റ് പ്രൈവറ്റ് ലിമിറ്റഡ്	C/O Zahir, Farz, Kavumbhagam, Thiruvangad, Thalassery, Kannur, Kerala	C/O ZAHIR, FARZ, KAVUMBHAGAM, THIRUVANGAD, THALASSERY, KANNUR, Kerala	India	India
S1-969544136	S3-326192214	cross_script	Indo Dynamic Consulting Private Limited	इंडो डायनामिक कंसल्टिंग प्राइवेट लिमिटेड	Sr. No. 78/60, Plot No. 1, W 'Sai Vision' Pimple Saudagar, Pune, Maharashtra	Sr. No. 78/60, Pune, महाराष्ट्र	India	India
S1-681503909	S2-360552516	cross_script	Baba Energy Private Limited	बाबा एनर्जी प्राइवेट लिमिटेड	Shop No-Ugf-29, 30Cp-68, Adarsh Complex, Sec-E Sry, Lucknow, Uttar Pradesh	SHOP NO-UGF-29, 30CP-68, ADARSH COMPLEX, SEC-E SRY, LUCKNOW, उत्तर प्रदेश	India	India
S1-95901522	S3-735725480	severe_lexical_mutation	West Institute of Technology Inc	West Institute Of	3841 Woodland Avenue, Western Springs, IL	3841 Woodland Ave, Western Sprnigs, Illinois	US	US
S1-594211942	S3-613337557	severe_lexical_mutation	Jay Technology	Jay [Techno1ogy]	No. 79, Sapthagiri Arcade, 5Th Floor, Vanivilas Road, Bangalore South, Bangalore, Karnataka	G-79, Sapthagiri Arcade, 5Th Floor, Vanivilas Road, Bangalore South, Bangalore, KA	India	India
S1-79503963	S3-43150461	severe_lexical_mutation	Beniwal Services Limited	Fayenovi	925, Mall Of Jaipur, Gandhi Path, Jaipur, Rajasthan	A-925, Mall Of Jaipur, Gandhi Path, Jaipur, राजस्थान	India	India
S1-570483833	S2-863511590	severe_lexical_mutation	Sun Consultancy Private Limited	ಸನ್ ಕನ್ಸಲ್ಟೆನ್ಸಿ ಪ್ರೈವೇಟ್ ಲಿಮಿಟೆಡ್	1689, Aecs A Block, Hal Bda Layout, Singasandra, Bangalore, Karnataka	1689, BANGALORE, Karnataka	India	India
S1-106527695	S3-49343918	severe_lexical_mutation	Apex Builders Private Limited	એપેક્સ બિલ્ડર્સ પ્રાઇવેટ લિમિટેડ	S.No. 662P1, Nr. Specific Ceramic Tal. Morbi, Dist. Morbi, Rangpar, Rajkot, Gujarat	S.no. 662P1, Rajkot, Rangpar, ગુજરાત	India	India
S1-376176068	S2-221961624	severe_lexical_mutation	Guru Finance Limited	గురు ఫైనాన్స్ లిమిటెడ్	19-6-15/5, Bahadurpura, Kishan Bagh Road, Hyderabad, Telangana	D/19-6-15/5, BAHADURPURA, KISHAN BAGH ROAD, HYDERABAD, RAJENDRANAGAR, Telangana	India	India
S1-385498297	S3-472154472	severe_lexical_mutation	Allied Imperii, LLC	Allied Ipmeerri, LLC	2502 Nelson Road, Unit 204, City Of Chippewa Falls, WI	Wisconsin, 2502. Nelson Rd, City Of Chippewa Falls, Unit 204	US	US
S1-801089175	S3-108529293	severe_lexical_mutation	Green Office LLC	Green  LLC Center	6502 Salem Drive, Fishers, IN	Salem Drive, Fishers, Indiana	US	US
S1-968627228	S2-244254055	cross_script	Dynamic Projects Pvt Ltd	डायनामिक प्रोजेक्ट्स प्रा. लि.	At Post Shirur, Shirur, Beed, Maharashtra	AT POST SHIRUR, SHIRUR, BEED, Maharashtra	India	India
S1-316249805	S2-504192355	severe_lexical_mutation	Star Foundation Pvt Ltd	ಸ್ಟಾರ್ ಫೌಂಡೇಶನ್ ಪ್ರೈವೇಟ್ ಲಿಮಿಟೆಡ್	60-D, Bommasandra Industrial Area Bommasandra, Bangalore, Karnataka	60, BANGALORE, Karnataka	India	India
S1-343025878	S3-766382477	severe_lexical_mutation	Global Coalition	G1obal Cóalition	1719 Fletcher Avenue, Indianapolis, IN	1719 Fletcher Ave, PMB 701, Indianapolis, Indiana	US	US
S1-886213628	S2-159449252	severe_lexical_mutation	Z/A Manufacturing LLC	Z/A Manufamturidn  LLC	323 Vaughan Avenue, Jericho, AR	323-D VAUGHAN AVENUE, JERICHO, AR	US	US
S1-7260384	S2-731513863	severe_lexical_mutation	Shree Foundation	Shree Fóundation	Bangalore, 36Th Cross, 5Th Main, 4Th Block Jayanagar, Karnataka, Bangalore South, No 255	NO 255, 36TH CROSS, 5TH MAIN, 4TH BLOCK JAYANAGAR, BANGALORE SOUTH, Karnataka	India	India
S1-965825653	S2-665627	cross_script	Al Ventures Private Limited	அல் வென்ச்சர்ஸ் பிரைவேட் லிமிடெட்	No 6/127, Arcot Road, Porur, Chennai, Kancheepuram, Tamil Nadu	KANCHEEPURAM, Tamil Nadu, CHENNAI, ARCOT ROAD, PORUR, DOOR NO 6/127	India	India
S1-208210530	S2-339933957	severe_lexical_mutation	Shree Nursing Home	SHREEHOMENURSING.COM	C/O Sushila Kumari A36 Vijay Nagar, Hanuman Nagar, Sampatchak, Patna, Bihar	C/O SUSHILA KUMARI A36 VIJAY NAGAR, HANUMAN NAGAR, SAMPATCHAK, Bihar	India	India
S1-863398350	S3-932333311	cross_script	Global Technology Private Limited	ग्लोबल टेक्नोलॉजी प्राइवेट लिमिटेड	31, Ashoka Colony Ganesh Nagar, Gondia, Gondia, Gondiya, Maharashtra	Block C-270 31, Gondia, महाराष्ट्र	India	India
S1-914225152	S3-245823466	severe_lexical_mutation	Ear Nose & Throat Royal Care Group	Ear Nóse & Throat Royal Care Group	4717 Papaya Drive, Fair Oaks, CA	4717 Papaya Dive, NULL, Fair Oaks, California	US	US
S1-93815121	S2-432897144	severe_lexical_mutation	Panna Certification Private Limited	pcprivate.com	626 Solaris Business Hub, Nr. Bhuyangdev Char Rasta, Ahmadabad City, Ahmedabad, Gujarat	626 SOLARIS BUSINESS HUB, NR. BHUYANGDEV CHAR RASTA, AHMADABAD CITY, AHMEDABAD, Gujarat	India	India
S1-311890962	S2-96604840	severe_lexical_mutation	Southern Consulting Pvt Ltd	সাউদার্ন Consulting Pvt Ltd	Calcutta, West Bengal, Kolkata, 71/1 Canal Circular Roadwef 02 09 97 Ps Beliaghata	null, KOLKATA, H.NO ##71/1 CANAL CIRCULAR ROADWEF 02 09 97 PS BELIAGHATA, পশ্চিমবঙ্গ	India	India
S1-14823286	S2-621478239	cross_script	Green Bharat Constructions Private Limited	ग्रीन भारत कंस्ट्रक्शंस प्राइवेट लिमिटेड	401, 4Th Floor, Plot 63, Kadri Manzil, Dontad Street, Mumbai, Maharashtra	401, MUMBAI, Maharashtra	India	India
S1-664844877	S2-153228298	severe_lexical_mutation	Al Healthcare Private Limited	... Al Healthcare Private (ID: 77164)	4-281 K V Podu, Antarvedipalem, Eastgodavar, East Godavari, Andhra Pradesh	DOOR NO 4-281 K V PODU, ANTARVEDIPALEM, EAST GODAVARI, Andhra Pradesh	India	India
S1-998778055	S2-748603394	severe_lexical_mutation	National Initiative P.C.	National Iniaiiative P.C.	203 Taft Avenue, Wilmington, DE	203 TAFT AVENUE, WILMINGTON, DE	US	US
S1-408555590	S3-216922324	severe_lexical_mutation	Animal Welfare Network	Animal Wialffer (Network)	2343 Gelding Drive, Phoenix, AZ	2343 Gelding Dr, Sunnyslope, Arizona	US	US
S1-363645442	S3-151441161	severe_lexical_mutation	Cardiology Center	Cardiology Cénter	1077 Preserve Street, Weatherford, TX	1077-C Preserve St, Weatherford Township, Texas	US	US
S1-428852641	S2-281427089	cross_script	Ram Technologies LLP	राम टेक्नोलॉजीज एलएलपी	A-301 A-Wing, Sale Building, Suvidha Pearl, Sir P.M. Road, Kunkuwadi, Bori Chawl, Tps-V, Mumbai, Maharashtra	A-301 A-WING, SALE BUILDING, SUVIDHA PEARL, SIR P.M. ROAD, KUNKUWADI, BORI CHAWL, TPS-V, MUMBAI, Maharashtra	India	India
S1-160679916	S3-910316520	cross_script	South Consulting Pvt Ltd	साउथ कंसल्टिंग प्रा. लि.	13, Ganesh Baug Building No.1, Manik Baug, Sinhgad Road, Opposite Indian Hume Pipe, Company, Pune, Maharashtra	13, Ganesh Baug Building No.1, Manik Baug, Sinhgad Road, Opposite Indian Hume Pipe, Company, Pune, महाराष्ट्र	India	India
S1-829133582	S3-744984105	severe_lexical_mutation	Total Earth	T0tal éarth	Unit 19, Mobile, AL, 2500 Old Military Road	Mobile, Old Military Road, Alabama, Unit 19	US	US
S1-684172442	S3-19758282	cross_script	Southern Constructions Private Limited	सदर्न कंस्ट्रक्शंस प्राइवेट लिमिटेड	Mcf307 B S Colony, Ballabgarh, Faridabad, Haryana	Jawan, Ballabgarh, हरियाणा, Mcfa-307 B S Colony	India	India
S1-28262274	S2-593125558	severe_lexical_mutation	Overseas Research Pvt Ltd	Overseas Resaerah Pvt Ltd	304, Town Centre, Andheri-Kurla Road, Andheri-E, Mumbai, Mumbai City, Maharashtra	Maharashtra, 304, TOWN CENTRE, ANDHERI-GURLA ROAD, ANDHERI-E, MUMBAI	India	India
S1-898866920	S3-814488828	severe_lexical_mutation	Northern Summit Regency	Northern Súmmit	20 Aquia Avenue, Stafford County, VA	20-22 Aquia Ave, Staffford, Virginia	US	US
S1-442637152	S2-872190079	cross_script	Silver Care Private Limited	सिल्वर केयर प्राइवेट लिमिटेड	Mathura, 155, Uttar Pradesh, Mathura, Dev Nagar, Malgodam Road, Gali No. 4	155, MATHURA, Uttar Pradesh	India	India
S1-614060557	S3-598266560	cross_script	Jay Infra	जय इंफ्रा	51-B F/F Laxmi Nagar, Delhi, East Delhi, Delhi	51-B F/f Laxmi Nagar, East Delhi, दिल्ली	India	India
S1-757474281	S3-924975395	severe_lexical_mutation	West Staffing Inc	West Inc Partners	27 Walnut Street, Magnolia, DE	27 Walnut Street, NULL, Magnolia, Delaware	US	US
S1-208210530	S3-417676179	severe_lexical_mutation	Shree Nursing Home	Shree Home Service	C/O Sushila Kumari A36 Vijay Nagar, Hanuman Nagar, Sampatchak, Patna, Bihar	BR, C/o Sushila Kumari A36 Vijay Nagar, Sampatchak, Patna	India	India
S1-122714678	S2-915601378	severe_lexical_mutation	Cantu Quality Berto LLC	cántuqualityberto.com	Tichnor, 427 Whiting Lane, AR	427 WHITING LANE, TICHNOR, AR	US	US
S1-53582980	S3-937303316	missing_address	Shiv Impex LLP	Shiv Iemx LLP	01, Raj Shopping Arcade, Gr Floor, Opp. Kothari Milestone, S V Road, Malad, West, Mumbai, Maharashtra		India	India
S1-629458353	S3-318533776	severe_lexical_mutation	Pediatric Specialists of Town Of Dellona	pstown.com	S992 Christmas Mountain Road, Unit UNIT 208, Town Of Dellona, WI	S992 Christmas Mountain Road, Unit UNIT 208, Town Of Dellona, Wisconsin	US	US
S1-442637152	S3-57813578	cross_script	Silver Care Private Limited	सिल्वर केयर प्राइवेट लिमिटेड	Mathura, 155, Uttar Pradesh, Mathura, Dev Nagar, Malgodam Road, Gali No. 4	H.no 722 155, Dev Nagar, Malgodam Road, Gali No. 4, Mathura, Vrindaban, UP	India	India
S1-325316719	S3-438307499	severe_lexical_mutation	Sarasiya India Limited	Arcsolio	Dalua Street Infront Of Nrusingha Temple, Berhampur, Ganjam, Orissa	Dalua Street Infront Of Nrusingha Temple, Berhampur, Ganjam, Orissa	India	India
S1-517322263	S2-191546091	cross_script	Shivam Foods LLP	शिवम फूड्स एलएलपी	117B, First Floor Somdutt Ch-1, Bhikaji Cama Place, Delhi, South Delhi, Delhi	117B, FIRST FLOOR SOMDUTT CH-1, BHIKAJI CAMA PLACE, DELHI, SOUTH DELHI, दिल्ली	India	India
S1-238093217	S3-847723982	severe_lexical_mutation	National Guild	Ectoxylowex Formerly National Guild	Richlands, 297 Bannermans Mill Road, NC	297 Bannermans Mill Road, NC, Richlands	US	US
S1-914225152	S2-333723280	severe_lexical_mutation	Ear Nose & Throat Royal Care Group	Ear Nose & Tnct Royal Care Group	4717 Papaya Drive, Fair Oaks, CA	FAIR OAKS, CA, PAPAYA DR	US	US
S1-458305883	S2-144282992	cross_script	Al Lakshmi Infotech Private Limited	अल लक्ष्मी इंफोटेक प्राइवेट लिमिटेड	H.No:5A, Vinayak Puram Sector-12, Vikas Nagar, Lucknow, Uttar Pradesh	H.NO:5A, VINAYAK PURAM SECTOR-12, VIKAS NAGAR, LUCKNOW, उत्तर प्रदेश	India	India
S1-112393541	S3-76861612	severe_lexical_mutation	Shree Constructions Private Limited	ಶ್ರೀ ಕನ್‌ಸ್ಟ್ರಕ್ಷನ್ಸ್ ಪ್ರೈವೇಟ್ ಲಿಮಿಟೆಡ್	Sathish Enclave, 6Th Cross, Shiridi Layout, 4Th Block, Ayyappa Nagar, K R Puram, Bengaluru, Bangalore North, Bangalore, Karnataka	Sathish Enclave, 6Th Cross, Shiridi Layout, 4Th Block, Ayyappa Nagar, K R Puram, Bengaluru, Bangalore North, Bangalore, KA	India	India
S1-690833669	S2-636040293	severe_lexical_mutation	Ear Nose & Throat Health Corp	earnose.com	201 Clinton Street, New Athens, IL	201 CLINTON ST, NEW ATHENS, IL	US	US
S1-671230362	S2-986956706	severe_lexical_mutation	Family Partners LLC	Family LLC Services	350 Chicago Avenue, Pinebluff, NC	PINEBLUFF, NC, 350 CIICAGO AVENUE	US	US
S1-969994160	S2-136255392	cross_script	Great Developers Pvt Ltd	ग्रेट डेवलपर्स प्रा. लि.	102 Saimaya Plot No 104 Sector 29 Vashi, Navi Mumbai, Maharashtra	H.NO 102 SAIMAYA PLOT NO 104 SECTOR 29 VASHI, NAVI MUMBAI, Maharashtra	India	India
S1-379790397	S2-218104490	severe_lexical_mutation	Bright Investment Pvt Ltd	Ltd Bright Pvt Partners	50 Nishat Colony Link Road Tt Nagar, Bhopal, Madhya Pradesh	C-50 NISHAT COLONY LINK ROAD TT NAGAR, Madhya Pradesh, PUNE, BHOPAL	India	India
S1-9351477	S3-290585187	cross_script	Lotus Technologies Private Limited	लोटस टेक्नोलॉजीज प्राइवेट लिमिटेड	Csn 1888, Shop No. 309, Omega Towers, Karvir, Kolhapur, Maharashtra	Csn 1888, Karvir, Kolhapur, MH	India	India
S1-597346838	S2-180754750	cross_script	Green Care Private Limited	ग्रीन केयर प्राइवेट लिमिटेड	S No 4/1249 First Floor Shop No 2, Saraswati Chambers, Pune City, Pune, Maharashtra	S NO 4/1249 FIRST FLOOR SHOP NO 2, PUNE, Maharashtra	India	India
S1-767948269	S3-541183617	severe_lexical_mutation	Green Software Private Limited	greensoftware.com	Plot No 59 And 60 Prashanth Nagar Vanasthalipuram Hayathnagar, Hyderabad, Rangareddy, Telangana	Plot No 59 And 60 Prashanth Nagar Vanasthalipuram Hayathnagar, null, Hyderabad, Rangareddy, Andhra Pradesh	India	India
S1-328894514	S2-854949250	severe_lexical_mutation	Pediatric Dental Health Associates	Pediatric Déntal	NY, Brookhaven, 21 Birchwood Drive	BIRCHWOOD DRIVE, NY, SHIRLEY	US	US
S1-982925202	S3-973648499	cross_script	Unique My Consulting Private Limited	यूनिक माय कंसल्टिंग प्राइवेट लिमिटेड	S No.98 Elite Homes Flat No 401 Akshra Internation, Al School Thathwade, Pune, Maharashtra	S No.98 Elite Homes Flat No 401 Akshra Internation, Pune, Al School Thathwade, MH	India	India
S1-590954081	S3-983748222	severe_lexical_mutation	Ear Nose & Throat Clinic	Gilddrex t/a Ear Nose & Throat Clinic	1817 Rio Grande Way, Bullhead City, AZ	1817 Rio Grande Way, Bullhead City, AZ	US	US
S1-935119903	S2-825991277	severe_lexical_mutation	Precision Brothers Private Limited	Sri Precision Bróthers	Flat B2, Shreenathji Housing Society, Jalgaon, Maharashtra	महाराष्ट्र, FLAT B2-, SHREENATHJI HOUSING SOCIETY, JALGAON	India	India
S1-98898527	S2-657512424	cross_script	Sunrise Impex Pvt Ltd	सनराइज इम्पेक्स प्रा. लि.	Usha Rani Gupta Himanshu Sadan 5Park Road Lko, Lucknow, Uttar Pradesh	Uttar Pradesh, LUCKNOW, HUSSAINGANJ, USHA RANI GUPTA HIMANSHU SADAN 5PARK ROAD LKO	India	India
S1-453941962	S2-990867255	severe_lexical_mutation	Real Developers	রিয়েল ডেভেলপারস	Howrah, West Bengal, Mukta Ram Babu Street, 163, Kolkata	163, KOLKATA, HOWRAH, West Bengal	India	India
S1-553537343	S3-443396291	severe_lexical_mutation	East Liquidity	East Lquiiity	5311 Childs Road, Rivergrove, OR	#5311 Childs Road, Rivergrove, Oregon	US	US
S1-79468405	S2-974925470	severe_lexical_mutation	Great Products Private Limited	ଗ୍ରେଟ୍ ପ୍ରୋଡକ୍ଟସ୍ ପ୍ରାଇଭେଟ୍ ଲିମିଟେଡ୍	Plot No- 420/3725, Bajrang Vihar, Patia, Bhubaneswar, Khordha, Orissa	PLOT NO- 420/3725, BHUBANESWAR, KHORDHA, Odisha	India	India
S1-414260962	S2-142935517	severe_lexical_mutation	Galaxy Galaxy Technology Pvt Ltd	ಗ್ಯಾಲಕ್ಸಿ ಗ್ಯಾಲಕ್ಸಿ ಟೆಕ್ನಾಲಜಿ ಪ್ರೈವೇಟ್ ಲಿಮಿಟೆಡ್	No.9 &22, Old Khata 1053/1, Nagasandra, Vidyanagar, Bangalore North, Bangalore, Karnataka	NO 009 &22, BANGALORE NORTH, BANGALORE, ಕರ್ನಾಟಕ	India	India
S1-953760777	S3-54847148	severe_lexical_mutation	Arihant Logistics Private Limited	Arihant Lgoggitsics Private Limited	Bl -1, 13Th Floor, Fl-13D 76/1B Bidhan Sarani, Kolkata, Kolkata, Howrah, West Bengal	Bl -1, Kolkata, Howrah, WB	India	India
S1-532934978	S2-518872911	severe_lexical_mutation	Cardiology All Group LLC	CARDIOLOGY GRÓUP LLC [CENTER]	547 Patriot Court, Gurnee, IL	547 PATAIOT COURT, GURNEE, IL	US	US
S1-989244809	S2-876122051	severe_lexical_mutation	Red Logistics Private Limited	রেড লজিস্টিকস প্রাইভেট লিমিটেড	30A/1 Nabalia Para Roadw E F 06 09 2000 P S, Kolkata, Calcutta, West Bengal	DOOR NO 30A/1 NABALIA PARA ROADW E F 06 09 2000 P S, CALCUTTA, BASIRHAT, West Bengal	India	India
S1-543648021	S3-337122298	cross_script	Lotus Ventures Private Limited	लोटस वेंचर्स प्राइवेट लिमिटेड	Sai Multi Services, Chate Complex Opp Shaniwar Bajar, Near Bhalerao Pump, Gangakhed, Parbhani, Maharashtra	Sai Multi Services, Chate Complex Opp Shaniwar Bajar, Near Bhalerao Pump, Parbhani, Gangakhed, MH	India	India
S1-283697996	S3-979884440	severe_lexical_mutation	Metro Ventures Partners	Metro Ventures [Services] - 4645198881	1671 Century Circle, Woodbury, MN, Unit Unit 114	1671 Century Cir, Unit Unit 114, Woodbury, Minnesota	US	US
S1-755601675	S2-763021101	severe_lexical_mutation	Smart Foods Private Limited	સ્માર્ટ ફૂડ્સ પ્રાઇવેટ લિમિટેડ	At: Kuvadiya, Ta: Kambhiliya Village - Kuvadiya, Taluka -Khambhalia, Jamnagar, Gujarat	AT: KUVADIYA, JAMNAGAR, ગુજરાત	India	India
S1-794578932	S3-589212468	severe_lexical_mutation	Laxmi Jay Constructions Private Limited	ଲକ୍ଷ୍ମୀ ଜୟ କନଷ୍ଟ୍ରକସନ୍ସ୍ ପ୍ରାଇଭେଟ୍ ଲିମିଟେଡ୍	Plot No-1367 Mouza-Jaypur, Orissa, Bhubaneswar, Khordha, Near Santha Tulasi	Plot No-1367 Mouza-jaypur, Near Santha Tulasi, Bhubaneswar, OD	India	India
S1-582002415	S3-861688005	cross_script	United Dynamic Business Private Limited	யுனைடெட் Dynamic பிசினஸ் பிரைவேட் லிமிடெட்	D 12/3 N 25 Solaiappa Street Mylapore, Chennai, Tamil Nadu	Plot 75 D 12/3 N 25 Solaiappa Street Mylapore, Chennai, தமிழ்நாடு, Chennai	India	India
S1-552493378	S2-560658106	severe_lexical_mutation	Ship Brothers Limited	5hip Limited Center	S4, Rose Apartment, Beside Hasmee Apartment Nr. Jafri Tower, Kochrab, Paldi, Ahmedabad, Gujarat	S4, AHMEDABAD, Gujarat	India	India
S1-394441564	S2-989093174	numeric_mismatch	Ramirez Services	>> ORBIXYLO	879 Franklin Street, Skaneateles, NY	877 FRANKLIN ST, SKANEATELES, NY	US	US
S1-949153727	S2-992491212	cross_script	Golden Finance Private Limited	गोल्डन फाइनेंस प्राइवेट लिमिटेड	Office No. A207, 2Nd Floor, Freight Forwarders Premises, Plot No. 5, Sect 1, Dronagiri, Ur, An, Navi Mumbai, Raigarh, Maharashtra	OFFICE NO. A207, 2ND FLOOR, FREIGHT FORWARDERS PREMISES, PLOT NO. 5, SECT 1, DRONAGIRI, UR, AN, RAIGARH, NAVI MUMBAI, महाराष्ट्र	India	India
S1-527448977	S3-506157779	abbreviation_acronym	Pnj & Co	PC	Flat No. 703, Hyderabad, Telangana, 7Th Floor, 9Th Block, Mansarovar Heights, Phase 2, Hasmathpet	Flat No. 703, 7Th Floor, 9Th Block, Mansarovar Heights, Phase 2, Hasmathpet, Hyderabad, Telangana	India	India
S1-10984020	S3-58586733	severe_lexical_mutation	Pediatric Dentistry Center	Pediatric  Dotitsry Center	1228 Elm Ridge Avenue, Carroll, MD	1228 Elm Ridge Ave, Carroll, Maryland	US	US
S1-35676890	S3-232033743	severe_lexical_mutation	Galaxy Products Private Limited	ಗ್ಯಾಲಕ್ಸಿ ಪ್ರೊಡಕ್ಟ್ಸ್ ಪ್ರೈವೇಟ್ ಲಿಮಿಟೆಡ್	#22, 1St Floor, Mcsr Mansion, 2Nd Cross Maruthi Layout, Sanjaynagar, Bangalore, Karnataka	#A-22, 1St Floor, Mcsr Mansion, 2Nd Cross Maruthi Layout, Sanjaynagar, Bengaluru, Bangalore, KA	India	India
S1-825045389	S2-425925238	severe_lexical_mutation	Commission on Environmental Protection	commissionon.com	407 Hillcrest Avenue, Wilmington, DE	407 HILLCREST AVENUE, WILMINGTON, DE	US	US
S1-278865681	S2-149690520	abbreviation_acronym	Sitzes Beacon Food Inc	SBF	2 Davis Love Drive, Chapel Hill, NC	38 DAVIS LOVE DRIVE, CHAPEL HILL, NC	US	US
S1-595581241	S3-656216653	severe_lexical_mutation	T K & E Signs Co	Kt.Com	NY, Unit Apartment 1, Buffalo, 635 Starin Avenue	35 Starin Avenue, Unit Apartment 1, Buffalo, New York	US	US
S1-353887747	S2-473006785	severe_lexical_mutation	Brooks Rocky Hawk Partners	Quocalo	869 Retriever Way, Galt, CA	RETRIEVER WAY, GALT, CA	US	US
S1-873464752	S2-86901649	severe_lexical_mutation	Physical Therapy Clinic LLC	MIRASYN	2 Main Street, Bozeman, MT	2 MAIN ST, BOZEAMN, MT	US	US
S1-558589765	S2-296726936	severe_lexical_mutation	Colonial Program	Colonial Ptrrgam	811 Skimmer Court, Sugar Land, TX	811 Skimmer Ct, SUGAR LAND, TX	US	US
S1-399120002	S3-549376269	numeric_mismatch	Surgical Group	Surgical (Ínc)	20701 Beavercreek Road, Oregon City, OR	0020701 Beavercreek Road, Oregon City, Oregon	US	US
S1-879410932	S2-801937487	cross_script	Global Lotus Infra	ग्लोबल लोटस इंफ्रा	2703/4Cherishlifestyle, Jsd Rd Mulund West Oldacc, Mumbai, Maharashtra	2703/4CHERISHLIFESTYLE, MUMBAI, महाराष्ट्र	India	India
S1-50990433	S2-918185258	cross_script	Raj Services	राज सर्विसेज	362 Functional Indl.Estatepatparganj, New Delhi, East Delhi, Delhi	362 FUNCTIONAL INDL.ESTATEPATPARGANJ, NEW DELHI, EAST DELHI, Delhi	India	India
S1-331113741	S2-949344104	severe_lexical_mutation	Empire Center	Empire Cntr	16075 Cook Lake Trail, Plymouth, IN	COOK LAKE TRAIL, PLYMOUTH, IN	US	US
S1-734419252	S2-438052301	severe_lexical_mutation	Apex Consulting Private Limited	ఏపెక్స్ కన్సల్టింగ్ ప్రైవేట్ లిమిటెడ్	D.No.25-18-36, Sampathnagar, Main Road, Guntur, Andhra Pradesh	MAIN ROAD, D.NO.25-18-36, Andhra Pradesh	India	India
S1-506472762	S3-658459618	severe_lexical_mutation	Geneva Good Superior Northwest Center	Ggsuperior.Com	1671 Lacon Road, Falkville, AL	1671 Lacon Road, Alabama, Falkville	US	US
S1-356264091	S2-263754960	severe_lexical_mutation	West Auto Sales	West Auto (ID: 95108)	7432 24th Court, Fl 0, Wichita, KS	7432 24TH COURT, WICHITA, KS	US	US
S1-898656588	S3-347577525	severe_lexical_mutation	Ss Foundation	Ectoirivantage dba Ss Foundation	1St Floor, Flat-F4, Shivam Apartment, Maharashtra, S.No.329/16, Miraj, Sangli	S.No.329/16, 1St Floor, Flat-F4, Shivam Apartment, Miraj, Sangli, Maharashtra	India	India
S1-76670484	S2-751789395	cross_script	Maa Systems Private Limited	मां सिस्टम्स प्राइवेट लिमिटेड	Maharashtra, Mumbai, 1St Floor, 132 Shivshakti Ind Estate A K Road Marol, Andheri East, Mumbai City	1ST FLOOR, 132 SHIVSHAKTI IND ESTATE A K ROAD MAROL, ANDHERI EAST, MUMBAI, MUMBAI CITY, Maharashtra	India	India
S1-44711103	S2-437380617	cross_script	Maa Innovative Infra Pvt Ltd	माँ इनोवेटिव इंफ्रा प्रा. लि.	Pune City, Pune, 224, Bhavani Peth Pune, Maharashtra, Off B 108 Kalpataru Plaza	OFF B 108 KALPATARU PLAZA, 224, BHAVANI PETH PUNE, PUNE, PUNE CITY, महाराष्ट्र	India	India
S1-795343601	S3-125352065	severe_lexical_mutation	Brito Properties, LLC	Nylasyn	1049 Houston Blalock Road, NC, Roxboro	North Carolina, 1049 Houston Blaolck Rd, Roxboro CDP	US	US
S1-288934190	S2-494239355	severe_lexical_mutation	Nelson, Verena G., Esq.	NVG.CÓM	1751 Shiloh Drive, Unit Apt 212, Fayetteville, AR	1751 SHILOH DR, FAYETTEVILL ECITY, AR	US	US
S1-786439272	S2-170830600	severe_lexical_mutation	Eastern Enterprises Private Limited	ಈಸ್ಟರ್ನ್ ಎಂಟರ್‌ಪ್ರೈಸಸ್ ಪ್ರೈವೇಟ್ ಲಿಮಿಟೆಡ್	No1 No 47/2 80 Feet Road, Bsk 6Th Stage Turahalli, Bangalore South, Bangalore, Karnataka	NO1 NO 47/2 80 FEET ROAD, BANGALORE SOUTH, BANGALORE, ಕರ್ನಾಟಕ	India	India
S1-427454487	S3-364923446	severe_lexical_mutation	Soden Ventures P.C.	5oden P.C. Services	1441 103 Street, Brooklyn, NY	1441 103 St, PO Box 4066, Brooklyn, New York	US	US
S1-746190904	S2-256085535	cross_script	Good Jain Solutions Pvt Ltd	गुड जैन सॉल्यूशंस प्रा. लि.	Shop No 113, Plot No 9, Bhoomi Mall, Sector 15 Cbd Belapur, Thane, Maharashtra	SHOP NO G-113, PLOT NO 9, BHOOMI MALL, SECTOR 15 CBD BELAPUR, THANE, Maharashtra	India	India
S1-595581241	S3-362718543	severe_lexical_mutation	T K & E Signs Co	tke.com	NY, Unit Apartment 1, Buffalo, 635 Starin Avenue	35 Starin Ave, Unit Apartment 1, Buffalo, New York	US	US
S1-214592864	S2-572447849	cross_script	Shiva Investment Private Limited	சிவா இன்வெஸ்ட்மெண்ட் பிரைவேட் லிமிடெட்	31., Site No.51., Balaguru Garden, First Cross, P K D Nagar Extension., Peelamedu, Coimbatore, Tamil Nadu	31., SITE NO.51., BALAGURU GARDEN, FIRST CROSS, P K D NAGAR EXTENSION., PEELAMEDU, COIMBATORE, Tamil Nadu	India	India
S1-780466294	S2-594112982	severe_lexical_mutation	TJY Leasing Private Limited	tlprivate.com	G-117, Ground Floor Dilshad Colony, Shahdara, New Delhi, East Delhi, Delhi	G-#117, GROUND FLOOR DILSHAD COLONY, SHAHDARA, NEW DELHI, EAST DELHI, Delhi	India	India
S1-290353753	S2-278158635	severe_lexical_mutation	Classic Impex Private Limited	ക്ലാസിക് ഇംപെക്സ് പ്രൈവറ്റ് ലിമിറ്റഡ്	Room No. 10/124 O, Reliable Arcade, Amala Nagar, Adat Grama Panchayat, Thrissur, Kerala	ROOM NO. 0/124 O, THRISSUR, Keralam	India	India
S1-861183527	S3-556384555	cross_script	Urban Finance Pvt Ltd	अर्बन फाइनेंस प्रा. लि.	575, Aggarwal Millennuim Tower-Ii Netaji Subhash Place, Pitampura, New Delhi, North West, Delhi	575, Aggarwal Millennuim Tower-ii Netaji Subhash Place, Pitampura, New Delhi, North West, DL	India	India
S1-641840687	S3-17837514	severe_lexical_mutation	Silver Tech Private Limited	સિલ્વર ટેક પ્રાઇવેટ લિમિટેડ	Office No 4-D, Fourth Flr, Vardan Tower, Lakhudi Rd, Ahmadabad City, Ahmedabad, Gujarat	Ahmedabad, Office No 4, Ahmadabad City, Fourth Flr, Vardan Tower, Lakhudi Rd, GJ	India	India
S1-926168933	S2-382095038	cross_script	Blue Impex Private Limited	ब्लू इम्पेक्स प्राइवेट लिमिटेड	Krishnam, 34C/24, Nawab Yusuf Road Civil Lines, Allahabad, Uttar Pradesh	KRISHNAM, ALLAHABAD, Uttar Pradesh	India	India
S1-41259778	S2-24619326	severe_lexical_mutation	Oncology Care	@oncologycare	2836 Rose Avenue, Halethorpe, MD	2836 ROSE AVENUE, HALETHORPE, MD	US	US
S1-671721392	S2-931429736	cross_script	Shyam It Private Limited	ஷ்யாம் ஐடி பிரைவேட் லிமிடெட்	No.53F, First Floor-Front Portion, 2Nd Street, Sripuram Colony, St.Thomas Mount, Saidapet, Kanchipuram, Tamil Nadu	SAIDAPET, Tamil Nadu, NO.53F, KANCHEEPURAM, FIRST FLOOR-FRONT PORTION, 2ND STREET, SRIPURAM COLONY, ST.THOMAS MOUNT	India	India
S1-949791931	S2-606206404	cross_script	Fortune Dream Builders Private Limited	फॉर्च्यून ड्रीम बिल्डर्स प्राइवेट लिमिटेड	A-132 Okhla Industrial Areaphase Ii, New Delhi, South Delhi, Delhi	A-32 OKHLA INDUSTRIAL AREAPHASE II, NEW DELHI, SOUTH DELHI, Delhi	India	India
S1-156659889	S2-277959004	severe_lexical_mutation	Allied Illinois Inc	Allied Inc (Services)	6412 Hemlock Street, Village Of Vesper, WI	6412. HEMLOCK STREET, VILLAGE OF VESPER, WI	US	US
S1-47616992	S2-469499430	severe_lexical_mutation	Future Infra LLP	ఫ్యూచర్ ఇన్‌ఫ్రా ఎల్‌ఎల్‌పీ	Mulakanoor, Warangal Urban, Telangana, Bheemadevarapally, 10-124/1/B	10-124/1/B, WARANGAL URBAN, Andhra Pradesh	India	India
S1-605921047	S2-449574465	severe_lexical_mutation	Lakshmi Infrastructure Private Limited	LAKSHMI PRIVATE LIMITED CENTER	V-158/3 F/F Kh No-58 Gali, No-5, Arvind Nagar Ghonda, East Delhi, Delhi	V-7-158/3 F/F KH NO-58 GALI, NO-5, ARVIND NAGAR GHONDA, EAST DELHI, Delhi	India	India
S1-801889435	S2-793514044	cross_script	Smart Care Private Limited	स्मार्ट केयर प्राइवेट लिमिटेड	Fl 02 Pl 95&96 Sect 10 Hari Milan Apt New Panvel, Navi Mumbai, Mumbai City, Maharashtra	6-91 FL 02 PL 95&96 SECT 10 HARI MILAN APT NEW PANVEL, NAVI MUMBAI, MUMBAI CITY, महाराष्ट्र	India	India
S1-755601675	S3-236710395	severe_lexical_mutation	Smart Foods Private Limited	સ્માર્ટ ફૂડ્સ પ્રાઇવેટ લિમિટેડ	At: Kuvadiya, Ta: Kambhiliya Village - Kuvadiya, Taluka -Khambhalia, Jamnagar, Gujarat	At: Kuvadiya, Ta: Kambhiliya Village - Kuvadiya, Taluka -Khambhalia, Jamnagar, GJ	India	India
S1-983979134	S3-528931230	severe_lexical_mutation	Southern Ace Constructions Private Limited	সাউদার্ন এইস কনস্ট্রাকশনস প্রাইভেট লিমিটেড	17 1A Ritchie Road, Kolkata, Calcutta, West Bengal	17 1A Ritchie Road, Calcutta, Gariahat, WB	India	India
S1-10468395	S2-262035953	cross_script	Best Foundation Private Limited	बेस्ट फाउंडेशन प्राइवेट लिमिटेड	D/68, Jai Prakash Nagar Rd No.2, New Mand, Patna, Bihar	D/68, PATNA, बिहार	India	India
S1-686272156	S3-930276547	severe_lexical_mutation	Patriot Program	Patriot Pmgoam	629 Cr 307, Orange Grove, TX	629 Cr 307, Orange Grove, Texas	US	US
S1-200673271	S3-264332141	cross_script	Super Business Private Limited	सुपर बिजनेस प्राइवेट लिमिटेड	151, Pocket G-30 Sector-3, Rohini, New Delhi, North West, Delhi	Pocket G-30 Sector-3, Rohini, New Delhi, DL, 151	India	India
S1-545007722	S3-205436789	severe_lexical_mutation	Ss Infrastructure Pvt Ltd	Ss ઇન્ફ્રાસ્ટ્રક્ચર પ્રા. લિ.	Ls 299, Beside Starz Club, Chekla Vilage, Sanand, Ahmedabad, Gujarat	Hn 96 Ls 299, Beside Starz Club, Chekla Vilage, Ahmedabad, Sanand, ગુજરાત	India	India
S1-566722568	S2-831730732	cross_script	City Technologies Private Limited	सिटी टेक्नोलॉजीज प्राइवेट लिमिटेड	Meridien Apartments Chs Ltd, Veera Desai Road, Andheri (W), Mumbai City, 501/4, Mumbai, Maharashtra	B3/501/4, BOMBAY, MUMBAI CITY, Maharashtra	India	India
S1-159025738	S2-649405766	cross_script	Blue Hospitality Private Limited	ब्लू हॉस्पिटैलिटी प्राइवेट लिमिटेड	A-Hanuman Complex, 1St Floor, Azad Nagar Chouraha, Pur Road, Bhilwara, Rajasthan	A-HANUMAN COMPLEX, BHILWARA, राजस्थान	India	India
S1-652315195	S3-603530217	severe_lexical_mutation	Global Services Private Limited	Global સર્વિસીસ Private Limited	206-207, Shangrila Arcade, Opp. Shyamal Row Houses, Shyamal Cross Road, Satellite, Ahmedabad, Gujarat	206-207/9, Shangrila Arcade, Opp. Shyamal Row Houses, Shyamal Cross Road, Satellite, Ahmedabad, GJ	India	India
S1-969544136	S2-960517892	cross_script	Indo Dynamic Consulting Private Limited	इंडो डायनामिक कंसल्टिंग प्राइवेट लिमिटेड	Sr. No. 78/60, Plot No. 1, W 'Sai Vision' Pimple Saudagar, Pune, Maharashtra	SR. NO. 78/60, PLOT NO. 1, W 'SAI VISION' PIMPLE SAUDAGAR, PUNE, महाराष्ट्र	India	India
S1-824530419	S3-513319267	cross_script	Hari Tech Private Limited	ஹரி டெக் பிரைவேட் லிமிடெட்	113-5 Sathy Road Near Athipalayam Pirivu, Ganapathy, Coimbatore, Tamil Nadu	#113-5 Sathy Road Near Athipalayam Pirivu, Coimbatore, TN	India	India
S1-673356401	S3-816115410	cross_script	Pioneer Shree Projects	पायोनियर श्री प्रोजेक्ट्स	B-88, Ground Floor, Gali No.1, Mandawali Fazalpur, Delhi	B-88, Ground Floor, Gali No.1, Mandawali Fazalpur, दिल्ली	India	India
S1-990551891	S3-297370743	severe_lexical_mutation	Federal Toyo	-- Federal Tóyo	467 Gouaux Avenue, Houma, LA	467 Gouaux Avenue, Houma, Louisiana	US	US
S1-201686223	S2-374211797	cross_script	Indo Impex Limited	इंडो इम्पेक्स लिमिटेड	Mr. Ram Varan C-2/1000, Gali No. 24, Kh-No. 23/12, Harsh Vihar, East Delhi, Delhi	MR. RAM VARAN C-G-2/1000, SHAHDARA, EAST DELHI, दिल्ली	India	India
S1-725696322	S3-151443972	cross_script	Golden Developers Private Limited	கோல்டன் டெவலப்பர்ஸ் பிரைவேட் லிமிடெட்	165, Lakeview Road, Westmambalam, Madras-33., Mambalam, Madras-33., Chennai, Tamil Nadu	H.no D/149 165, Chennai, Madras-33., TN	India	India
S1-322699362	S3-357489430	severe_lexical_mutation	Frontier Agnc LLC	Frontier Acn  LLC	IL, 1714 Wells Street, Chicago	1714 1/2 Wells Street, Chicago, Illinois	US	US
S1-826209313	S3-728563718	abbreviation_acronym	Empire Holding Company LLC	EHC	482 2150, Cedar City, UT	482 2150, Cedar City, UT	US	US
S1-463566852	S3-341804481	severe_lexical_mutation	New Infrastructure Limited	New Limited Center	No.15, 1St Floor, 1St Main Club Road, Rpck Layout Ii Stage, Vijayan, Agar, Bangalore, Karnataka	15, 1St Floor, 1St Main Club Road, Rpck Layout Ii Stage, Vijayan, Agar, Bangalore, ಕರ್ನಾಟಕ	India	India
S1-295105184	S2-690588958	numeric_mismatch	Atlantic Committee V	At1antic Commetstee V	23730 Piney Creek Drive, Athens, AL	2373 PINEY CREEK DRIVE, <NULL>, ATHENS, AL	US	US
S1-937164631	S3-661333647	abbreviation_acronym	Twisted Auto Body	TAB	2525 Pierson Street, Unit 12, Phoenix, AZ	2525 Pierson Street, Unit 12, Phoenix, AZ	US	US
S1-408555590	S2-519665347	severe_lexical_mutation	Animal Welfare Network	AWNETWORK.COM	2343 Gelding Drive, Phoenix, AZ	2343- GELDING DR, SUNNYSLOPE, AZ	US	US
S1-376668820	S2-4076355	severe_lexical_mutation	Best Marketing Private Limited	ಬೆಸ್ಟ್ ಮಾರ್ಕೆಟಿಂಗ್ ಪ್ರೈವೇಟ್ ಲಿಮಿಟೆಡ್	No:C-8, 2Nd Floor, Room No. 2, Kudremukh Colony 2Nd Block, Sarjapur Road, Koramangala, Bangalore, Karnataka	NO:C-8, 2ND FLOOR, ROOM NO. 2, KUDREMUKH COLONY 2ND BLOCK, SARJAPUR ROAD, KORAMANGALA, BANGALORE, Karnataka	India	India
S1-435996370	S2-626940526	cross_script	Indian Global Private Limited	इंडियन ग्लोबल प्राइवेट लिमिटेड	C-13, Hig Colony, R.S.S. Nagar, Indore, Madhya Pradesh	C-D/13, HIG COLONY, R.S.S. NAGAR, INDORE, Madhya Pradesh	India	India
S1-252889479	S2-142259238	severe_lexical_mutation	Royal Trading Private Limited	റോയൽ ട്രേഡിംഗ് പ്രൈവറ്റ് ലിമിറ്റഡ്	Kuzhimuriyil House, House No. Vi/573 Chayalode Post, Ezhamkulam, Adoor, Pathanamthitta, Kerala	KUZHIMURIYIL HOUSE, PATHANAMTHITTA, ADOOR, കേരളം	India	India
S1-252483164	S2-474563162	cross_script	Eastern Foundation Private Limited	ईस्टर्न फाउंडेशन प्राइवेट लिमिटेड	K25, Upper Ground Floor Sikari Bhatta, Sham Nagar, Tilaknagar, New Delhi, West Delhi, Delhi	K25, WEST DELHI, NEW DELHI, दिल्ली	India	India
S1-460161707	S2-130521828	severe_lexical_mutation	Balaji Projects Limited	ಬಾಲಾಜಿ ಪ್ರಾಜೆಕ್ಟ್ಸ್ ಲಿಮಿಟೆಡ್	Aashirawad, 4Th Cross, Green Leaf Extension, Ejipura, Koramangala, Bangalore, Karnataka	BLOCK A-G-974 AASHIRAWAD, BANGALORE, ಕರ್ನಾಟಕ	India	India
S1-470322716	S3-527024190	numeric_mismatch	Flint LP	[LP] Flihhnt	12810 210th Circle, Elk River, MN	012810 210st Circle, Elk River, Minnesota	US	US
S1-118314079	S3-707015641	cross_script	Tech International Private Limited	टेक इंटरनेशनल प्राइवेट लिमिटेड	Kh No. 364 Lathmar Colony Baghu, Ghaziabad, Uttar Pradesh	Kh No. 364 Lathmar Coloyn Baghu, Ghaziabad, UP	India	India
S1-927463860	S3-976024183	severe_lexical_mutation	Vision Hospitality LLP	ವಿಷನ್ ಹಾಸ್ಪಿಟಾಲಿಟಿ ಎಲ್ಎಲ್‌ಪಿ	Sy.No.88/4 First Floor, Singasandra Begur Hobli, Hosur Main Road, Bangalore, Karnataka	Sy.no.88/4 First Floor, Bangalore, KA, Singasandra Begur Hobli, Hosur Main Road	India	India
S1-435458795	S2-523959830	severe_lexical_mutation	Community Program PLLC	Community Poagdrm-PLLC	1653 Oregon Avenue, Steubenville, OH	1653 OREGON AVE, STEUBENVILLE, OH	US	US
S1-779629365	S3-385284531	cross_script	Future Hospitality Private Limited	फ्यूचर हॉस्पिटैलिटी प्राइवेट लिमिटेड	Prayagraj, Uttar Pradesh, Allahabad, 832 D Baghambari Gaddi Allahpur	Door No 832 D Baghambari Gaddi Allahpur, Prayagraj, Allahabad, UP	India	India
S1-902227224	S2-154900704	cross_script	Hotel Builders Private Limited	होटल बिल्डर्स प्राइवेट लिमिटेड	3 No. Dsiidc, Scheme-1, Okhla Phase-2, New Delhi, Delhi	H.NO 3 NO. DSIIDC, SCHEME-1, OKHLA PHASE-2, NOIDA, NEW DELHI, Delhi	India	India
S1-117592532	S3-884301237	severe_lexical_mutation	Urology Gulf Group	urologygulfgroup.com	326 Palm Street, Glade Spring Town, VA	326 Palm Street, Glade Spring Town, Virginia	US	US
S1-605716148	S2-451316535	severe_lexical_mutation	Future Agro Private Limited	ଫ୍ୟୁଚର୍ ଆଗ୍ରୋ ପ୍ରାଇଭେଟ୍ ଲିମିଟେଡ୍	Dhamara Balisahi, Bhadrak, Basudebpur, Bhadrak, Orissa	DHAMRRA BALISAHI, ଓଡ଼ିଶା, BHADRAK, BASUDEBPUR, BHADRAK	India	India
S1-316700060	S3-899153220	severe_lexical_mutation	Cardiology Value Clinic LLC	cardiologyvalueclinic.com	5 Schenck Avenue, Unit Apartment 3H, Great Neck Plaza, NY	5 Schenck Ave, # Apartment 3H, Great Neck Plaza, New York	US	US
S1-728167460	S2-204259659	severe_lexical_mutation	South Trading LLP	ಸೌತ್ ಟ್ರೇಡಿಂಗ್ ಎಲ್ಎಲ್‌ಪಿ	No. 305, Brigade Business Suites, No. 44, T Mariyappa Road, Jayanagar 2Nd Block, Bangalore, Karnataka	305, BANGALORE, ಕರ್ನಾಟಕ	India	India
S1-219692570	S3-390701234	severe_lexical_mutation	Pediatric Interstate Care Associates	Pediatricinterstatecare.Com	4481 Forest Hills Boulevard, Parma, OH	4481 Forest Hills Blvd, Parma, Ohio	US	US
S1-179140121	S3-384774398	cross_script	My It Pvt Ltd	माय आईटी प्रा. लि.	5526/1, New Delhi, Delhi, Basti Harphool Singhsadar Thana Road Delhi-6	5526/1, Basti Harphool Singhsadar Thana Road Delhi-6, Chandni Chowk, DL	India	India
S1-147553636	S3-925648183	cross_script	White Dream Services	व्हाइट ड्रीम सर्विसेज	A-652, Sector- 19, Noida, Gautam Buddha Nagar, Uttar Pradesh	Plot 220 A-652, Gautam Buddha Nagar, UP	India	India
S1-349826635	S2-615525676	severe_lexical_mutation	Foot & Ankle Associates, LLC	Foot & Ánkle Associates, LLC	1225 Rio Grande Drive, Allen, TX	#1225 RIO GRANDE DR, ALLEN, TX	US	US
S1-686170445	S2-356541391	cross_script	Jai Exports Private Limited	जय एक्सपोर्ट्स प्राइवेट लिमिटेड	B-42, 4Th Floor Aditi Apart, Paatparganj, New Delhi, Delhi	B-42, NEW DELHI, MANDAWALI FAZALPUR, Delhi	India	India
S1-825895489	S3-3635504	severe_lexical_mutation	Peak Secure Pearl LLC	Dovawex	12351 Dutton Road, Unit APT 1305, VA, Chesterfield County	Dutton Road, Chesterfield County, Virginia	US	US
S1-185339767	S2-137667006	numeric_mismatch	Metro Foundation	Metro Services	965 Rocky Point Lane, Tega Cay, SC	0965 ROCKY POINT LANE, TEGA CAY, SC	US	US
S1-669325825	S3-159095313	cross_script	United It Limited	यूनाइटेड आईटी लिमिटेड	C/O. Mr. Ramesh Sangwan, Opp Aggarwal Hospital, Behind Bank, Bhiwani, Haryana	C/o. Mr. Ramesh Sangwan, Opp Aggarwal Hospital, Behind Bank, Bhiwani, HR	India	India
S1-290992676	S2-373867004	severe_lexical_mutation	One Impex Private Limited	વન ઇમ્પેક્સ પ્રાઇવેટ લિમિટેડ	Survey No. 254/5 P1 P2, Village Jalida, Opp. Actionwear, Taluka Wankaner, Morbi, Gujara, T., Morbi, Rajkot, Gujarat	SURVEY NO. 254/5 P1 P2, VILLAGE JALIDA, OPP. ACTIONWEAR, TALUKA WANKANER, MORBI, GUJARA, T., RAJKOT, MORBI, ગુજરાત	India	India
S1-438475025	S3-59260048	severe_lexical_mutation	Zephyr PC	Zteiyhr PC	9401 Jones Road, TX, Houston	9401 Jones Road, Houton, Texas	US	US
S1-159025738	S3-312433552	cross_script	Blue Hospitality Private Limited	ब्लू हॉस्पिटैलिटी प्राइवेट लिमिटेड	A-Hanuman Complex, 1St Floor, Azad Nagar Chouraha, Pur Road, Bhilwara, Rajasthan	A-hanuman Complex, 1St Floor, Azad Nagar Chouraha, Pur Road, Bhilwara, RJ	India	India
S1-452195318	S2-227963584	severe_lexical_mutation	Future Power Private Limited	ఫ్యూచర్ Power ప్రైవేట్ లిమిటెడ్	H.No 8-2-293/82/A/3, Road No.5, Near Metro Station, Jubilee Hills, Hyderabad, Shaikpet, Hyderabad, Telangana	ROAD NO.5, NEAR METRO STATION, JUBILEE HILLS, HYDERABAD, NO #8-2-293/82/A/3, Telangana, HYDERABAD, SHAIKPET	India	India
S1-282697380	S3-748239786	severe_lexical_mutation	Paras Finserv Limited	Shri Ectocira	11-A, Abdul Gaffarkhan Road, Worli, Mumbai, Maharashtra	Door No 0043 11-A, Abdul Gaffarkhan Road, Mumbai (SUBURBAN), Mumbai, MH	India	India
S1-5777509	S2-383041511	severe_lexical_mutation	C & G Constellation LLC	C + G Cónstllirln0 LLC - 8539278029	9330 Liberty Hollow Road, Ellettsville, IN	9330 LIBERTY HOLLOW ROAD, ELLETTSVILLE, IN	US	US
S1-942927206	S3-649057003	cross_script	Vision Enterprises Private Limited	विजन एंटरप्राइजेज प्राइवेट लिमिटेड	301-302, Haryana, Gurgaon, 3Rd Floor, Good Earth City Centre, Sector-50, Gurgaon	H.no 651 301-302, 3Rd Floor, Good Earth City Centre, Sector-50, Gurgaon, HR	India	India
S1-604620177	S2-744767347	cross_script	Tirupati Best Constructions LLP	तिरुपति बेस्ट कंस्ट्रक्शंस एलएलपी	Shop No.4, Ground Floor, G.E.Summit-A Plot No.56 Sector-15, Cbd-Belapur, Thane, Maharashtra	SHOP NO.4, GROUND FLOOR, G.E.SUMMIT-A PLOT NO.56 SECTOR-15, CBD-BELAPUR, THANE, Maharashtra	India	India
S1-516263583	S3-500164329	severe_lexical_mutation	New Hari Investments Private Limited	న్యూ హరి ఇన్వెస్ట్‌మెంట్స్ ప్రైవేట్ లిమిటెడ్	Telangana, 38/3 Krishna Nagar Kukatpally, Hyderabad	తెలంగాణ, Door No 38/3 Krishna Ngaar Kukatpally, Hyderabad	India	India
S1-723104568	S3-92283042	cross_script	All Consultancy Limited	ऑल कंसल्टेंसी लिमिटेड	488, 3, Rampur Devrai, Lucknow, Uttar Pradesh	488, 3, Rampur Devrai, Lucknow, UP	India	India
S1-394077940	S2-767447387	cross_script	South Energy	சவுத் எனர்ஜி	Old No.62, First Floor Jeenis Road, Saidapet, Chennai, Tamil Nadu	OLD NO.62, CHENNAI, Tamil Nadu	India	India
S1-29202373	S3-876260808	abbreviation_acronym	Fortune Exports Limited	FE	Plot No 36, Bp Number, Nit, Faridabad, Haryana, Faridabad, Haryana	Plot No 36, Bp Number, Nit, Faridabad, Haryana, Faridabad, Haryana	India	India
S1-718006993	S2-782244770	severe_lexical_mutation	Chand Vision	M/s CVISION.COM	30-2-12/1 Burra Varii Street, Kakinada, East Godavari, Andhra Pradesh	EAST GODAVARI, Andhra Pradesh, KAKINADA, 30-2-12/1  BURRA VARII STREET	India	India
S1-433414973	S2-372207114	severe_lexical_mutation	Al Shiv Power Private Limited	Al Shiv ಪವರ್ ಪ್ರೈವೇಟ್ ಲಿಮಿಟೆಡ್	Rajdhani, 4Th Floor, No.10, Shankarmutt Road, Chamrajpet, Bangalore South, Bangalore, Karnataka	RAJDHANI, D/4TH FLOOR, NO.10, SHANKARMUTT ROAD, CHAMRAJPET, BANGALORE SOUTH, Karnataka	India	India
S1-997377040	S3-181030778	severe_lexical_mutation	Sarathy Vidyalaya	Dovaorbiveo	C/O Ashadulla Molla, Vill Ghanashyampur Po Banganagar, Ps Falta, South 24 Parganas, Parganas South, West Bengal	C/o Ashadulla Molla, South 24 Parganas, WB	India	India
S1-37515586	S3-330956555	cross_script	Blue Hotel Management Pvt Ltd	ब्लू होटल मैनेजमेंट प्रा. लि.	New No-122/201-A Kh No.5, West Delhi, Delhi, New Delhi, 2 Mahabir Enclave Dwarka	Door No 87 New No-122/201-a Kh No.5, New Delhi, West Delhi, DL	India	India
S1-396300332	S3-606423108	severe_lexical_mutation	HH International Limited	HH Inetrnatbioanl Limited	No. 4/238, Nochad, Chenoli, Koyilandi, Kozhikode, Kerala	Kozhikode, 4/238, Kozhikode, KL	India	India
S1-446467788	S2-794519194	cross_script	High Developers Private Limited	ஹை டெவலப்பர்ஸ் பிரைவேட் லிமிடெட்	No 3 2Nd Cross Street Sidco Industrial Estate Ambattur, Chennai, Tamil Nadu	NO 3 2ND CROSS STREET SIDCO INDUSTRIAL ESTATE AMBATTUR, CHENNAI, Tamil Nadu	India	India
S1-669182455	S3-290016978	cross_script	Hari Business Private Limited	हरि बिजनेस प्राइवेट लिमिटेड	Goriya Toli, Station Road, Po-G.P.O, P S-Kotwali, Patna, Bihar	Goriya Toli, Station Road, Po-g.p.o, P S-kotwali, Patna, BR	India	India
S1-97059024	S3-303551834	severe_lexical_mutation	Al Technology	Sri Ál-Tcemhnlooyg	6/9 Eknathpuram Near Shankar Nagar, Amravati, Maharashtra	6/9 Eknathpuram Near Shankar Nagar, Amravati, महाराष्ट्र	India	India
S1-573303469	S2-119100698	severe_lexical_mutation	Vision Care Associates	LUMARCECTO	1900 Northwestern Avenue, West Lafayette, IN	1900 NORTHWESTERN AVENUE, IN, WEST LAFAYETTE	US	US
S1-935727990	S2-576233200	severe_lexical_mutation	Construction Shiva Solutions LLP	C0NSTRUCTIONSHIVASOLUTIONSCOM	526, Front Of Shivtara Hotel, Gardi, Sangli, Khanapur, Sangli, Maharashtra	7-526, KHANAPUR, Maharashtra, NEVARI	India	India
S1-159025738	S3-569388500	abbreviation_acronym	Blue Hospitality Private Limited	Blue	A-Hanuman Complex, 1St Floor, Azad Nagar Chouraha, Pur Road, Bhilwara, Rajasthan	A-Hanuman Complex, 1St Floor, Azad Nagar Chouraha, Pur Road, Bhilwara, Rajasthan	India	India
S1-462144817	S2-195366695	severe_lexical_mutation	Provue LLC	PRBGVSIE LLC	4232 Lantana Court, Santa Maria, CA	4232 LANTANA COURT, SANTA MARIA, CA	US	US
S1-274085128	S2-824150977	severe_lexical_mutation	Ip & Sons LLP	ipsons.com	Rz-D4A, G/Floor Khasra No. 21/20, West Sagarpur, New Delhi, South West Delhi, Delhi	Delhi, NEW DELHI, SOUTH WEST DELHI, RZ-D4A	India	India
S1-426678992	S3-981828493	severe_lexical_mutation	Orthopedic Center Inc	Nexiri doing business as Orthopedic Center Inc	8655 Powder Point, Eden, UT	8655 Powder Point, Eden, UT	US	US
S1-687794573	S3-701511731	cross_script	Global Finance Pvt Ltd	Global फाइनेंस प्रा. लि.	513 Express Tower, Azadpur Commecial Complex, Delhi, North West Delhi, Delhi	No 513 Express Tower, Delhi, North West Delhi, दिल्ली	India	India
S1-59876637	S3-872208549	severe_lexical_mutation	Urology Clinic	Urology (Climnc)	TX, Austin, 9021 Ipswich Bay Drive	9021 Ipswich Bay Drive, N/A, Austin CITY, Texas	US	US
S1-385741670	S2-617401133	severe_lexical_mutation	St. Israel	St. Iesdlel	47 Labelle Drive, Augusta County, VA	47 LABELLE DRIVE, STUARTS DRAFT, VA	US	US
S1-195714423	S3-786373605	severe_lexical_mutation	Work Shiv Pvt Ltd	Ectodelta	22/2 Murai Mohalla, Indore, Madhya Pradesh	22/2 Murai Mohalla, Indore, Madhya Pradesh	India	India
S1-44138416	S2-246308963	severe_lexical_mutation	Dermatology Partners LLC	ptrdermatology.com	505 Western Avenue, Sioux Falls, SD	505 Western Ave, N/A, SIOUX FALLS, SD	US	US
S1-997377040	S2-605811037	severe_lexical_mutation	Sarathy Vidyalaya	VSARATHY.COM	C/O Ashadulla Molla, Vill Ghanashyampur Po Banganagar, Ps Falta, South 24 Parganas, Parganas South, West Bengal	C/O ASHADULLA MOLLA, SOUTH 24 PARGANAS, West Bengal	India	India
S1-527557330	S2-328632551	numeric_mismatch	Guru Products	গুরু প্রোডাক্টস	264, Vidyasagar Pally, Milan Garh Md. K. C. Road, Po - Ghola Bazar, Kolkata, Parganas North, West Bengal	PARGANAS NORTH, West Bengal, KOLKATA, 2-64	India	India
S1-781327588	S3-236136346	severe_lexical_mutation	Vision Group	Vision Gróup Service	W7561 F, Town Of Maine, WI	Wisconsin, Shiocton, W7561 F	US	US
S1-44138416	S2-227919407	severe_lexical_mutation	Dermatology Partners LLC	dermatologypartners.com	505 Western Avenue, Sioux Falls, SD	505 WESTERN AVE, N/A, SIOUX FALLS, SD	US	US
S1-759581340	S2-971743024	severe_lexical_mutation	Black Finance Private Limited	બ્લેક ફાઇનાન્સ પ્રાઇવેટ લિમિટેડ	Block No. 528/A/1 Plot No. 13 Giriraj Society, Anjani Industries Bharthana - Kosad Road, Chorayasi, Surat, Gujarat	BLOCK F-C-81 BLOCK NO. 528/A/1 PLOT NO. 13 GIRIRAJ SOCIETY, Gujarat, SURAT	India	India
S1-2369997	S3-314181634	cross_script	Vision Systems Limited	விஷன் சிஸ்டம்ஸ் லிமிடெட்	Old No.55/6, Tamil Nadu, Chennai, Chennai City Corporation, New.No.97/6, Arcot Road, Kodambakkam	H.no 55/6, New.no.97/6, Arcot Road, Kodambakkam, Chennai City Corporation, Chennai, TN	India	India
S1-221315093	S2-450746046	severe_lexical_mutation	Cascade Mellon	Cascade Mce	39 Florence Way, Farmington, CT	39 FLORENCE WAY, FARMINGTON, CT	US	US
S1-396300332	S3-902049195	severe_lexical_mutation	HH International Limited	Hhinternational.Com	No. 4/238, Nochad, Chenoli, Koyilandi, Kozhikode, Kerala	No. 4/238, Kozhikode, Koyilandi, KL	India	India
S1-747769786	S2-260301492	cross_script	Eastern Business Private Limited	ईस्टर्न बिजनेस प्राइवेट लिमिटेड	Star Consultancy C/O Sanjay Kumar Bhargv Near Pnb Purana Telephone Exchange K Samne, Raj W, Ell, Sardarshahar, Churu, Rajasthan	STAR CONSULTANCY C/O SANJAY KUMAR BHARGV NEAR PNB PURANA TELEPHONE EXCHANGE K SAMNE, SARDARSHAHAR, CHURU, Rajasthan	India	India
S1-441567229	S2-246408630	severe_lexical_mutation	Pediatric Dental Prairie Group LLC	Ariaveo	3239 39th Street, Omaha, NE	3239 39TH STREET, OMAHA CDP, NE	US	US
S1-129804856	S2-445363390	severe_lexical_mutation	Dynamic Trading Private Limited	డైనమిక్ ట్రేడింగ్ ప్రైవేట్ లిమిటెడ్	Andhra Pradesh, Revenue Ward No 11, 11-3-317/1 Ramatalkies Area, Macherla, Guntur	11-3-317/ RAMATALKIES AREA, REVENUE WARD NO 11, MACHERLA, GUNTUR, ఆంధ్రప్రదేశ్	India	India
S1-666343734	S2-462780046	cross_script	Shiv International Private Limited	शिव इंटरनेशनल प्राइवेट लिमिटेड	4 Mulji Mistry Buildingno B 64-B Tejpal Road Vile Parle East, Mumbai, Maharashtra	MUMBAI, Maharashtra, MUMBAI, 4- MULJI MISTRY BUILDINGNO B 64-B TEJPAL ROAD VILE PARLE EAST	India	India
S1-10468395	S3-992946103	cross_script	Best Foundation Private Limited	बेस्ट फाउंडेशन प्राइवेट लिमिटेड	D/68, Jai Prakash Nagar Rd No.2, New Mand, Patna, Bihar	D/68, Jai Prakash Nagar Rd No.2, New Mand, Patna, BR	India	India
S1-557845018	S2-480582718	severe_lexical_mutation	Hotel Solutions	Hotel Partners	C-724, New Friends Colony, New Delhi, South Delhi, Delhi	C-724., NEW FRIENDS COLONY, NEW DELHI, Delhi	India	India
S1-437213733	S2-682750671	severe_lexical_mutation	Aditya Bright Builders Limited	ആദിത്യ ബ്രൈറ്റ് ബിൽഡേഴ്സ് ലിമിറ്റഡ്	Door No.Vii/63, Pannikode Kunissery Post, Palakkad, Kerala	DOOR NO.VII/63, PANNIKODE KUNISSERY POST, PALAKKAD, Keralam	India	India
S1-754802648	S3-164166186	severe_lexical_mutation	Arihant Sai Consulting Private Limited	Arihant	Block-B-Ff-01, The Radhe Business Empire, Daskroi, Ahmedabad, Gujarat	Block-B-Ff-01, The Radhe Business Empire, Daskroi, Ahmedabad, Gujarat	India	India
S1-420665256	S2-717710294	cross_script	United Systems Private Limited	यूनाइटेड सिस्टम्स प्राइवेट लिमिटेड	Flat No. B 23, Swapnanagar Apartments Wing Bm/S, Vyankatesh Construction, S.No. 6/9, Maharashtra, Pune	Maharashtra, SWAPNANAGAR APARTMENTS WING BM/S, VYANKATESH CONSTRUCTION, S.NO. 6/9, FLAT NO. B 23, PUNE	India	India
S1-750657371	S2-632126415	severe_lexical_mutation	Alpha Services Private Limited	ଆଲଫା ସର୍ଭିସେସ୍ ପ୍ରାଇଭେଟ୍ ଲିମିଟେଡ୍	Rushi Behera, Immam Nagar Ps Jagatpur, Cuttack, Cuttack, Orissa	CUTTACK, RUSHI BEHERA, Odisha	India	India
S1-974071929	S2-491072407	cross_script	Ram Infra	ராம் இன்ஃப்ரா	Old No.19, New No.12, 10Th Cross Road, Indira Nagar, Adyar, Chennai, Tamil Nadu	CHENNAI, DOOR NO 19, NEW NO.12, 10TH CROSS ROAD, INDIRA NAGAR, ADYAR, CHENNAI, Tamil Nadu	India	India
S1-914617351	S2-350210485	severe_lexical_mutation	Total Hospitality Associates Inc	thassociates.com	SC, Unit B, 123 Morningside Drive, Seneca	123 MORNINGSIDE DRIVE, SC, SENECA	US	US
S1-11384020	S2-973906074	abbreviation_acronym	X 7 N Biracilik LLC	#x7	38 Carver Street, Cambridge, MA	38 CAREVR ST, NULL, CAMBRIDGE, MA	US	US
S1-58144122	S3-933449541	severe_lexical_mutation	Pioneer Estate	Pioneer Erosaec Erosaec	A-139, Floor 3Rd, Gujrawala Town Part - 1, New Dehi, Delhi	A-139, Floor 3Rd, Gujrawala Town Part - 1, New Dehi, दिल्ली	India	India
S1-659014506	S2-137044392	severe_lexical_mutation	West Charitable Trust	westcharitabletrust.com	Hotel Anandvihar, No.39, K.R.Road, Opp: Vanivilas Hospital, Bangalore, Karnataka	Karnataka, BLOCK F-951 HOTEL ANANDVIHAR, NO.39, K.R.ROAD, OPP: VANIVILAS HOSPITAL, BANGALORE	India	India
S1-14251152	S2-415997616	cross_script	Ace Aditya Technologies Private Limited	एस आदित्य टेक्नोलॉजीज प्राइवेट लिमिटेड	Plot No 1064Aa A & Bchincholi Bunder Link Road Malad (W), Mumbai, Maharashtra	DOOR NO 1064AA A & BCHINCHOLI BUNDER LINK ROAD MALAD (W), MUMBAI, महाराष्ट्र	India	India
S1-469910714	S2-589659982	numeric_mismatch	Institute of Technology	Institute of Tamchloliyg	175 Bingham Road, Melbourne, AR	0175 BINGHAM RD, AR, MELBOURNE	US	US
S1-54868449	S3-19928470	severe_lexical_mutation	Jones School of Medicine LLC	Jones 5chool of LLC Partners	IL, 314 Fulton Street, Lacon	314 Fulton Street, Lacon, Illinois	US	US
S1-246817492	S3-637333053	cross_script	Hari Impex Private Limited	हरि इम्पेक्स प्राइवेट लिमिटेड	D-14, Bldg.No.4, Smallindustries Co-Op.Society Ltd.Goregaon, Mumbai, Maharashtra	Mumbai, Bldg.no.4, D-14, MH, Smallindustries Co-op.society Ltd.goregaon	India	India
S1-57588381	S2-588051675	cross_script	Bombay Infrastructure Limited	बॉम्बे इंफ्रास्ट्रक्चर लिमिटेड	332/158, Shop No. 7, 8, Chowk Rd, Bargat Lucknow, Lucknow, Uttar Pradesh	332/15, LUCKNOW, Uttar Pradesh	India	India
S1-510873908	S3-864638329	severe_lexical_mutation	Baba Power Private Limited	Zephjax doing business as Baba Power Private Limited	No. 1/497-C, Near Karumala, Maha Deva Devi Temple, Koyilandi, Kozhikode, Kerala	No. 1/497-C, Near Karumala, Maha Deva Devi Temple, Koyilandi, Kozhikode, Kerala	India	India
S1-657060842	S3-43747551	severe_lexical_mutation	Indo Hari Developers Limited	ઇન્ડો હરિ ડેવલપર્સ લિમિટેડ	Rajkot, Gujarat, Revenue Survey No. 490 Paikee & 526, Nh-27 At Village Kuvadva	Nh-27 At Village Kuvadva, GJ, Revenue Survey No. #490 Paikee & 526, Rajkot	India	India
S1-452025803	S3-647755258	severe_lexical_mutation	Peak Better Metro	Peak Better Mgtaro - 3004442691	4 Lourdes Court, Lake Saint Louis, MO	4 Lourdes Court, Lake Saint Louis, Missouri	US	US
S1-100411530	S3-473572518	severe_lexical_mutation	Seven Tech Private Limited	Kelolyra One	Delhi, Vaid Waranai Sarak, Delhi, 1240	1240, Vaid Waranai Sarak, Delhi	India	India
S1-394077940	S3-844766355	cross_script	South Energy	சவுத் எனர்ஜி	Old No.62, First Floor Jeenis Road, Saidapet, Chennai, Tamil Nadu	Old No.62, Chennai, TN	India	India
S1-571312186	S2-70229082	severe_lexical_mutation	Complete Investments LLC	Complete LLC-Service	100 Birch Ridge Road, Westford, VT	100 BIRCH RIDGE RD, WESTFORD, VT	US	US
S1-298907561	S2-845788207	severe_lexical_mutation	Sky International Private Limited	સ્કાય ઇન્ટરનેશનલ પ્રાઇવેટ લિમિટેડ	36, Parthbhumi Society, Nr. Govt. Tubeweel, Bopal, Ahmedabad, Gujarat	36, AHMEDABAD HQ REGION, AHMEDABAD, Gujarat	India	India
S1-720495351	S3-175018099	severe_lexical_mutation	Aura & Co	Auna and C0	Sn.20/2, Suraj Apt Pl -1/J, 0000Bld- B Wing, Kondhawa Kd, Pune, Maharashtra	Sn.20/2, Suraj Apt Pl -1/J, 0000Bld- B Wing, Kondhawa Kd, Pune, MH	India	India
S1-969750347	S3-564066355	cross_script	Vijay Al Foundation Pvt Ltd	विजय अल फाउंडेशन प्रा. लि.	C/O Prakash, Devi Ahilyabi, Jharar Ghat Lalitpur, Talbehat, Lalitpur, Uttar Pradesh	UP, C/o Prakahs, Lalitpur, Talbehat	India	India
S1-676409457	S2-276761468	cross_script	High It Private Limited	हाई आईटी प्राइवेट लिमिटेड	N-13, 2Nd Floor, Jagat Ram Park, Laxmi Nagar, Delhi, East Delhi, Delhi	N-#13, 2ND FLOOR, JAGAT RAM PARK, LAXMI NAGAR, EAST, EAST DELHI, दिल्ली	India	India
S1-27848184	S2-645812688	severe_lexical_mutation	Regional Charities	Regional Chárities Chárities	2455 Sh 6, Sugar Land, TX	2455- SH 6, SUGAR LAND, TX	US	US
S1-886201492	S3-20727644	severe_lexical_mutation	New Properties	న్యూ ప్రాపర్టీస్	Plot No.610, Road No.33 Jubilee Hills, Hyderabad, Telangana	Plot No.610, Road No.33 Jubilee Hills, Bangalore, TG	India	India
S1-323142467	S3-258756735	severe_lexical_mutation	My Foundation Limited	Umbraonyx	Flat S3 Ii Floor Moongi Enclave No.1 Eswaran Koil Street, Urapakkam, Kancheepuram, Tamil Nadu	Flat S3 Ii Floor Moongi Enclave No.1 Eswaran Koil Street, Urapakkam, Kancheepuram, தமிழ்நாடு	India	India
S1-844492132	S2-476376665	cross_script	Shyam Developers Private Limited	श्याम डेवलपर्स प्राइवेट लिमिटेड	Ashok Kumar Jha, S/O Surendra Nath Jha, Iocl Colony, Kumhrar, Patna, Sampatchak, Patna, Bihar	Bihar, S/O SURENDRA NATH JHA, IOCL COLONY, KUMHRAR, PATNA, SAMPATCHAK, ASHKO KUMAR JHA, PATNA	India	India
S1-971594350	S3-359060430	cross_script	Guru Technology Private Limited	गुरु टेक्नोलॉजी प्राइवेट लिमिटेड	Shop No. M-8, Gurgaon, Haryana, Qutub Plaza, Dlf Phase-1, Gurugram	Shop No. M-8, Qutub Plaza, Dlf Phase-1, Gurugram, Gurgaon, हरियाणा	India	India
S1-641505760	S3-299509118	severe_lexical_mutation	Worth Elite Inc.	wórthelite.com	915 E Muhammad Ali Blvd, Unit 2, Louisville, KY	#915 East Muhammad Ali Blvd, # 2, Louisville, Kentucky	US	US
S1-746963045	S2-235044025	cross_script	Pioneer Exports Pvt Ltd	पायोनियर एक्सपोर्ट्स प्रा. लि.	C/O Maneesh Gupta, Mohammad Zai Kachcha Katra, Near Ram Mohan Electricals, Shahjahanpur, Uttar Pradesh	C/O MANEESH GUPTA, MOHAMMAD ZAI KACHCHA KATRA, NEAR RAM MOHAN ELECTRICALS, SHAHJAHANPUR, उत्तर प्रदेश	India	India
S1-823577381	S2-307487697	severe_lexical_mutation	Hotel Power Private Limited	ಹೋಟೆಲ್ ಪವರ್ ಪ್ರೈವೇಟ್ ಲಿಮಿಟೆಡ್	Bangalore, 4Th Floor, Lakshmi Complex No.40, K.R.Road(Fort), No.12, Karnataka	NO.12, BANGALORE, N/A, Karnataka	India	India
S1-978927101	S2-909424303	numeric_mismatch	Eastern Enclave Inc.	Eastern Ehclne Inc.	6 Simona Shores Drive, Gorham, ME	006 SIMONA SHORES DRIVE, GORHAM, ME	US	US
S1-72390573	S2-43255163	cross_script	Ace Laxmi Global Private Limited	एस लक्ष्मी ग्लोबल प्राइवेट लिमिटेड	104 Victoria Emporyaa 3 Deepak Marg, Adarsh Nagar, Jaipur, Rajasthan	104/4 VICTORIA EMPORYAA 3 DEEPAK MARG, JAIPUR, Rajasthan	India	India
S1-115531066	S2-625538353	cross_script	Sree Foundation Private Limited	श्री फाउंडेशन प्राइवेट लिमिटेड	Flat No B-1305 B Wing 13Th Floor Manav Kalyan Chs Ltd, Link Road, Bangur Nagar Goregaon, West, Mumbai, Mumbai City, Maharashtra	GREATER MUMBAI, MUMBAI, Maharashtra, FLAT NO B-1305 B WING 13TH FLOOR MANAV KALYAN CHS LTD	India	India
S1-409788480	S2-868498023	cross_script	Big Tech Exports Private Limited	बिग टेक एक्सपोर्ट्स प्राइवेट लिमिटेड	Plotno.161/1, Nrindustower, Industrial Area, Dukheri, Ambala, Haryana	161/1, AMBALA, हरियाणा	India	India
S1-360923160	S3-4139878	severe_lexical_mutation	Atlantic Paper Inc	atlanticpaper.com - 3512436302	6348 Trafalgar Court, Norfolk City, VA	6348 Trafalgar Court, PMB 7966, Norfolk, Virginia	US	US
S1-124991677	S3-728893287	cross_script	High Marketing Private Limited	हाई मार्केटिंग प्राइवेट लिमिटेड	C/O Ajit Ankush Gore, Maharashtra, Surya Mala Complex Main Road Akluj, Solapur	C/o Ajit Ankush Gore, Surya Mala Complex Main Road Akluj, Solapur, MH	India	India
S1-658639312	S3-685210289	cross_script	Sree Construction Private Limited	ஸ்ரீ கன்ஸ்ட்ரக்ஷன் பிரைவேட் லிமிடெட்	11/5 Voc Street Alagappan Nagar, Madurai, Tamil Nadu	11/5 Voc Street Alagappan Nagar, Madurai, தமிழ்நாடு	India	India
S1-771213219	S2-364741251	missing_address	Haynes Tri-State Wholesale Inc	Haynes Tri-State Whgolasle Inc #14857	430 Nursery Lane, Smyrna, DE		US	US
S1-988204869	S3-640418063	numeric_mismatch	Delgadillo Gold Inc	Iririza	3847 44th Avenue, Seattle, WA	Seattlle Township, 384 44th Ave, Washington	US	US
S1-229080238	S2-401327722	cross_script	Hari Om Infra Private Limited	हरि ओम इंफ्रा प्राइवेट लिमिटेड	229/9/A Sasanemala Shop No 7, Solapur Rd Hadapsar, Pune City, Pune, Maharashtra	229/9/A SASANEMALA SHOP NO 7, SOLAPUR RD HADAPSAR, PUNE CITY, SASANE NAGAR, Maharashtra	India	India
S1-578975776	S3-766912481	severe_lexical_mutation	City International Pvt Ltd	City Inctneational Pvt Ltd	62/1A N S Road 3Rd Floorroom No 36, Kolkata, Calcutta, West Bengal	WB, 62/1A N S Road 3Rd Floorroom No 36, Calcutta, Kolkata	India	India
S1-853994711	S2-474375866	cross_script	Dream Blue Technologies Private Limited	ड्रीम ब्लू टेक्नोलॉजीज प्राइवेट लिमिटेड	Fl No.604 B Wing Parvati Nandan, G No.398, 399, Jadhavwadi, Haveli, Pune, Maharashtra	FL NO.304 B WING PARVATI NANDAN, G NO.398, 399, JADHAVWADI, HAVELI, PUNE, Maharashtra	India	India
S1-233974940	S3-853055604	severe_lexical_mutation	Dental Health	Dental  Center	539 Power Plant Circle, Unit 343, Winston-salem, NC	539 Power Plant Cir, # 343, Winston-Ssalem CDP, North Carolina	US	US
S1-535707295	S2-621029978	severe_lexical_mutation	Super Interior Private Limited	Shri SUPER IGIOTERIGR PRIVATE LIMITED	G. No 113 Bramhagavhan Rd, Lohgaon, Tal- Paithan, Paithan, Aurangabad, Maharashtra	H.NO 38 G. NO 113 BRAMHAGAVHAN RD, LOHGAON, TAL- PAITHAN, PAITHAN, महाराष्ट्र	India	India
S1-421019269	S2-985042599	cross_script	Dream Engineering Private Limited	ड्रीम इंजीनियरिंग प्राइवेट लिमिटेड	Unit No. 1001, 10Th Floor, Pavilion Business Square, Sg Barve Marg, Chembur, Mumbai, Maharashtra	UNIT NO. 1001, BOMBAY, MUMBAI, Maharashtra, 10TH FLOOR, PAVILION BUSINESS SQUARE, SG BARVE MARG, CHEMBUR	India	India
S1-812325036	S3-321267945	severe_lexical_mutation	Youth Center	Youth Cmnar	4134 Stannard Drive, Toledo, OH	4134 Stannard Dr, Toledo, Ohio	US	US
S1-58691984	S2-368347539	severe_lexical_mutation	Black Ram Consulting Private Limited	ব্ল্যাক রাম কনসাল্টিং প্রাইভেট লিমিটেড	3 Shyamacharan Smrity Tirtharoad, Kolkata, Calcutta, West Bengal	3- SHYAMACHARAN SMRITY TIRTHAROAD, KOLKATA, West Bengal	India	India
S1-805674314	S2-895555596	numeric_mismatch	Culbertson Tribeca Inc	Pyraecto	7596 Warren Drive, Unit 202, Four Square Mile, CO	759 WARREN DR, FOUR SQUARE MILE, CO	US	US
S1-246802724	S2-139144438	cross_script	Jay Ventures Private Limited	जय वेंचर्स प्राइवेट लिमिटेड	47-C, Phase-Iii, Dda Janta Flats Ashok Vihar, Delhi, Delhi, North West, Delhi	47-C, DELHI, NORTH WEST, Delhi	India	India
S1-642958370	S3-200160262	cross_script	White Classic Agro Private Limited	व्हाइट क्लासिक एग्रो प्राइवेट लिमिटेड	Nehru Place, Delhi, Bajaj House 97, 302, New Delhi	302, Bajaj House 97, New Delhi, South East Delhi, DL	India	India
S1-656929174	S3-859966108	severe_lexical_mutation	Black Producer Private Limited	బ్లాక్ ప్రొడ్యూసర్ ప్రైవేట్ లిమిటెడ్	Ground Floor Of 91, Bhuvana Towers, S D Road, Secunderabad, Hyderabad, Telangana	Ground Floor Of 91, Secunderabad, Paradise Secunderabad, TG	India	India
S1-210697049	S2-174480335	severe_lexical_mutation	Flint Inc	FLÍNT-INC	3114 Peridot Ave, Unit APT 309, Ames, IA	3114 PERIDOT AVE, IA, AMES	US	US
S1-114167160	S2-56244413	severe_lexical_mutation	Mcdonald United Vehicle LLC	Qúokelo	205 Misty Lane, Bells, TN	205 MISTY LN, BELLS, TN	US	US
S1-928973964	S2-815006247	cross_script	Raj Lakshmi International	राज लक्ष्मी इंटरनेशनल	Industry Housekalyani Steels Mundhwa, Pune, Maharashtra	INDUSTRY HOUSEKALYANI STEELS MUNDHWA, महाराष्ट्र, PUNE	India	India
S1-126884756	S3-198920916	severe_lexical_mutation	Synergy Institute of Technology Ltd	Avimira (ID: 16492)	Belagondapalli Village, Thally Road, Denkanikotta Taluk, Krishnagiri District, Belagondapall, I, Belagondapalli, Krishnagiri, Dharmapuri, Tamil Nadu	Thally Road, Denkanikotta Taluk, Krishnagiri District, Belagondapall, I, Belagondapalli, Belagondapalli Village, TN, Dharmapuri, Krishnagiri	India	India
S1-933137795	S3-205928082	cross_script	Hari Blue Power Pvt Ltd	हरि ब्लू पावर प्रा. लि.	H - 126, First Floor, Block No. - D, Kilokari, Maharani Bagh, New Delhi, Delhi	H - 126/2, New Delhi, DL	India	India
S1-744425418	S2-360655987	cross_script	Maa Constructions Pvt Ltd	मां कंस्ट्रक्शंस प्रा. लि.	S.No. 316B, Plot No. 1, Basappa Peth, Satara, Maharashtra	HN D/135 S.NO. 316B, SATARA, महाराष्ट्र	India	India
S1-401920011	S3-615249888	cross_script	Innovative Builders Private Limited	इनोवेटिव बिल्डर्स Private Limited	38 Padmavati Colony, Indore, Madhya Pradesh	H.no 38 Padmavati Colony, Indore, MP	India	India
S1-718132699	S2-298904736	cross_script	Sree Engineering Private Limited	ஸ்ரீ இன்ஜினியரிங் பிரைவேட் லிமிடெட்	39, 40, Tekic, Tea Nagar, Sidco, Mudalipalayam, Tirupur, Coimbatore, Tamil Nadu	BLOCK B-00985 39, TIRUPUR, COIMBATORE, Tamil Nadu	India	India
S1-48551744	S2-570698336	severe_lexical_mutation	Supreme Systems Private Limited	ಸುಪ್ರೀಮ್ ಸಿಸ್ಟಮ್ಸ್ ಪ್ರೈವೇಟ್ ಲಿಮಿಟೆಡ್	421/A, Jai Plaza Elegence, 3Rd Floor 80 Feet Road, 6Th Block, Koramangala, Bangalore, Karnataka	421/A, BENGALURU, BANGALORE, Karnataka	India	India
S1-955664725	S3-588024748	numeric_mismatch	Maum Inc	Mam (Inc)	254 Hubbard Road, Massena, NY	54 Hubbard Road, Massena, New York	US	US
S1-47616992	S2-537719097	severe_lexical_mutation	Future Infra LLP	ఫ్యూచర్ ఇన్‌ఫ్రా ఎల్‌ఎల్‌పీ	Mulakanoor, Warangal Urban, Telangana, Bheemadevarapally, 10-124/1/B	10-124/1/B, WARANGAL URBAN, Andhra Pradesh	India	India
S1-708056834	S3-1043380	severe_lexical_mutation	Vandana Traders Private Limited	Nylabrix	Pocket No.A/3, New Delhi, Delhi, H, No.64 Sector-5, Rohini	New Delhi, Pokcet No.a/6-3, DL, New Delhi, H, No.64 Sector-5, Rohini	India	India
S1-654571192	S2-550576333	cross_script	Fortune Developers LLP	फॉर्च्यून डेवलपर्स एलएलपी	Plot No.55, Van Vihar Colony Churu, Churu, Rajasthan	NO 55, CHURU, VAN VIHAR COLONY CHURU, Rajasthan	India	India
S1-610557349	S2-123849279	cross_script	Jain Properties Private Limited	जैन प्रॉपर्टीज प्राइवेट लिमिटेड	504, Vardhaman Square, Rakshak Nagar Rd, Kharadi, Pune, Maharashtra	504, PUNE, Maharashtra	India	India
S1-908238228	S2-31427282	cross_script	Pioneer Technology Private Limited	पायोनियर टेक्नोलॉजी प्राइवेट लिमिटेड	Guru Kripa Complex, 1St Floor, Gali No-2, Ip Extn. Madhu Vihar, Delhi, Delhi, A-37, Delhi, East Delhi	DELHI, EAST DELHI, A-37, GURU KRIPA COMPLEX, 1ST FLOOR, GALI NO-2, IP EXTN. MADHU VIHAR, DELHI, Delhi	India	India
S1-272014823	S2-941229275	cross_script	First Technology	फर्स्ट टेक्नोलॉजी	10/334 Shriyut Nagar Near Sent Mary School Anantpur, Rewa, Madhya Pradesh	#10/334 SHRIYUT NAGAR NEAR SENT MARY SCHOOL ANANTPUR, REWA, Madhya Pradesh	India	India
S1-903050200	S3-500973737	cross_script	Ss Projects Private Limited	एसएस प्रोजेक्ट्स प्राइवेट लिमिटेड	Children Hospital And Res, Bhavik Nagar, Gangapur Rd, Nashik, Maharashtra	Children Hospital And Res, Nashik, महाराष्ट्र	India	India
S1-160679916	S2-825237629	cross_script	South Consulting Pvt Ltd	साउथ कंसल्टिंग प्रा. लि.	13, Ganesh Baug Building No.1, Manik Baug, Sinhgad Road, Opposite Indian Hume Pipe, Company, Pune, Maharashtra	#392 13, PUNE, महाराष्ट्र	India	India
S1-885465874	S2-382548445	severe_lexical_mutation	Indo Software Pvt Ltd	ఇండో సాఫ్ట్‌వేర్ ప్రైవేట్ లిమిటెడ్	2-2-18/18/4/27/A, Tulsicoo, Indraprastha Colony, Bagh, Amberpet, Hyderabad, Telangana	2-2-18/18/4/27/A/2, HYDERABAD, AMBERPET, Telangana	India	India
S1-645392023	S2-169166876	cross_script	Krishna Properties	कृष्ण प्रॉपर्टीज	Malviya Nagar Opposite Ramleela Ground, Uttar Pradesh, Gonda	GONDA, Uttar Pradesh, GONDA, MALVIYA NGAAR OPPOSITE RAMLEELA GROUND	India	India
S1-309157467	S2-162465347	severe_lexical_mutation	Xen Turtle Private Limited	Cirasol	018 & 019, Kasna Ecotech I, Extention, Greater Noida, Dadri, Gautam Buddha Nagar, Uttar Pradesh	DOOR NO #018 & 019, GAUTAM BUDDHA NAGAR, Uttar Pradesh	India	India
S1-74609866	S2-983304678	severe_lexical_mutation	Delhi Life Private Limited	delhilife.com	H-1502 Chitranjan Park, Delhi, New Delhi, Delhi	BLOCK B-855 H-1502 CHITRANJAN PARK, DELHI, Delhi	India	India
S1-584613308	S3-393890900	cross_script	Blue Business Pvt Ltd	புளூ பிசினஸ் பிரைவேட் லிமிடெட்	No.21, Durai Samy Pillai Street, West Tambaram, Tambaram, Kanchipuram, Tamil Nadu	No.21, Kanchipuram, Tambaram, TN	India	India
S1-805645658	S3-436279681	severe_lexical_mutation	Rkv Products Private Limited	Zephirimira	C-34, Old No - 86-A Khasra No - 63/5 Vandana Vihar, Pole No - 1784, Nangloi, New Delhi, West Delhi, Delhi	West Delhi, New Delhi, Delhi, C-34, Old No - 86-A Khasra No - 63/5 Vandana Vihar, Pole No - 1784, Nangloi	India	India
S1-124991677	S3-129628158	cross_script	High Marketing Private Limited	हाई मार्केटिंग प्राइवेट लिमिटेड	C/O Ajit Ankush Gore, Maharashtra, Surya Mala Complex Main Road Akluj, Solapur	C/o Ajit Ankush Gore, Surya Mala Complex Main Road Akluj, Solapur, महाराष्ट्र	India	India
S1-548904087	S3-839980284	severe_lexical_mutation	Shree Dream Consultants Limited	శ్రీ డ్రీమ్ కన్సల్టెంట్స్ లిమిటెడ్	19-3/R, Hyderabad, Telangana, 2Nd Floor, Suvarna Valley Janapriya Back Side, Ameenpur, Hyderabad	19-3/R, 2Nd Floor, Suvarna Valley Janapriya Back Side, Ameenpur, Hyderabad, TG	India	India
S1-602705471	S3-939997141	severe_lexical_mutation	Gujarat Services Private Limited	ಗುಜರಾತ್ ಸರ್ವಿಸಸ್ ಪ್ರೈವೇಟ್ ಲಿಮಿಟೆಡ್	No.135, 1St Cross, 05Th Block Koramangala, Bengaluru, Bangalore, Karnataka	No.135, 1St Cross, 05Th Block Koramangala, Bengaluru, Bangalore, ಕರ್ನಾಟಕ	India	India
S1-407853759	S3-581898287	severe_lexical_mutation	V/O Focus	V/O Foucs	832 Fendley Road, Bismarck, AR	Bismarck, Arkansas, 832 Fendley Road	US	US
S1-549762349	S3-336183126	severe_lexical_mutation	Pioneer Consultancy Private Limited	ಪಯೊನೀರ್ ಕನ್ಸಲ್ಟೆನ್ಸಿ ಪ್ರೈವೇಟ್ ಲಿಮಿಟೆಡ್	Karnataka, Mysore, Cv Road, Idga Fourcv Road, Idga, 3261/1 Four, Mysore	3261/1 Four, Cv Road, Idga Fourcv Road, Idga, Mysore, KA	India	India
S1-986020997	S3-570910534	severe_lexical_mutation	9-Star	9-Stár	9627 Galveston, Wallis, TX	9627 Galveston, Wallis, Texas	US	US
S1-14733163	S2-760280911	cross_script	Bharat Business Limited	भारत बिजनेस लिमिटेड	8A/13, Geeta Colony, Delhi, East Delhi, Delhi	8A/13, DELHI, EAST DELHI, Delhi	India	India
S1-861183527	S2-758211174	cross_script	Urban Finance Pvt Ltd	अर्बन फाइनेंस प्रा. लि.	575, Aggarwal Millennuim Tower-Ii Netaji Subhash Place, Pitampura, New Delhi, North West, Delhi	Delhi, NORTH WEST, 75, NEW DELHI	India	India
S1-131955187	S3-420844872	severe_lexical_mutation	Capital Fund	Capital (Fud)	450 Emmett Avenue, Rensselaer, IN	450 Emmett Ave, Rensselaer, Indiana	US	US
S1-578975776	S2-98011406	severe_lexical_mutation	City International Pvt Ltd	সিটি ইন্টারন্যাশনাল প্রাইভেট লিমিটেড	62/1A N S Road 3Rd Floorroom No 36, Kolkata, Calcutta, West Bengal	#62/1A N S ROAD 3RD FLOORROOM NO 36, CALCUTTA, KOLKATA, পশ্চিমবঙ্গ	India	India
S1-908490306	S3-782769534	severe_lexical_mutation	Tri-State Association	Tri-State Assstdidati0n	2318 Thomas Road, Unit 257, Phoenix, AZ	Arizona, Unit 257, Northwest Annex, 2318 Thomas Rd	US	US
S1-385741670	S3-614640761	numeric_mismatch	St. Israel	St. Icratel	47 Labelle Drive, Augusta County, VA	047 Labelle Dr, Augusta County, Virginia	US	US
S1-936435895	S2-11836476	cross_script	Smart Business	स्मार्ट बिजनेस	Flat No. 403, Plot No.195, Sai Siddhi Residency, Panvel, Raigarh(Mh), Maharashtra	403, PANVEL, RAIGARH(MH), Maharashtra	India	India
S1-212712500	S3-32334395	severe_lexical_mutation	My Brands Private Limited	mbprivate.com	9 Elgin Road, Kolkata, Howrah, West Bengal	Door No 9 Elgin Road, Howrah, Calcutta, WB	India	India
S1-824786563	S2-223221830	severe_lexical_mutation	Ace Technology Private Limited	ACE TECHNOLO6Y LIMITED PRIVATE	406, Loha Bhavan93, Pd Melloroad, Masjid-E, Mumbai, Maharashtra	406, LOHA BHAVAN93, PD MELLOROAD, MASJID-E, Maharashtra	India	India
S1-83371487	S2-108501660	cross_script	Best Systems Private Limited	बेस्ट सिस्टम्स प्राइवेट लिमिटेड	C-6/12, F.F. Sector- 71, Noida, Gautam Buddha Nagar, Uttar Pradesh	C-6/12, F.F. SECTOR- 71, NOIDA, GAUTAM BUDDHA NAGAR, Uttar Pradesh	India	India
S1-419365623	S2-777191030	severe_lexical_mutation	Office of Education	Verabrix	619 Sand Branch Drive, Conroe, TX	SAND BRANCH DR, null, CONROE, TX	US	US
S1-573819137	S3-988324515	severe_lexical_mutation	Alpha Infra Private Limited	A1pha Infra Private	Fl. 6 Ramdhuni Appt., Near Canada Corner Nashik, Nashik, Maharashtra	Fl. 6 Ramdhuni Appt., Near Canada Corner Nashik, Mumbai, Nashik, MH	India	India
S1-961883317	S2-59148349	severe_lexical_mutation	Digital Producer Private Limited	ಡಿಜಿಟಲ್ ಪ್ರೊಡ್ಯೂಸರ್ Private Limited	No 179, Sudhabdhi, 5Th Cross, 2Nd Main Road, Rk Township, Yarandahalli, Anekal, Bangalore, Karnataka	179, SUDHABDHI, 5TH CROSS, 2ND MAIN ROAD, RK TOWNSHIP, YARANDAHALLI, ANEKAL, BANGALORE, Karnataka	India	India
S1-124991677	S2-124254230	cross_script	High Marketing Private Limited	हाई मार्केटिंग प्राइवेट लिमिटेड	C/O Ajit Ankush Gore, Maharashtra, Surya Mala Complex Main Road Akluj, Solapur	Maharashtra, SOLAPUR, C/O AJIT ANKUSH GORE, SOLAPUR	India	India
S1-424205429	S3-313428867	cross_script	Classic Food Private Limited	क्लासिक फूड प्राइवेट लिमिटेड	C/O Sanjaykumar Sheshappa Anigol, H. No. W. No. 10/559/1, Asc College, Ichalkaranji, Sangli, Maharashtra	C/o Sanjaykumar Sheshappa Anigol, Ichalkaranji, Sangli, MH	India	India
S1-742392521	S3-406952880	severe_lexical_mutation	Orthopedic Partners	Deltaonyx	9212 Mintcreek Court, Dayton, OH	9212 Mintcreek Ct, Dayton, Ohio	US	US
S1-323975656	S2-380396941	cross_script	Pioneer Infrastructure Private Limited	பயனியர் இன்ஃப்ராஸ்ட்ரக்சர் பிரைவேட் லிமிடெட்	184/3, Annai Indira Street, Choolaimedu High Road, Chennai, Tamil Nadu	84/3, ANNAI INDIRA STREET, CHOOLAIMEDU HIGH ROAD, MADRAS, CHENNAI, Tamil Nadu	India	India
S1-444277961	S2-61720655	severe_lexical_mutation	Dream Energy Limited	డ్రీమ్ ఎనర్జీ లిమిటెడ్	Ground Floor, Plot No 502/B, Road No 31, Jubilee Hills, Hyderabad, Telangana	HYDERABAD, Telangana, HYDERABAD, GROUND FLOOR, PLOT NO 502/B, ROAD NO 31, JUBILEE HILLS	India	India
S1-998876844	S2-265637368	numeric_mismatch	Pinnacle Allied Signs, LLC	Pinnade Allied Sígns, LLC	OH, Cincinnati, 1356 Kesta Place	356 KESTA PL, CINCINNATI, OH	US	US
S1-424093882	S3-665242180	severe_lexical_mutation	Src Vidyalaya Pvt Ltd	svidyalayacom	302, 2Nd Floor, Thiru Naga Meadows, Lake Road Nr.Chowdeswari Temple, Byarasandra, Cv R, Aman Nagar, Bangalore, Karnataka	302, Bangalore, KA	India	India
S1-317432792	S2-115339503	cross_script	Shree Projects Limited	श्री प्रोजेक्ट्स लिमिटेड	A 303 Ramawarar Sadanvenkteshwar Nagar Bhayander East, Mumbai, Maharashtra	A 303  RAMAWARAR SADANVENKTESHWAR NAGAR BHAYANDER EAST, MUMBAI, Maharashtra	India	India
S1-372845787	S3-672626811	cross_script	International Industries Private Limited	इंटरनेशनल इंडस्ट्रीज प्राइवेट लिमिटेड	A-29, Mangol Puri Industrial Area Phase-Ii, New Delhi, North West, Delhi	A-29, Mangol Puri Industrial Area Phase-ii, New Delhi, DL	India	India
S1-376176068	S2-582623879	severe_lexical_mutation	Guru Finance Limited	గురు ఫైనాన్స్ లిమిటెడ్	19-6-15/5, Bahadurpura, Kishan Bagh Road, Hyderabad, Telangana	D/19-6-15/5, BAHADURPURA, KISHAN BAGH ROAD, HYDERABAD, RAJENDRANAGAR, Telangana	India	India
S1-76825335	S3-576655691	cross_script	High Construction Private Limited	हाई Construction प्राइवेट लिमिटेड	New Delhi, West Delhi, Db-26B Hari Nagar, Delhi	Db-26b Hari Nagar, New Delhi, West Delhi, DL	India	India
S1-919757277	S3-402135141	severe_lexical_mutation	Alpha Tech Private Limited	Fluxonyxveo Labs	Gali No B6, Ashok Vihar Ph 3 Ext., Haryana, Gurgaon, House No 8, Sadar Bazar	House No 8, Gali No B6, Ashok Vihar Ph 3 Ext., Sadar Bazar, Gurgaon, Haryana	India	India
S1-502533480	S3-444536649	abbreviation_acronym	Umang Infrastructure (India) Private Limited	UI	Bungalow No. 3, Nr. Old Telephone Exchange, Garage Gali, Behind Gujarati Dharamshala, Marke, T No. 7, Ramganj Mandi, Kota, Rajasthan	Bungalow No. 3, Nr. Old Telephone Exchange, Garage Gali, Behind Gujarati Dharamshala, Marke, T No. 7, Ramganj Mandi, Kota, Rajasthan	India	India
S1-595642956	S3-243463240	severe_lexical_mutation	Oncology Regional Group	Onco1ogy Regional Inc	1117 Kentwood Drive, Hampshire, IL	Kentwood Drive, Hampshire, Illinois	US	US
S1-713912434	S3-806926030	severe_lexical_mutation	First Infrastructure	ফার্স্ট ইনফ্রাস্ট্রাকচার	Ca-9, Urvashi, Phase-Ii, City Centre, Durgapur Mc, Bardhaman, West Bengal	Durgapur Mc, WB, No C-912 Ca-9, Urvashi, Phase-ii, City Centre, Bardhaman	India	India
S1-892489904	S3-918023034	cross_script	Indian Trading Limited	इंडियन ट्रेडिंग लिमिटेड	201, Pno. 889, Peace Heaven, Dattatray Raul Marg, Dadar, Mumbai, Maharashtra	201, Pno. 889, Peace Heaven, Dattatray Raul Marg, Dadar, Bombay, Mumbai, MH	India	India
S1-127766805	S2-896577376	severe_lexical_mutation	Black Projects Private Limited	ব্ল্যাক প্রজেক্টস প্রাইভেট লিমিটেড	1/A, Vansittart Row, P S Hare Street, Kolkata, Howrah, West Bengal	#1/A, VANSITTART ROW, P S HARE STREET, HOWRAH, KOLKATA, West Bengal	India	India
S1-234743272	S2-138892633	cross_script	Good Global Private Limited	गुड ग्लोबल प्राइवेट लिमिटेड	Neemuch Road Malikhera Ward No 25 Bhayaji Ki Purani Building Ke, Pass, Pratapgarh District Pratapgarh, Chittorgarh, Rajasthan	NEEMUCH ROAD MALIKHERA WARD NO 25 BHAYAJI KI PURANI BUILDING KE, PRATAPGARH DISTRICT PRATAPGARH, CHITTORGARH, राजस्थान	India	India
S1-673356401	S2-687353720	cross_script	Pioneer Shree Projects	पायोनियर श्री प्रोजेक्ट्स	B-88, Ground Floor, Gali No.1, Mandawali Fazalpur, Delhi	B-##88, GALI NO.1, Delhi	India	India
S1-890739294	S3-763714081	severe_lexical_mutation	Shivam Agro Pvt Ltd	Nylazetajax trading as Shivam Agro Pvt Ltd	H.No -78, Teertha, Near New Plots Teertha Kundgol Taluk, Dharwad, Dharwad, Dharwar, Karnataka	H.No -78, Teertha, Near New Plots Teertha Kundgol Taluk, Dharwad, Dharwad, Dharwar, Karnataka	India	India
S1-137022858	S2-158406680	severe_lexical_mutation	Housing Association LLC	Housing Asnsoeciangaion LLC	14 Hilltop Drive, White Plains, NY	HILLTOP DR, WEST HARRISON, NY	US	US
S1-938243511	S2-293968237	severe_lexical_mutation	Jones Innovative Goldman Associates	J0nes Innovative	1008 Rhode Island Avenue, Washington, DC	RHODE ISLAND AVENUE, WASHINGTON, DC	US	US
S1-723016788	S3-208793254	severe_lexical_mutation	Gujarat Healthcare Private Limited	ગુજરાત હેલ્થકેર Private Limited	28/2 Arunoday Society, 401 Maple Court Flat, Vadodara, Gujarat	28/2 Arunoday Society, 401 Maple Court Flat, Vadodara, GJ	India	India
S1-125501788	S3-307501350	severe_lexical_mutation	Orthopedic Medicine Inc	Inc Orthopedic Msdicoie	213 Highland Avenue, Arlington Heights, IL	213 Highland Avenue, Arlington Heights, Illinois	US	US
S1-764428562	S3-302335135	severe_lexical_mutation	Raj Products Private Limited	Raj Prdourtcs Private Limited	4-B, Sipcot Industrial Estate, Pudukothai, Pudukkottai, Pudukkottai, Sivaganga, Tamil Nadu	-B, Sipcot Industrial Estate, Pudukothai, Pudukkottai, Pudukkottai, Sivaganga, தமிழ்நாடு	India	India
S1-211829578	S3-666987860	severe_lexical_mutation	Jay Technologies Limited	Lyrawex doing business as Jay Technologies Limited	Karnataka, Bagalkot, Wali Building, Above Vrl Travels Near Basveshwar Circle, College Road, 1St Floor, Bagalkot	1St Floor, Wali Building, Above Vrl Travels Near Basveshwar Circle, College Road, Bagalkot, Karnataka	India	India
S1-789478124	S3-952630220	severe_lexical_mutation	Metro Fellowship	metro féllowship	31 Industrial Road, Prospect, CT	31 Industrial Road, Prospect, Connecticut	US	US
S1-285171170	S2-594484691	severe_lexical_mutation	Dynamic Consultants Pvt Ltd	డైనమిక్ కన్సల్టెంట్స్ ప్రైవేట్ లిమిటెడ్	2Nd Floor Dwaraka Heights, Plot No.17 Jubilee Enclave, Madhapur, Hitech City, Hyderabad, Telangana	2ND FLOOR DWARAKA HEIGHTS, PLOT NO.17 JUBILEE ENCLAVE, MADHAPUR, HITECH CITY, HYDERABAD, Andhra Pradesh	India	India
S1-709333961	S2-979353329	severe_lexical_mutation	Cozy Yoga	Cozy Yboa	1057 Van Dyke Avenue, Wheelersburg, OH	##1057 VAN DYKE AVENUE, WHEELERSBUGR, OH	US	US
S1-531326212	S3-838107922	severe_lexical_mutation	Apex Software Limited	apexs0ftware.com	419, Ansal Chamber-Ii Bhikaji Cama Place, New Delhi, Delhi	419, NULL, New Delhi, DL	India	India
S1-485001429	S3-372933368	severe_lexical_mutation	Randy Fitzpatrick Ramaco L.L.C.	Umbradrex	415 Clermont Avenue, Brooklyn, NY	#415 Clermont Avenue, Brooklyn, New York	US	US
S1-445679223	S2-920463788	cross_script	Classic Sree Impex Private Limited	கிளாசிக் ஸ்ரீ இம்பெக்ஸ் பிரைவேட் லிமிடெட்	Sf No 1053/2A & 1055, Site 93, Gm Krishna Resi, Coimbatore South, Coimbatore, Tamil Nadu	SF NO 1053/2A & 1055, COIMBATORE SOUTH, COIMBATORE, Tamil Nadu	India	India
S1-785312482	S2-155293803	severe_lexical_mutation	Mac Medical Centre	MMCENTRE.COM	At &Po Barki Khrari, Ps Kargahar Rohtas, Rohtas, Bihar	Bihar, AT &PO BARKI KHRARI, PS KARGAHAR ROHTAS, ROHTAS	India	India
S1-460209241	S3-616891914	severe_lexical_mutation	South Producer Private Limited	Smt South Probuer Private Limited	2Nd Floor, 65 West Aveune Road, West Punjabi Bagh, New Delhi, Delhi	2Nd Floor, New Delhi, DL	India	India
S1-454980020	S2-401419523	severe_lexical_mutation	Royal Mortgage LLC	ROYAL-LLC SERVICE	114 San Saba Avenue, Wortham, TX	114 SAN SABA AVENUE, WORTHAM, TX	US	US
S1-528439536	S3-826549650	severe_lexical_mutation	Monarch Kodiak	Evofayezeta	522 Main Street, Unit 13, Gallatin, TN	##522 Main St, Unit 13, Gallatin, Tennessee	US	US
S1-391711030	S2-935489882	severe_lexical_mutation	Dental Legacy Group LLC	dlegacy.com	1347 Valentine Branch Road, Bimble, KY	1347 VALENTINE BRANCH RD, NULL, BIMBLE, KY	US	US
S1-886201492	S2-473678246	severe_lexical_mutation	New Properties	న్యూ ప్రాపర్టీస్	Plot No.610, Road No.33 Jubilee Hills, Hyderabad, Telangana	DOOR NO 610, HYDERABAD URBAN, HYDERABAD, Telangana	India	India
S1-587311600	S3-416283013	cross_script	Shree It Private Limited	श्री आईटी प्राइवेट लिमिटेड	G-11/2 Sangam Vihar, New Delhi, South Delhi, Delhi	Hn 771 G-11/2 Sangam Vihar, South, South Delhi, DL	India	India
S1-432906752	S2-699679279	severe_lexical_mutation	Lucky Tavern	Lucky [Tnh]	Helena, 914 Monroe Avenue, MT	914 MONROE AVENUE, HEELENA, MT	US	US
S1-494195573	S2-338744496	severe_lexical_mutation	Jasper Mustang	mjasper.com	Marion, IA, 140 Cedar Dr	140 CEDAR DR, MARION, IA	US	US
S1-246817492	S2-271350952	cross_script	Hari Impex Private Limited	हरि इम्पेक्स प्राइवेट लिमिटेड	D-14, Bldg.No.4, Smallindustries Co-Op.Society Ltd.Goregaon, Mumbai, Maharashtra	D-14, BLDG.NO.4, MUMBAI SUBURBAN, MUMBAI, महाराष्ट्र	India	India
S1-468897749	S2-40302319	cross_script	Hari Software Limited	हरि सॉफ्टवेयर लिमिटेड	Phasi 11/3/4 Twin Complex Oppfire Bregade Marol Maroshi Rd, Andheri East, Mumbai, Maharashtra	PHASI 11/3/4 TWIN COMPLEX OPPFIRE BREGADE MAROL MAROSHI RD, ANDHERI EAST, MUMBAI SUBURBAN, Maharashtra	India	India
S1-927463860	S2-438265962	severe_lexical_mutation	Vision Hospitality LLP	ವಿಷನ್ ಹಾಸ್ಪಿಟಾಲಿಟಿ ಎಲ್ಎಲ್‌ಪಿ	Sy.No.88/4 First Floor, Singasandra Begur Hobli, Hosur Main Road, Bangalore, Karnataka	SY.NO.88/4 FIRST FLOOR, BANGALORE, Karnataka	India	India
S1-486989563	S2-479781953	cross_script	Apex United Builders Private Limited	एपेक्स यूनाइटेड बिल्डर्स प्राइवेट लिमिटेड	South Delhi, Malviya Nagar, Lgf, M-73A, Delhi	M-73A, LGF, MALVIYA NAGAR, SAKET, दिल्ली	India	India
S1-983979134	S3-589709759	severe_lexical_mutation	Southern Ace Constructions Private Limited	সাউদার্ন এইস কনস্ট্রাকশনস প্রাইভেট লিমিটেড	17 1A Ritchie Road, Kolkata, Calcutta, West Bengal	H.no 17 1A Ritchie Road, Calcutta, Gariahat, WB	India	India
S1-646333835	S3-367832835	severe_lexical_mutation	Eye Care LLC	Novilyra formerly Eye Care LLC	3117 Daybreaker Drive, Bldg BUILDING, Park City, UT	3117 Daybreaker Drive, Bldg BUILDING, Park City, UT	US	US
S1-211829578	S3-602148773	severe_lexical_mutation	Jay Technologies Limited	ಜೇ ಟೆಕ್ನಾಲಜೀಸ್ ಲಿಮಿಟೆಡ್	Karnataka, Bagalkot, Wali Building, Above Vrl Travels Near Basveshwar Circle, College Road, 1St Floor, Bagalkot	#1St Floor, Wali Building, Above Vrl Travels Near Basveshwar Circle, College Road, Bagalkot, ಕರ್ನಾಟಕ	India	India
S1-579323398	S3-505032837	severe_lexical_mutation	Exclusive Multibiz Pvt Ltd	Syndrex	2019-2 Ghanchi Wad, Gandevi-13, Gandevi, Gandevi, Navsari, Gujarat	No 2019-2 Ghanchi Wad, Gandevi, Navsari, GJ	India	India
S1-514209849	S2-495177612	severe_lexical_mutation	RIX Lifesciences Private Limited	Xyloviocira	Flat No-318, Block-C Vaisakha Enclave, Bomikhal, Cuttack Road, Bhubaneswar, Khordha, Orissa	FLAT NO-318, BLOCK-C VAISAKHA ENCLAVE, BOMIKHAL, CUTTACK ROAD, BHUBANESWAR, KHORDHA, Odisha	India	India
S1-913317029	S2-94040259	severe_lexical_mutation	Universal Finance Private Limited	ୟୁନିଭର୍ସାଲ୍ ଫାଇନାନ୍ସ୍ ପ୍ରାଇଭେଟ୍ ଲିମିଟେଡ୍	At Near Uco Bank Regional Ainthapali, Sambalpur, Orissa	AT NEAR UCO BANK REGIONAL AINTHAPALI, SAMBALPUR, Odisha	India	India
S1-362075205	S2-125929647	severe_lexical_mutation	Apex Nutrition Digital	Apex Nuftcbtiion Digital	1255 Broadway Street, Unit 234, Salem, OR	##1255 BROADWAY STREET, SALEM, OR	US	US
S1-942357826	S2-395400796	severe_lexical_mutation	Tech Southern Global Private Limited	ಟೆಕ್ ಸದರ್ನ್ ಗ್ಲೋಬಲ್ ಪ್ರೈವೇಟ್ ಲಿಮಿಟೆಡ್	No 71 '12'1, 2Nd Block 13Th Main Near Ashoka Pillar Jayanagar 2Nd Block, Bangalore, Karnataka	NO 71 '12'1, BANGALORE, ಕರ್ನಾಟಕ	India	India
S1-683271240	S2-236022683	severe_lexical_mutation	Womens Health Physicians LLC	Womens Health LLC [Physícians]	2831 Hancock Street, Lake Station, IN	IN, LAKE STATION, 2831 HACOCK ST	US	US
S1-469910714	S3-920256586	severe_lexical_mutation	Institute of Technology	Institute of	175 Bingham Road, Melbourne, AR	175 Bingham Road, Melbourne, Arkansas	US	US
S1-823577381	S2-19701449	severe_lexical_mutation	Hotel Power Private Limited	ಹೋಟೆಲ್ ಪವರ್ ಪ್ರೈವೇಟ್ ಲಿಮಿಟೆಡ್	Bangalore, 4Th Floor, Lakshmi Complex No.40, K.R.Road(Fort), No.12, Karnataka	NO.12, BANGALORE, N/A, Karnataka	India	India
S1-83371487	S2-197682779	cross_script	Best Systems Private Limited	बेस्ट सिस्टम्स प्राइवेट लिमिटेड	C-6/12, F.F. Sector- 71, Noida, Gautam Buddha Nagar, Uttar Pradesh	C-6/12, GAUTAM BUDDHA NAGAR, NOIDA, Uttar Pradesh	India	India
S1-6392394	S2-974607455	cross_script	Lakshmi Media Pvt Ltd	लक्ष्मी मीडिया प्रा. लि.	Garrage No 8 Khiranagar S V Road Santakruz West Opp Bata Showroom Mumbai, Mumbai, Mumbai City, Maharashtra	MUMBAI, MUMBAI CITY, GARRAGE NO 8  KHIRANAGAR S V ROAD SANTAKRUZ WEST OPP BATA SHOWROOM MUMBAI, Maharashtra	India	India
S1-451318949	S3-876521056	severe_lexical_mutation	Royal Ventures Private Limited	Lumkeloio dba Royal Ventures Private Limited	K.V.Rangareddy, Plot No 8, Hayathnagar, Saraswathi Nagar, Telangana	Plot No 8, Saraswathi Nagar, Hayathnagar, K.V.Rangareddy, Telangana	India	India
S1-398820135	S3-115885020	severe_lexical_mutation	Z & N Staffing	Dovakeloquo trading as Z & N Staffing	1909 Turkeyfoot Lake Road, Unit 33, Akron, OH	1909 Turkeyfoot Lake Road, Unit 33, Akron, OH	US	US
S1-852977473	S3-173692147	cross_script	First Estate Limited	फर्स्ट एस्टेट लिमिटेड	Plot No. 587, Near Tadka Dhaba, Jaipur, Rajasthan	Plot No. 587, Jaipur, RJ	India	India
S1-363645442	S3-821114719	severe_lexical_mutation	Cardiology Center	Cardiology Cénter	1077 Preserve Street, Weatherford, TX	1077-C Preserve Street, Weatherford Township, Texas	US	US
S1-68223934	S3-477716220	severe_lexical_mutation	Youth Initiative	Zephvantageecto	145 Fowler Circle, Dobson, NC	145 Fowler Circle, Dobson, North Carolina	US	US
S1-380053798	S3-312390418	cross_script	Super Sunrise Enterprises Limited	सुपर सनराइज एंटरप्राइजेज लिमिटेड	C/O Ram Dayal, Naushahara, Skb Ram, Dayalchitawali, Shikohabad, Firozabad, Uttar Pradesh	Plot 988 C/o Ram Dayal, Naushahara, Skb Ram, Dayalchitawali, Shikohabad, UP	India	India
S1-752987018	S2-593873697	cross_script	Surya Technology Private Limited	सूर्य टेक्नोलॉजी प्राइवेट लिमिटेड	Unit 7/ 1St Floor, 43 Ramwadi, Kalbadevi Road, Mumbai, Mumbai City, Maharashtra	UNIT 7/ 1ST FLOOR, MUMBAI CITY, MUMBAI, Maharashtra	India	India
S1-411998512	S2-8438547	severe_lexical_mutation	One International Solutions Private Limited	ਵਨ ਇੰਟਰਨੈਸ਼ਨਲ ਸੋਲਿਊਸ਼ਨਜ਼ ਪ੍ਰਾਈਵੇਟ ਲਿਮਟਿਡ	Top Floor, Sco 1011, Honey Complex, Sunny Enclave, Mohali, Sector 125, Mohali, Kharar, Rupnagar, Punjab	TOP FLOOR, SCO 1011, HONEY COMPLEX, SUNNY ENCLAVE, MOHALI, SECTOR 125, MOHALI, KHARAR, Punjab	India	India
S1-433414973	S2-972088406	severe_lexical_mutation	Al Shiv Power Private Limited	ಅಲ್ ಶಿವ್ ಪವರ್ ಪ್ರೈವೇಟ್ ಲಿಮಿಟೆಡ್	Rajdhani, 4Th Floor, No.10, Shankarmutt Road, Chamrajpet, Bangalore South, Bangalore, Karnataka	RAJDHANI, 4TH FLOOR, NO.10, SHANKARMUTT ROAD, CHAMRAJPET, BANGALORE SOUTH, BANGALORE, Karnataka	India	India
S1-773193532	S3-476451007	severe_lexical_mutation	Dermatology Desert Associates	Desert Dermat0logy Associates	W229N4421 Bridge Street, City Of Pewaukee, WI	W229n4421 Bridge Street, Peawukee CDP, Wisconsin	US	US
S1-124991677	S2-548045260	cross_script	High Marketing Private Limited	हाई मार्केटिंग प्राइवेट लिमिटेड	C/O Ajit Ankush Gore, Maharashtra, Surya Mala Complex Main Road Akluj, Solapur	C/O AJIT ANKUSH GORE, SOLAPUR, Maharashtra	India	India
S1-812112259	S3-23120817	cross_script	Galaxy Media Private Limited	கேலக்ஸி மீடியா பிரைவேட் லிமிடெட்	918, Tholampalayam Main Road Pattisalai Annaikatti, Mettupalayam, Coimbatore, Tamil Nadu	00918, Mettupalayam, Coimbatore, தமிழ்நாடு	India	India
S1-964943832	S2-670087608	severe_lexical_mutation	Hari Logistics Private Limited	Mr HARI LOGISTICS PRIVBE LIMITED	Unit No 213-214 2Nd Floor, Welldone Tech Park Sec-48, Gurgaon, Haryana	Haryana, UNIT NO 213-214 2ND FLOOR, WELLDONE TECH PARK SEC-48, GURGAON	India	India
S1-764072984	S2-106752685	cross_script	Vision Media Pvt Ltd	विजन मीडिया प्रा. लि.	B-3/77, Ashok Vihar, Phase-Ii, New Delhi, Delhi	Delhi, PHASE-II, B-3/77, NORTH WEST DELHI	India	India
S1-690359153	S3-529805290	numeric_mismatch	Star Finance LLP	starfinance.com	No. 18, Building-Team Work, Chinnaswamy Mudaliar Road, Tasker Town, Bangalore, Karnataka	381, Tasker Town, Bangalore, KA	India	India
S1-115531066	S3-826601706	cross_script	Sree Foundation Private Limited	श्री फाउंडेशन प्राइवेट लिमिटेड	Flat No B-1305 B Wing 13Th Floor Manav Kalyan Chs Ltd, Link Road, Bangur Nagar Goregaon, West, Mumbai, Mumbai City, Maharashtra	Flat No B-1305 B Wing 13Th Floor Manav Kalyan Chs Ltd, Mumbai, Mumbai City, MH	India	India
S1-944620593	S2-817041059	numeric_mismatch	Federal Coalition	Federal Coaalidtion	14753 300th Street, Lamoni, IA	0014753 300TH ST, FAYETTE TOWNSHIP, IA	US	US
S1-669325825	S2-586303231	cross_script	United It Limited	यूनाइटेड आईटी लिमिटेड	C/O. Mr. Ramesh Sangwan, Opp Aggarwal Hospital, Behind Bank, Bhiwani, Haryana	C/O. MR. RAMESH SANGWAN, OPP AGGARWAL HOSPITAL, BEHIND BANK, BHIWANI, Haryana	India	India
S1-710325135	S3-919463589	severe_lexical_mutation	Cardiology Care LLC	Soljax dba Cardiology Care LLC	3882 Grenville Road, University Heights, OH	3882 Grenville Road, University Heights, OH	US	US
S1-109928369	S3-495780733	severe_lexical_mutation	International Investments LLP	ইন্টারন্যাশনাল ইনভেস্টমেন্টস এলএলপি	103 Garfa Main Road, Kolkata, Howrah, West Bengal	Howrah, পশ্চিমবঙ্গ, Kolkata, 103 Garfa Main Road	India	India
S1-6914736	S3-677466634	severe_lexical_mutation	Sunshine Hospital Limited	Fayevantage	Kh No 40/5 Main Jail Road, Harsh Vihar, Delhi, East Delhi, Delhi, D-78-A	D-78-a, Kh No 40/5 Main Jail Road, Harsh Vihar, Delhi, East Delhi, DL	India	India
S1-520533990	S3-205266209	numeric_mismatch	Urology Care Associates Inc	Urology Care Asscmactos Inc	812 Westminster Way, Charleston, WV	12 Westminster Way, Charleston, West Virginia	US	US
S1-486989563	S3-504953017	severe_lexical_mutation	Apex United Builders Private Limited	apexunitedbuilders.com	South Delhi, Malviya Nagar, Lgf, M-73A, Delhi	M-73a, Lgf, Malviya Nagar, Saket Delhi, DL	India	India
S1-290992676	S3-846403118	severe_lexical_mutation	One Impex Private Limited	વન ઇમ્પેક્સ પ્રાઇવેટ લિમિટેડ	Survey No. 254/5 P1 P2, Village Jalida, Opp. Actionwear, Taluka Wankaner, Morbi, Gujara, T., Morbi, Rajkot, Gujarat	254/5. P1 P2, Morbi, Rajkot, GJ	India	India
S1-282196011	S3-801067835	severe_lexical_mutation	Super Infrastructure Private Limited	Arianyla	57 B No 57 Bblock-C-8, Landmark Nr. Rithala, Delhi, North West Delhi, Delhi	57 B No 57 Bblock-C-8, Landmark Nr. Rithala, Delhi, North West Delhi, Delhi	India	India
S1-230958647	S3-608470547	severe_lexical_mutation	EL Banking LLC	EL Brdrkg LLC	3359 Colchester Avenue, Sacramento, CA	California, 3359 Colchester Avenue, Sacramento	US	US
S1-930481810	S3-894839801	severe_lexical_mutation	Pune Industries Private Limited	Tavonyla	Roystonia Bldg K-801, Magarpatta City, Hadapsar, Pune, Maharashtra	Roystonia Bldg K-801, Magarpatta City, Hadapsar, Pune, Maharashtra	India	India
S1-760678310	S3-611092342	cross_script	Big Industries Pvt Ltd	बिग इंडस्ट्रीज प्रा. लि.	C/O Shri V.W.Adgaonkar, Hingoli, Maharashtra, Hingoli, Feeder No.F1, Tq Basmat	C/o Shri V.w.adgaonkar, Hingoli, महाराष्ट्र	India	India
S1-92162108	S2-588137048	cross_script	Apex Exports Private Limited	एपेक्स एक्सपोर्ट्स प्राइवेट लिमिटेड	146, Gadodia Market Khari Baoli, Fateh Puri, New Delhi, Delhi	146, NEW DELHI, null, Delhi	India	India
S1-874275082	S3-710429482	severe_lexical_mutation	A Cure 2 You LLC	A  Cure 2 Y0u	NC, Gastonia, 112 Ingonish Drive	112-D Ingonish Drive, Gastonia, North Carolina	US	US
S1-535011878	S3-691174042	missing_address	Cardinal L.L.C.	Carddinla L.L.C.	OR, 2305 42nd Street, Florence		US	US
S1-680518272	S2-754997794	cross_script	First Technology Private Limited	ஃபர்ஸ்ட் டெக்னாலஜி பிரைவேட் லிமிடெட்	Plot No. 4, Lig Colony, A Block, Pollachi, Coimbatore, Tamil Nadu	PLOT NO. 4, POLLACHI, MAIN RD BELTH, Tamil Nadu	India	India
S1-667592049	S2-463820809	severe_lexical_mutation	Blue Systems Pvt Ltd	બ્લૂ સિસ્ટમ્સ પ્રા. લિ.	Shrimad Bhawan Off No. Sf 23, 3Rd Floor, Opp Kanta Vika, S Gruh, Rajkot, Gujarat	SHRIMAD BHAWAN OFF NO. SF 23, 3RD FLOOR, OPP KANTA VIKA, S GRUH, RAJKOT, Gujarat	India	India
S1-194283625	S3-404798989	numeric_mismatch	Apex Foods Limited	Apex F0ods	46 A, S/F, Khureji Khas Shastri Park, New Delhi, East Delhi, Delhi	4-6 A, S/f, Khureji Khas Shastri Park, New Delhi, East Delhi, दिल्ली	India	India
S1-96868522	S2-575224414	severe_lexical_mutation	Pediatric Dental Clinic	PEDIATRIC CLINIC SERVICES	46 Main Street, Monroeville, OH	46 MAN ST, MONROEVILLE, OH	US	US
S1-664080820	S2-686765008	severe_lexical_mutation	Delta Project	Delta Próject Co	906 Topeka Street, Emporia, KS	906 TOPEKA STREET, EMPORIA, KS	US	US
S1-798649003	S3-937312623	severe_lexical_mutation	Fresh Heartland Pharmaceutical LLC	Fresh Heart1and LLC Center	5324 32nd Avenue, Seattle, WA	Seattle, 32nd Avenue, Washington	US	US
S1-969994160	S3-367697105	cross_script	Great Developers Pvt Ltd	ग्रेट डेवलपर्स प्रा. लि.	102 Saimaya Plot No 104 Sector 29 Vashi, Navi Mumbai, Maharashtra	102 Saimaya Plot No 104 Sector 29 Vashi, NULL, Navi Mumbai, MH	India	India
S1-942971746	S2-582349153	severe_lexical_mutation	Ir Trading Pvt Ltd	Mr Ir Tdrcng Pvt Ltd	H. No., 412, Subzi Mandi, Sadar Bazar, Mathura Cantt, Mathura, Uttar Pradesh	H. NO., 412, SUBZI MANDI, SADAR BAZAR, MATHURA CANTT, MATHURA, उत्तर प्रदेश	India	India
S1-775814651	S2-48393547	severe_lexical_mutation	Hari Consultants Private Limited	Hari Private Limited Center	P.O. Panagarh Bazar, Panagarh Bazar, Bardhaman, West Bengal	P.O. PANAGARH BAZAR, PANAGARH BAZAR, West Bengal	India	India
S1-413939359	S2-682398008	cross_script	Vision Properties	विजन प्रॉपर्टीज	K-37, Second Floor Green Park, Delhi, New Delhi, Delhi	K-##37, SECOND FLOOR GREEN PARK, DELHI, NEW DELHI, Delhi	India	India
S1-518601268	S2-609408250	cross_script	Lakshmi Trading Limited	लक्ष्मी ट्रेडिंग लिमिटेड	Office No. 1008, Ajmera Sikova, Bearing Cts No. 174A, Lbs Marg, Opp Damodar Park, Nr. Ashok Mill, Ghatkopar West, Mumbai, Maharashtra	OFFICE NO. 1008, MUMBAI, BOMBAY, Maharashtra	India	India
S1-521944928	S2-873663255	severe_lexical_mutation	Sunrise Exports Pvt Ltd	সানরাইজ এক্সপোর্টস প্রাইভেট লিমিটেড	Buddhadeb Mukherjee C/O Lakshmi Kanta Ghosh Raghunathpur (Beside The Water Tank ) Jh, Argram, Paschim Midnapore, Midnapore, West Bengal	BUDDHADEB MUKHERJEE C/O LAKSMI KANTA GHOSH RAGHUNATHPUR (BESIDE THE WATER TANK ) JH, ARGRAM, WEST MIDNAPORE, MIDNAPORE, পশ্চিমবঙ্গ	India	India
S1-515354306	S2-206944904	severe_lexical_mutation	Vibhava (India) Scheme Pvt. Ltd.	Solsyn	Plot No. 7 Mezzanine Floor Central Market, West Avenue Road, Punja, Delhi, New Delhi, Delhi	DOOR NO 7 MEZZANINE FLOOR CENTRAL MARKET, WEST AVENUE ROAD, PUNJA, DELHI, NEW DELHI, Delhi	India	India
S1-443571404	S3-226869505	severe_lexical_mutation	Prime Dream Consultancy Private Limited	primedreamconsultancy.com	Chennai, 96/89, Kamdar Nagar, 3Rd Street Nungambakkam, Chennai, Tamil Nadu	96/89, Kamdar Nagar, 3Rd Street Nungambakkam, Chennai, TN	India	India
S1-696124896	S2-179764435	cross_script	Golden Lotus Logistics Limited	गोल्डन लोटस लॉजिस्टिक्स लिमिटेड	944/3 Nai Walafaiz Road Kroa Bagh, New Delhi, Central Delhi, Delhi	#944/3- NAI WALAFAIZ ROAD KROA BAGH, NEW DELHI, CENTRAL DELHI, दिल्ली	India	India
S1-476192614	S3-315984340	cross_script	Tirupati Infrastructure	तिरुपति इंफ्रास्ट्रक्चर	A-68, Iind Floor, Phase-Ii Mangol Puri Industrial Area, New Delhi, North Delhi, Delhi	A-d/68, North Delhi, New Delhi, DL	India	India
S1-202156855	S3-889249788	severe_lexical_mutation	Golden International School	Golden	56-A, Friend Colony East, New Delhi, Delhi	56-A, Friend Colony East, New Delhi, Delhi	India	India
S1-476192614	S2-565233137	cross_script	Tirupati Infrastructure	तिरुपति इंफ्रास्ट्रक्चर	A-68, Iind Floor, Phase-Ii Mangol Puri Industrial Area, New Delhi, North Delhi, Delhi	A-68, IIND FLOOR, PHASE-II MANGOL PURI INDUSTRIAL AREA, NORTH DELHI, NEW DELHI, Delhi	India	India
S1-384494281	S3-586430914	severe_lexical_mutation	Ideal & Co	i.com	No.41/1A3, Kia(Kempegowda Industrial Area), Near Peenya 2Nd Stage, Bangalore, Karnataka	Door No 41/1A3, Bangalore, KA	India	India
S1-824530419	S2-843767366	cross_script	Hari Tech Private Limited	ஹரி டெக் பிரைவேட் லிமிடெட்	113-5 Sathy Road Near Athipalayam Pirivu, Ganapathy, Coimbatore, Tamil Nadu	DOOR NO C-113-5 SATHY ROAD NEAR ATHIPALAYAM PIRIVU, GANAPATHY, COIMBATORE, GANAPATHY, Tamil Nadu	India	India
S1-140661033	S3-359418075	severe_lexical_mutation	Chiropractic Prime Clinic LLC	clinicchiropracticprime.com	324 Whitlock Avenue, Winchester City, VA	324 Whitlock Ave, Winchester, Virginia	US	US
S1-163235829	S2-756508004	cross_script	Jay Food LLP	ஜெய் ஃபுட் எல்எல்பி	Ground Floor, D N Complex, No. 57, Lakshmi Talkies Road, Shenoy Nagar, Chennai, Egmore Nungambakkam, Chennai, Tamil Nadu	CHENNAI, Tamil Nadu, D N COMPLEX, NO. 57, LAKSHMI TALKIES ROAD, SHENOY NAGAR, CHENNAI, #572 GROUND FLOOR, CHENNAI CITY REGION	India	India
S1-96883845	S3-121095648	severe_lexical_mutation	Khera & Co	Dr Kcom	Patel Nagar, Mankapur, Uttar Pradesh, C/O Shashi Bala Singh, Mankapur, Gonda	UP, Mankapur, Patel Nagar, Mankapur, Block D-717 C/o Shashi Bala Singh, Gonda	India	India
S1-244925942	S3-82893588	cross_script	Ram Vision Construction Private Limited	राम विजन कंस्ट्रक्शन प्राइवेट लिमिटेड	H No-133 Old Housing, Board Colony, Rohtak, Haryana	Rohtak, HR, H No-##133 Old Housing, Rohtak	India	India
S1-448644748	S2-131023555	severe_lexical_mutation	SU Realtors Pvt Ltd	SU  RAELTTCS PVT LTD	8-2-611/11/1, Road No.10, Banjara Hills, Hyderabad, Telangana	8-2-611/11/1, ROAD NO.10, BANJARA HILLS, HYDERABAD, Telangana	India	India
S1-315499527	S2-70890836	severe_lexical_mutation	Vision Choice Care Associates, LLC	choicevisioncare.com	3010 Bender Street, Portage, IN	3010 BENDER ST, N/A, PROTAGE, IN	US	US
S1-900285650	S2-224962883	severe_lexical_mutation	Community (India) Auto Public Limited	Avinovi	32K/26K Lal Bahadur Shastri Marg, Civil Lines, Allahabad, Uttar Pradesh	32K/26K LAL BAHADUR SHASTRI MARG, CIVIL LINES, ALLAHABAD, Uttar Pradesh	India	India
S1-428852641	S2-241126154	cross_script	Ram Technologies LLP	राम टेक्नोलॉजीज एलएलपी	A-301 A-Wing, Sale Building, Suvidha Pearl, Sir P.M. Road, Kunkuwadi, Bori Chawl, Tps-V, Mumbai, Maharashtra	A-301 A-WING, SALE BUILDING, SUVIDHA PEARL, SIR P.M. ROAD, KUNKUWADI, BORI CHAWL, TPS-V, MUMBAI, Maharashtra	India	India
S1-825440530	S2-953279981	severe_lexical_mutation	Best Construction Pvt Ltd	బెస్ట్ కన్‌స్ట్రక్షన్ ప్రైవేట్ లిమిటెడ్	Flat No. 101, Hyderabad, Plot No. 32, Pragathi Enclave, Miyapur, Telangana	#101, PLOT NO. 32, PRAGATHI ENCLAVE, MIYAPUR, HYDERABAD, తెలంగాణ	India	India
S1-42590481	S2-38634462	cross_script	Raj Industries Private Limited	राज इंडस्ट्रीज प्राइवेट लिमिटेड	96, Panipat, Haryana, Panipat, Shanti Nagar, Model Town	96, SHANTI NAGAR, MODEL TOWN, PANIPAT, Haryana	India	India
S1-875691488	S2-341855197	numeric_mismatch	Real Agro Private Limited	ರಿಯಲ್ ಅಗ್ರೋ ಪ್ರೈವೇಟ್ ಲಿಮಿಟೆಡ್	No 10, 2Nd Floor, Krishnaja Constructions Yashoda Nagar, Opp. Jakkur Aerodrum, Bellaryroad, Bangalore, Karnataka	#010, BELLARYROAD, BANGALORE, ಕರ್ನಾಟಕ	India	India
S1-48551744	S2-791511070	severe_lexical_mutation	Supreme Systems Private Limited	ಸುಪ್ರೀಮ್ Systems Private Limited	421/A, Jai Plaza Elegence, 3Rd Floor 80 Feet Road, 6Th Block, Koramangala, Bangalore, Karnataka	421/A, BENGALURU, BANGALORE, Karnataka	India	India
S1-842821914	S2-66505780	severe_lexical_mutation	Veterans Foundation, Inc	véteransfoundation.com	1102 30th Avenue, Bellwood, IL	BELLWOOD CITY, ##1102 30nd Ave, IL	US	US
S1-486767278	S2-828275354	cross_script	Shiv Universal Agro LLP	शिव यूनिवर्सल एग्रो एलएलपी	A-215, Beta-1, Greator Noida, Gautam Budh Nagar, Uttar Pradesh, Gautam Buddha Nagar, Uttar Pradesh	A-215., UTTAR PRADESH, GAUTAM BUDDHA NAGAR, Uttar Pradesh	India	India
S1-147553636	S2-566151087	cross_script	White Dream Services	व्हाइट ड्रीम सर्विसेज	A-652, Sector- 19, Noida, Gautam Buddha Nagar, Uttar Pradesh	A-0652, NOIDA, GAUTAM BUDDHA NAGAR, Uttar Pradesh	India	India
S1-558038542	S3-426811822	severe_lexical_mutation	Cascade Trust	Cascade Trúst	5902 Mount Eagle Drive, Unit STE 1415, Fairfax County, VA	5902 Mount Eagle Drbve, Unit STE 1415, Fairfax County, Virginia	US	US
S1-163235829	S3-460796118	cross_script	Jay Food LLP	ஜெய் ஃபுட் எல்எல்பி	Ground Floor, D N Complex, No. 57, Lakshmi Talkies Road, Shenoy Nagar, Chennai, Egmore Nungambakkam, Chennai, Tamil Nadu	Ground Floor, D N Complex, No. 57, Lakshmi Talkies Road, Shenoy Nagar, Chennai, Egmore Nungambakkam, Chennai, TN	India	India
S1-856107175	S2-600513653	severe_lexical_mutation	Indo Modern Care	ইন্দো মডার্ন কেয়ার	7D Suracross Lane, Kolkata, Calcutta, West Bengal	7D SURACROSS LANE, KOLKATA, CALCUTTA, West Bengal	India	India
S1-73269870	S2-823873728	severe_lexical_mutation	Paper Marketing Pvt Ltd	Veoumbra	C/O Kashem Ali Khan, Vill, Shibramchak, Ps-Rajapur, Howrah, West Bengal	C/O KASHEM ALI KHAN, VILL, SHIBRAMCHAK, PS-RAJAPUR, HOWRAH, West Bengal	India	India
S1-45602239	S3-665287118	cross_script	Real Investments	रियल इन्वेस्टमेंट्स	324, Bargi Jabalpur, Jabalpur, Madhya Pradesh	MP, Bargi Jabalpur, Jabalpur, Hn 255 324, Jabalpur	India	India
S1-320885447	S2-1273313	severe_lexical_mutation	Smart Software	স্মার্ট সফটওয়্যার	Post Office More, Debinagar, Raiganj, Uttar Dinajpur, West Bengal	POST OFFICE MORE, UTTAR DINAJPUR, NORTH DINAJPUR, West Bengal	India	India
S1-442234640	S3-415454041	severe_lexical_mutation	Blue Book Store	Blue Bmógok Store	9511 27th Avenue, Vancouver, WA	9511 27st Ave, Vancouver, Washington	US	US
S1-863398350	S3-112409974	cross_script	Global Technology Private Limited	ग्लोबल टेक्नोलॉजी प्राइवेट लिमिटेड	31, Ashoka Colony Ganesh Nagar, Gondia, Gondia, Gondiya, Maharashtra	Block C-270 31, Gondia, Gondiya, महाराष्ट्र	India	India
S1-747613333	S3-228037038	severe_lexical_mutation	I & H Ribbon, LLC	I  & H	TX, Beaumont, 3080 Lakeside Drive	Beaumont, Texas, 3080 Lakeside Dr	US	US
S1-511683693	S3-547115861	severe_lexical_mutation	Balaji Infrastructure Private Limited	బాలాజీ ఇన్‌ఫ్రాస్ట్రక్చర్ ప్రైవేట్ లిమిటెడ్	D No 53-17-52/16/2, Near V.S.Krishna College, Maddilapalem, Visakhapatnam, Vishakhapatnam, Andhra Pradesh	D No 53-17-52/16/2, Near V.s.krishna College, Maddilapalem, Vishakhapatnam, Vizag, AP	India	India
S1-271029871	S2-457967254	cross_script	Good Investments Private Limited	गुड इन्वेस्टमेंट्स प्राइवेट लिमिटेड	315, Floor-3, Parvati Industrial Estate, Sitaram Jadhav Marg, Sun Mill Compound Lower Parel, Delisle Road, Mumbai, Maharashtra	Maharashtra, BOMBAY, MUMBAI, FLOOR-3, PARVATI INDUSTRIAL ESTATE, SITARAM JADHAV MARG, SUN MILL COMPOUND LOWER PAREL, DELISLE ROAD, 315	India	India
S1-794578932	S3-563020690	severe_lexical_mutation	Laxmi Jay Constructions Private Limited	ଲକ୍ଷ୍ମୀ ଜୟ କନଷ୍ଟ୍ରକସନ୍ସ୍ ପ୍ରାଇଭେଟ୍ ଲିମିଟେଡ୍	Plot No-1367 Mouza-Jaypur, Orissa, Bhubaneswar, Khordha, Near Santha Tulasi	Bhubaneswar, Near Santha Tulasi, OD, Plot No-1367 Mouza-jaypur	India	India
S1-657060842	S2-818536619	severe_lexical_mutation	Indo Hari Developers Limited	INDOHARIDEVELOPERS.COM	Rajkot, Gujarat, Revenue Survey No. 490 Paikee & 526, Nh-27 At Village Kuvadva	REVENUE SURVEY NO. 490 PAIKEE & 526, NH-27 AT VILLAGE KUVADVA, RAJKOT, Gujarat	India	India
S1-785312482	S3-904003189	severe_lexical_mutation	Mac Medical Centre	Umbradelta	At &Po Barki Khrari, Ps Kargahar Rohtas, Rohtas, Bihar	BR, At &Po Barki Khrari, Ps Kargahar Rohtas, Rohtas	India	India
S1-405235613	S3-670890529	severe_lexical_mutation	Green Software Private Limited	softwareprivate.com	Maharashtra, Sagar Vihar 23 A G Khan Road, Worli, 7, Mumbai	7, Mumbai, MH	India	India
S1-689594674	S2-107681618	severe_lexical_mutation	Green Global Private Limited	Green Goaal Private Limited	Gharunda, Haryana, Ward No. 17, Raghuvir Vihar Colony, Karnal	WARD NO. 17, RAGHUVIR VIHAR COLONY, GHARUNDA, Haryana	India	India
S1-79468405	S3-192584157	severe_lexical_mutation	Great Products Private Limited	ଗ୍ରେଟ୍ ପ୍ରୋଡକ୍ଟସ୍ ପ୍ରାଇଭେଟ୍ ଲିମିଟେଡ୍	Plot No- 420/3725, Bajrang Vihar, Patia, Bhubaneswar, Khordha, Orissa	Plot No- 420/3725, Bhubaneswar, Khordha, ଓଡ଼ିଶା	India	India
S1-784492930	S3-865087576	severe_lexical_mutation	Animal Welfare Foundation V	Nylanex	1782 Basil Avenue, Youngstown, OH	1782 Basil Avenue, Youngstown, Ohio	US	US
S1-564986694	S3-698024561	severe_lexical_mutation	Bastion LLC	Bhoan LLC	4804 Horton Road, Memphis, TN	Memphis, 4804-A Horton Road, null, Tennessee	US	US
S1-37515586	S2-661914223	cross_script	Blue Hotel Management Pvt Ltd	ब्लू होटल मैनेजमेंट प्रा. लि.	New No-122/201-A Kh No.5, West Delhi, Delhi, New Delhi, 2 Mahabir Enclave Dwarka	NEW NO-0122/201-A KH NO.5, WEST DELHI, NEW DELHI, Delhi	India	India
S1-53377347	S2-647575394	cross_script	High Products Limited	हाई प्रोडक्ट्स लिमिटेड	Sr No 58 /59 Pl 4 Santnagar Valvekarnagar Parvati, Pune, Maharashtra, Pune	SR NO 58/2 /59 PL 4 SANTNAGAR VALVEKARNAGAR PARVATI, PUNE, Maharashtra, PUNE	India	India
S1-368009067	S2-151472755	cross_script	Vision Enterprises	விஷன் எண்டர்பிரைசஸ்	11 B / 5 2Nd Floor Pillaiyar Kovil North Street Gopalasamudram Cheranmahadevi Taluk Tir, Unelveli, Tirunelveli, Tamil Nadu	11 B / 5 2ND FLOOR PILLAIYAR KOVIL NORTH STREET GOPALASAMUDRAM CHERANMAHADEVI TALUK TIR, UNELVELI, TIRUNELVELI, Tamil Nadu	India	India
S1-813559128	S3-691575809	severe_lexical_mutation	Coimbatore India Corp	India	401 & 402, Rajmangala Apartment, Muktha Foundation, Poobukar Nagar, Coimbatore, Tamil Nadu	401 & 402, Rajmangala Apartment, Muktha Foundation, Poobukar Nagar, Coimbatore, Tamil Nadu	India	India
S1-5304135	S3-611791540	numeric_mismatch	Brown Teucrium Inc.	Brown Inc.-Center	619 Oak Ridge Lane, Mars Hill, NC	00619 Oak Ridge Lane, Mars Hill, North Carolina	US	US
S1-374665475	S3-231742654	cross_script	Sai Finance Private Limited	साईं फाइनेंस प्राइवेट लिमिटेड	Room No-1/B Upper Floor, Govind Nagar Chawl No 9, Mumbai, Maharashtra	Room No-1/b Upper Floor, Govind Nagar Chawl No 9, Greater Mumbai, MH	India	India
S1-992661419	S3-763336476	severe_lexical_mutation	Perfect Solutions Private Limited	Perfect So1utions Limited Service	House No 66 Floor 1St Block - A Pkt 3 Sec - 3 Rohini, New Delhi, North West, Delhi	House No 66 Floor 1St Block - A Pkt 3 Sec - 3 Rohini, New Delhi, दिल्ली, North West	India	India
S1-311995373	S3-780864546	severe_lexical_mutation	Life Hospitality	Life [Hopitaliy]	Old No.1/113B, New. No. 2H/796, Muthu Krishna Nagar, Rajiv North, Tuticorin, Thoothukudi, Tamil Nadu	Old No.1/113b, New. No. 2H/796, Muthu Krishna Nagar, Rajiv North, Tuticorin, Thoothukudi, TN	India	India
S1-870319283	S2-743612202	severe_lexical_mutation	Dental Health of China	#dentalhealth	China, TX, 925 Broadway Street	925 BROADWAY STREET, CHINA, TX	US	US
S1-598949944	S2-157686855	severe_lexical_mutation	Granite LLC	Garniet LLC	101 Canton Street, Tamaha, OK	101 CANTON STREET, TAMAHA, OK, N/A	US	US
S1-348705607	S3-909594222	numeric_mismatch	Via Fresh Quality	#viafresh	3907 Southern Cross Drive, Gwynn Oak, MD	03907 Southern Cross Drive, Gwynn Oak, Maryland	US	US
S1-398820135	S3-23530017	severe_lexical_mutation	Z & N Staffing	Stamtfing & N Z	1909 Turkeyfoot Lake Road, Unit 33, Akron, OH	1909 Turkeyfoot Lake Road, null, Akron, Ohio	US	US
S1-298025747	S3-8218465	severe_lexical_mutation	Bharat Investments	Bharat Ifesmenes	57/7/H/45 Bt Road, Kolkata, Howrah, West Bengal	No 57/7/H/45 Bt Road, Howrah, Kolkata, পশ্চিমবঙ্গ	India	India
S1-57275561	S3-398048937	severe_lexical_mutation	Universal Engineering Private Limited	Dr Universal Engneiering Private Limited	Kolkata, 78 Dharamtalla Street, West Bengal, Calcutta	Door No 78. Dharamtalla Street, Dankuni Hoogly Dist West Bengal, Calcutta, WB	India	India
S1-85059057	S3-576737086	severe_lexical_mutation	Physical Therapy Associates LLC	Physical Ássociates LLC Services	203 Main Street, Eureka, KS	203 Main St, Kansas, Eureka	US	US
S1-639964892	S2-796990317	severe_lexical_mutation	Ironclad LLC	lANOCLFFAD  LLC	3478 Gray Pine Drive, Syracuse, UT	Gray Pine Drive, SYRACUSE, UT	US	US
S1-519735355	S2-226277638	numeric_mismatch	Pediatric Dentistry Medicine LLC	Pediatric Dentistry Mecne LLC	216 Main Street, Martinton, IL	0216 MAIN STREET, IL, MARTINTON	US	US
S1-641840687	S2-251879549	severe_lexical_mutation	Silver Tech Private Limited	સિલ્વર ટેક પ્રાઇવેટ લિમિટેડ	Office No 4-D, Fourth Flr, Vardan Tower, Lakhudi Rd, Ahmadabad City, Ahmedabad, Gujarat	OFFICE NO 4-D, FOURTH FLR, VARDAN TOWER, LAKHUDI RD, AHMADABAD CITY, AHMEDABAD, Gujarat	India	India
S1-67587372	S2-841076048	severe_lexical_mutation	Krishna Constructions Private Limited	કૃષ્ણ કન્સ્ટ્રક્શન્સ પ્રાઇવેટ લિમિટેડ	Gujarat, Ahmedabad, Emerald Appartment, Shell Petrol Pump Lane, Anandnagar, Vejalpur, Ahmedabad, 401	401, EMERALD APPARTMENT, SHELL PETROL PUMP LANE, ANANDNAGAR, VEJALPUR, AHMEDABAD, Gujarat	India	India
S1-80181441	S3-477570795	severe_lexical_mutation	Nexify LLC	Nexyif LLC LLC - 8796327514	46 Derby Street, Valley Stream, NY	46. Derby St, Valley Stream, New York	US	US
S1-922377061	S2-579928491	severe_lexical_mutation	Big Consultants Private Limited	ಬಿಗ್ ಕನ್ಸಲ್ಟೆಂಟ್ಸ್ ಪ್ರೈವೇಟ್ ಲಿಮಿಟೆಡ್	Kithagannur Village, Bangalore, C/O Sibi Alexk St. Gaspar, Bangalore North, Karnataka	KITHAGANNUR VILLAGE, BANGALORE, C/O SIBI ALEXK ST. GASPAR, Karnataka, BANGALORE NORTH	India	India
S1-517322263	S2-259341924	cross_script	Shivam Foods LLP	शिवम Foods एलएलपी	117B, First Floor Somdutt Ch-1, Bhikaji Cama Place, Delhi, South Delhi, Delhi	117B, FIRST FLOOR SOMDUTT CH-1, BHIKAJI CAMA PLACE, DELHI, SOUTH DELHI, दिल्ली	India	India
S1-35676890	S2-352994988	severe_lexical_mutation	Galaxy Products Private Limited	ಗ್ಯಾಲಕ್ಸಿ Products Private Limited	#22, 1St Floor, Mcsr Mansion, 2Nd Cross Maruthi Layout, Sanjaynagar, Bangalore, Karnataka	H.NO 22, 1ST FLOOR, MCSR MANSION, 2ND CROSS MARUTHI LAYOUT, SANJAYNAGAR, BANGALORE, ಕರ್ನಾಟಕ	India	India
S1-469910714	S2-990393565	numeric_mismatch	Institute of Technology	INSTITUTETECHNOLOGY.COM	175 Bingham Road, Melbourne, AR	MELBOURNE, AR, 0175 BINGHAM RD	US	US
S1-684172442	S2-348234981	cross_script	Southern Constructions Private Limited	सदर्न कंस्ट्रक्शंस प्राइवेट लिमिटेड	Mcf307 B S Colony, Ballabgarh, Faridabad, Haryana	MCF507 B S COLONY, FARIDABAD, Haryana	India	India
S1-675379641	S2-62378725	cross_script	Big Logistics Private Limited	बिग लॉजिस्टिक्स प्राइवेट लिमिटेड	Flat No 193 Building No 4, Florence Courtyard, Thane, Maharashtra	THANE, FLAT NO 193- BUILDING NO 4, Maharashtra	India	India
S1-968494892	S3-208372652	severe_lexical_mutation	Veterans Charities	Ciraflux Co	314 Copenhagen Road, Waterford, VT	314 Copenhagen Road, Waterford, VT	US	US
S1-885465874	S3-808383041	severe_lexical_mutation	Indo Software Pvt Ltd	ఇండో సాఫ్ట్‌వేర్ Pvt Ltd	2-2-18/18/4/27/A, Tulsicoo, Indraprastha Colony, Bagh, Amberpet, Hyderabad, Telangana	2-2-18/18/4/27/A, Amberpet, Hyderabad, TG	India	India
S1-196868447	S3-37939790	severe_lexical_mutation	Capital Interests Corp	Capital Itnertetss Corp	218 Crazy Horse Drive, Hailey, ID	Crazy Horse Drive, Hailey, Idaho	US	US
S1-774134298	S3-857279163	cross_script	Seven Bright Services LLP	सेवन ब्राइट सर्विसेज एलएलपी	280/3, Pipe Line, Near Kali Masjid, Murad Nagar, Ghaziabad, Uttar Pradesh	280/3, Pipe Line, Near Kali Masjid, Ghaziabad, Murad Nagar, UP	India	India
S1-531326212	S2-420413707	severe_lexical_mutation	Apex Software Limited	Apex Sgcbale Limited	419, Ansal Chamber-Ii Bhikaji Cama Place, New Delhi, Delhi	419, ANSAL CAMBER-II BHIKAJI CAMA PLACE, Delhi	India	India
S1-64419765	S2-507589003	cross_script	Ss Anand Services Private Limited	एसएस आनंद सर्विसेज प्राइवेट लिमिटेड	Plot No. 89, Lgf, Sector-44, Gurgaon, Haryana	PLOT NO. 87, LGF, SECTOR-44, GURGAON, Haryana	India	India
S1-991976847	S2-293573397	cross_script	Perfect Media Private Limited	परफेक्ट मीडिया प्राइवेट लिमिटेड	H.No-B/71, Ground Floor, Kh.No-12/3 Aman Puri, Nangloi, New Delhi, West Delhi, Delhi	WEST DELHI, 801 H.NO-B/71, NEW DELHI, GROUND FLOOR, KH.NO-12/3 AMAN PURI, NANGLOI, Delhi	India	India
S1-876713910	S2-519406418	severe_lexical_mutation	Bharat Products Private Limited	ഭാരത് പ്രൊഡക്ട്സ് പ്രൈവറ്റ് ലിമിറ്റഡ്	Xv/383, Muttom, Thaikkattukara P.O, Aluva, Ernakulam, Kerala	XV/383/9, MUTTOM, THAIKKATTUKARA P.O, ALUVA, ERNAKULAM, കേരളം	India	India
S1-554420618	S3-520082818	cross_script	United Global	यूनाइटेड ग्लोबल	Flat No 63/64 E Wingshravsti Apartment Nr Sabkuch Super Mkt Malad (W), Mumbai, Maharashtra	Flat No 63/64. E Wingshravsti Apartment Nr Sabkuch Super Mkt Malad (W), Bombay, Mumbai, MH	India	India
S1-468897749	S2-80749034	cross_script	Hari Software Limited	हरि सॉफ्टवेयर लिमिटेड	Phasi 11/3/4 Twin Complex Oppfire Bregade Marol Maroshi Rd, Andheri East, Mumbai, Maharashtra	PHASI 11/3/4 TWIN COMPLEX OPPFIRE BREGADE MAROL MAROSHI RD, MUMBAI, PANVEL, महाराष्ट्र	India	India
S1-424205429	S2-862599123	cross_script	Classic Food Private Limited	क्लासिक फूड प्राइवेट लिमिटेड	C/O Sanjaykumar Sheshappa Anigol, H. No. W. No. 10/559/1, Asc College, Ichalkaranji, Sangli, Maharashtra	C/O SANJAYKUMAR SHESHAPPA ANIGOL, ICHALKARANJI, SANGLI, Maharashtra	India	India
S1-221531669	S2-611084089	cross_script	City Universal Care Private Limited	सिटी यूनिवर्सल केयर प्राइवेट लिमिटेड	384 Flat No. 301 Mahalaxmi Nagar, Mayank Enclave, Indore, Madhya Pradesh	VIJAY NAGAR, Madhya Pradesh, MAYANK ENCLAVE, INDORE, 677 FLAT NO. 301 MAHALAXMI NAGAR	India	India
S1-958788344	S2-980974741	cross_script	Apex Engineering Pvt Ltd	एपेक्स इंजीनियरिंग प्रा. लि.	Nuruddin Chawl No-5, Gaondevi Road, Kandivali East, Mumbai, Maharashtra	NO 659 NURUDDIN CHAWL NO-5, GAONDEVI ROAD, KANDIVALI EAST, MUMBAI, महाराष्ट्र	India	India
S1-785312482	S3-132385889	severe_lexical_mutation	Mac Medical Centre	macmedicalcentre.com	At &Po Barki Khrari, Ps Kargahar Rohtas, Rohtas, Bihar	At &Po Barki Khrari, Ps Kargahar Rohtas, Rohtas, BR	India	India
S1-808268126	S2-11897444	severe_lexical_mutation	One Consultancy Private Limited	వన్ కన్సల్టెన్సీ ప్రైవేట్ లిమిటెడ్	1-69, Bhimavaram, West Godavari, Andhra Pradesh	1-69/1, WEST GODAVARI, Andhra Pradesh	India	India
S1-542108674	S3-437959101	severe_lexical_mutation	Tri-State Flaherty	Tri-State Fláherty	Atlanta, 1884 Turner Road, GA	1884-1886 Turner Rd, Atlanta, Georgia	US	US
S1-191918588	S3-394033060	missing_address	Heartland Crypto Inc	Heartland Crhifpo Inc	6017 Vicente Gomez Lane, City Of El Paso, TX		US	US
S1-608968920	S2-32179985	severe_lexical_mutation	Alpha First Finance Private Limited	ਅਲਫ਼ਾ ਫਸਟ ਫਾਈਨੈਂਸ ਪ੍ਰਾਈਵੇਟ ਲਿਮਟਿਡ	Sc No. 3, Bhagat Singh Colony, Jalandhar - I, Jalandhar, Punjab	Punjab, SC NO. A-3, null, JALANDHAR	India	India
S1-76825335	S2-35040991	cross_script	High Construction Private Limited	हाई कंस्ट्रक्शन प्राइवेट लिमिटेड	New Delhi, West Delhi, Db-26B Hari Nagar, Delhi	HN 80 DB-26B HARI NAGAR, WEST DELHI, NEW DELHI, Delhi	India	India
S1-442637152	S3-542431361	severe_lexical_mutation	Silver Care Private Limited	Pyrariza	Mathura, 155, Uttar Pradesh, Mathura, Dev Nagar, Malgodam Road, Gali No. 4	Door No 722 155, Dev Nagar, Malgodam Road, Gali No. 4, Mathura, Vrindaban, UP	India	India
S1-511683693	S2-603371082	severe_lexical_mutation	Balaji Infrastructure Private Limited	Shri balajiinfrastructure.com	D No 53-17-52/16/2, Near V.S.Krishna College, Maddilapalem, Visakhapatnam, Vishakhapatnam, Andhra Pradesh	D NO 53-17-52/16/2, NEAR V.S.KRISHNA COLLEGE, MADDILAPALEM, VISAKHAPATNAM, Andhra Pradesh	India	India
S1-962014871	S3-108648629	missing_address	A Heritage Indonesia Inc	A Heritage Inhdcofsai Inc	560 Hillside Drive, Cottonwood, AZ		US	US
S1-808268126	S3-178367931	severe_lexical_mutation	One Consultancy Private Limited	వన్ కన్సల్టెన్సీ ప్రైవేట్ లిమిటెడ్	1-69, Bhimavaram, West Godavari, Andhra Pradesh	1-69, Bhimavaram, West Godavari, ఆంధ్రప్రదేశ్	India	India
S1-519019285	S3-698639572	cross_script	Lakshmi Infrastructure Private Limited	லக்ஷ்மி இன்ஃப்ராஸ்ட்ரக்சர் பிரைவேட் லிமிடெட்	2/570, Jagannathan Street, Balaiah Gardens, Madipakkam, Chennai, Tamil Nadu	2/570, Jagannathan Street, Balaiah Gardens, Madipakkam, Chennai, TN	India	India
S1-89176857	S2-532323344	severe_lexical_mutation	United Developers Private Limited	ಯುನೈಟೆಡ್ ಡೆವಲಪರ್ಸ್ ಪ್ರೈವೇಟ್ ಲಿಮಿಟೆಡ್	Flat # 106, Amrutha Apartments Daddanakundi Village, Bangalore, Karnataka	FLAT # 106, AMRUTHA APARTMENTS DADDANAKUNDI VILLAGE, BANGALORE, Karnataka	India	India
S1-598515315	S2-345933715	severe_lexical_mutation	Baba Builders Private Limited	বাবা বিল্ডার্স প্রাইভেট লিমিটেড	Flat No. A-7, 3Rd Floor 110 Hazra Road, Kolkata, Kolkata, Howrah, West Bengal	FLAT NO. A-7, KOLKATA, GOBINDAPUR, West Bengal	India	India
S1-424114756	S3-373123795	numeric_mismatch	Ironclad LLC	Nyladelta	7525 Rockland Drive, Charlotte, NC	752 Rockland Dr, Charltte Township, North Carolina	US	US
S1-939930924	S3-217193272	cross_script	Green Properties Private Limited	ग्रीन प्रॉपर्टीज प्राइवेट लिमिटेड	Plot No9, 1St&2Ndfloor, Bimal Plaza, Pocket 4 Market, Dwarka Sec-11, New Delhi, South West Delhi, Delhi	#9, 1St&2Ndfloor, Bimal Plaza, Pocket 4 Market, Dwarka Sec-11, South West Delhi, New Delhi, DL	India	India
S1-390592318	S3-308484779	severe_lexical_mutation	Black Healthcare Private Limited	Black	Flat No.302, A-Wing, Swagat, Behind Shrikrishna Rice Mill, Near Thane, Thane, Maharashtra	Flat No.302, A-Wing, Swagat, Behind Shrikrishna Rice Mill, Near Thane, Thane, Maharashtra	India	India
S1-290187987	S2-678940681	severe_lexical_mutation	East Silver Technology Private Limited	ఈస్ట్ సిల్వర్ టెక్నాలజీ ప్రైవేట్ లిమిటెడ్	D.No. 14-13-12, Kutumbarao Street, Hanumanpet, Vijayawada, Krishna, Andhra Pradesh	D.NO. 14-13-12, VIJAYAWADA, KRISHNA, Andhra Pradesh	India	India
S1-767948269	S2-518375227	severe_lexical_mutation	Green Software Private Limited	గ్రీన్ సాఫ్ట్‌వేర్ ప్రైవేట్ లిమిటెడ్	Plot No 59 And 60 Prashanth Nagar Vanasthalipuram Hayathnagar, Hyderabad, Rangareddy, Telangana	PLOT NO 59 AND 60 PRASHANTH NAGAR VANASTHALIPURAM HAYATHNAGAR, RANGAREDDY, HYDERABAD, Telangana	India	India
S1-683271240	S3-108267898	severe_lexical_mutation	Womens Health Physicians LLC	wphealthcom	2831 Hancock Street, Lake Station, IN	Hancock Saint, Lake Station, Indiana	US	US
S1-808153732	S2-543915145	severe_lexical_mutation	Southern Factory LLC	LLC Southern Foatosry	1450 Bedford Avenue, Unit APARTMENT 716, Pikesville, MD	1450 BEDFORD AVE, PIKESVILLE, MD	US	US
S1-470443642	S3-96601129	severe_lexical_mutation	Orthopedic Health P.C.	orthopedic héalth p.c.	2N 340 Bernice Avenue, Glen Ellyn, IL	##2N 340 Bernice Avenue, Illinois, Glen Ellyn	US	US
S1-745875859	S2-72603578	severe_lexical_mutation	Gulf Resources	GULF RESCLRRCSE	2503 Sansom Avenue, Gadsden, AL	2503 SANSOM AVENUE, GADSDEN, AL	US	US
S1-252401816	S3-374951752	severe_lexical_mutation	Torey's Allied Development	T0rey's Allied	300 Main Street, Marion, IL	300 Main St, PMB 9112, Marion, Illinois	US	US
S1-247229869	S3-219916806	numeric_mismatch	Big Pizza	Big  Pbriaz	7230 Gormel Drive, Fairfax County, VA	007230 Gormel Dr, Fairfax County, Virginia	US	US
S1-952721952	S3-421648845	severe_lexical_mutation	Shram Technology Private Limited	Arctavo	6(Hold) Mahendra Nath Mukherjee Road Panihati Lp-4/28/0, Kolkata, Howrah, West Bengal	#6(Hold) Mahendra Nath Mukherjee Road Panihati Lp-4/28/0, Kolkata, Howrah, Kolkata, WB	India	India
S1-690510590	S3-438273011	severe_lexical_mutation	Big 6 Barbershop	Yumayumaevo	4683 Baybrook Drive, Saint Louis, Fl 0, MO	Baybrook Drive, Fl 0, Stlouis, Missouri	US	US
S1-173969546	S3-464273721	severe_lexical_mutation	Rz Transglobal Ltd	Trz.Com	F-3172 B C Vasant Kunj, Near Car Market, South Delhi, Delhi	F-3172 B C Vasant Kunj, Near Car Market, South Delhi, Delhi, DL	India	India
S1-524222976	S3-360242785	cross_script	Southern Producer Private Limited	सदर्न प्रोड्यूसर प्राइवेट लिमिटेड	Gurgaon, Haryana, Ocus Technopolis, Upper Basement Technopolis Golf Course Road, Sector-54, 3Gf	Gurugram, हरियाणा, Gurgaon, 3-3Gf	India	India
S1-727719053	S3-405536849	severe_lexical_mutation	CJ Facilities Private Limited	Cfprivate.Com	70A Rr Layout R.S Puram, Coimbatore, Tamil Nadu	H.no 70 Rr Layot R.s Puram, Coimbatore, தமிழ்நாடு	India	India
S1-683976542	S3-259027543	severe_lexical_mutation	Chiropractic Specialists Inc	Onyxdrex formerly Chiropractic Specialists Inc	1128 Waller Road, Halifax County, VA	Halifax County, VA, 1128 Waller Road	US	US
S1-749429877	S2-619238324	cross_script	Alpha Ventures Private Limited	अल्फा वेंचर्स प्राइवेट लिमिटेड	Plot No. 20, Pushap Deep, Madhav Nagri, Maregaon, Yavatmal, Maharashtra	H.NO 20, PUSHAP DEEP, MADHAV NAGRI, MAREGAON, Maharashtra	India	India
S1-358996742	S2-43836829	severe_lexical_mutation	New Delhi Productions Private Limited	... New Delhi Produthbons Private Limited	New Delhi, Central Delhi, Caxton House 2E Jhandewalan Extension, Delhi, Rani Jhansi R, Oad	CAXTON HOUSE 2E JHANDEWALAN EXTENSION, DIVREPORTINGCIRCLE, NEW DELHI, दिल्ली	India	India
S1-682913736	S3-379358518	severe_lexical_mutation	Delhi Buildcon Limited	Limited Delhi Buidlaon	Ground And First Floor, Blk-Rz, Village Mangolpur Khurd, Delhi, House No. 329, Delhi, North West Delhi, Delhi	House No. 329., Delhi, DL	India	India
S1-226862856	S3-957417928	severe_lexical_mutation	Sterling	Lumnyla t/a Sterling	1822 69th Street, IN, Indianapolis	1822 69th Street, Indianapolis, IN	US	US
S1-100411530	S3-890993724	cross_script	Seven Tech Private Limited	सेवन टेक प्राइवेट लिमिटेड	Delhi, Vaid Waranai Sarak, Delhi, 1240	1240, Vaid Waranai Sarak, Delhi, DL	India	India
S1-848333209	S2-570992947	abbreviation_acronym	Fia	Dovaumbra	4011 Fairview Circle, Mesa, AZ	4011 FAIRVIEW CIR, MESA, AZ	US	US
S1-978613035	S2-731667830	severe_lexical_mutation	CLT Global Private Limited	cltglobalprivate.com	Flat - 15, Snehal Park, Kothrud Behind Mantri Park, Pune, Maharashtra	FLAT - 15, SNEHAL PARK, KOTHRUD BEHIND MANTRI PARK, PUNE, Maharashtra	India	India
S1-480759450	S3-829125509	severe_lexical_mutation	Safe Automobile Inc	Safe Inc Center	100 Memorial Drive, Unit 2-12C, Cambridge, MA	Memorial Dr, # 2-12c, Cambridge, Massachusetts	US	US
S1-274784026	S2-328391637	cross_script	Shakti Premier Projects Private Limited	शक्ति प्रीमियर प्रोजेक्ट्स प्राइवेट लिमिटेड	Sudarshan Sadan Nr Shakil, Garage Toshniwal Layout, Akola, Maharashtra	SUDARSHAN SADAN NR SHAKIL, AKOLA, Maharashtra	India	India
S1-42083173	S3-424903585	severe_lexical_mutation	Seven Systems Private Limited	Seven ಸಿಸ್ಟಮ್ಸ್ ಪ್ರೈವೇಟ್ ಲಿಮಿಟೆಡ್	Door No. 235, 2Nd Floor, Yellamma Devi Temple Street, Kodihalli, Hal 2Nd Stage, Bangalore, Karnataka	235, 2Nd Floor, Yellamma Devi Temple Street, Kodihalli, Hal 2Nd Stage, Bangalore, Bengaluru, KA	India	India
S1-898656588	S2-793470656	cross_script	Ss Foundation	एसएस फाउंडेशन	1St Floor, Flat-F4, Shivam Apartment, Maharashtra, S.No.329/16, Miraj, Sangli	S.NO.329/16., SANGLI, MIRAJ, Maharashtra	India	India
S1-182116865	S3-836655128	severe_lexical_mutation	Town Of	Tn Óf	701 Iowa Street, Unit B, Madison, IL	Iowa St, # B, Madison, Illinois	US	US
S1-290631377	S3-634592073	abbreviation_acronym	Sridhar Academy	SA	Village Buddhana, Govra, Etah, Uttar Pradesh, Etah, Uttar Pradesh	Village Buddhana, Govra, Etah, Uttar Pradesh, Etah, Uttar Pradesh	India	India
S1-763963829	S3-582327241	severe_lexical_mutation	New International School	New International Schóol	Second Floor, Ram, L-1, Industrial Estate, Guindy, Chennai, Tamil Nadu	Second Floor, Ram, L-1, Industrial Estate, Guindy, Chennai, Ekkaduthangal, TN	India	India
S1-536089533	S3-951202937	severe_lexical_mutation	Bangalore South Durga LLP	Durgasouth.Com	2Nd Floor, Aviation Complex, 16-17, Road No 7Epip, Bangalore South, Bangalore, Karnataka	KA, Door No 2Nd Floor, Bangalore South, Bangalore, Aviation Complex, 16-17, Road No 7Epip	India	India
S1-396445854	S2-743217832	severe_lexical_mutation	V+ Muniholdings Inc	V+ Munholgs Inc	1483 Co Rd 59, Chesapeake, OH	CO RD 59, CHEASPEAKE, OH	US	US
S1-96868522	S3-275973601	severe_lexical_mutation	Pediatric Dental Clinic	Kelovantage F/K/A Pediatric Dental Clinic	46 Main Street, Monroeville, OH	46 Main Street, OH, Monroeville	US	US
S1-531803676	S3-234297650	severe_lexical_mutation	Womens Health Associates LLC	Tavoquo trading as Womens Health Associates LLC	903 Ravine Drive, Sandusky, OH	903 Ravine Drive, Sandusky, OH	US	US
S1-97059024	S2-88271812	cross_script	Al Technology	अल टेक्नोलॉजी	6/9 Eknathpuram Near Shankar Nagar, Amravati, Maharashtra	H.NO 6/9  EKNATHPURAM NEAR SHANKAR NAGAR, AMRAVATI, महाराष्ट्र	India	India
S1-701260834	S2-676571446	severe_lexical_mutation	Big Pioneer Systems	ಬಿಗ್ ಪಯೊನೀರ್ ಸಿಸ್ಟಮ್ಸ್	B3 6061 Assetz East Point, Outer Ring Road, Bangalore South, Bangalore, Karnataka	B3 6061 ASSETZ EAST POINT, OUTER RING ROAD, BANGALORE SOUTH, KADUBEESANAHALLI, Karnataka	India	India
S1-406115395	S2-281576339	cross_script	One Agro Private Limited	वन एग्रो प्राइवेट लिमिटेड	Ujwal Terraces, L Building, Flt No. 604, 6Th Floor, Raikar Nagar, Dhayari, Pune, Maharashtra	UJWAL TERRACES, PUNE, Maharashtra, PUNE	India	India
S1-516867833	S3-224460051	severe_lexical_mutation	Red Impex	Red Iimpexe	No.57, 13Th Cross Ecs-6906904430 Hosur Road, Anepalya, Bangalore, Karnataka	Door No 57, 13Th Cross Ecs-6906904430 Hosur Road, Anepalya, Bangalore, ಕರ್ನಾಟಕ	India	India
S1-264416914	S2-211575234	severe_lexical_mutation	Ear Nose & Throat Colonial Associates LLC	Ear Nose & Colonial Ássociates LLC Center	176 Rock Hill Road, Harris Twp, PA	ROCK HILL RD, CENTRE HALL, PA	US	US
S1-970972190	S3-914788601	severe_lexical_mutation	Horizon, LLC	Hooizon, LLC	1051 Twisted Oak Drive, Hsb Burnet Co, TX	1051 Twisted Oak Dr, Hsb Burnet Co, Texas	US	US
S1-172566849	S2-675281506	severe_lexical_mutation	Star Suisse Inc	Star Inc-Partners	1114 Whiteoak Drive, Garland, TX	WHITEOAK DRIVE, GARLAND, TX	US	US
S1-463566852	S2-870285947	severe_lexical_mutation	New Infrastructure Limited	ನ್ಯೂ ಇನ್‌ಫ್ರಾಸ್ಟ್ರಕ್ಚರ್ ಲಿಮಿಟೆಡ್	No.15, 1St Floor, 1St Main Club Road, Rpck Layout Ii Stage, Vijayan, Agar, Bangalore, Karnataka	NO.15, 1ST FLOOR, 1ST MAIN CLUB ROAD, RPCK LAYOUT II STAGE, VIJAYAN, AGAR, BENGALURU, BANGALORE, Karnataka	India	India
S1-687889469	S2-216334969	severe_lexical_mutation	Ace Properties	ଏସ୍ ପ୍ରୋପର୍ଟିଜ୍	Plot No-17, Baliapal, Khata No-18, Mauza- Surdiha, Orissa, Balasore	#757 PLOT NO-17, BALIAPAL, BALASORE, ଓଡ଼ିଶା	India	India
S1-790236517	S2-604550111	severe_lexical_mutation	Quintero Star Vii L.L.C.	Noviciraonyx	Orangeville, UT, 260 200	260 1/2 200, ORANGEVILLE, UT	US	US
S1-744425418	S2-73081258	cross_script	Maa Constructions Pvt Ltd	माँ कंस्ट्रक्शंस प्रा. लि.	S.No. 316B, Plot No. 1, Basappa Peth, Satara, Maharashtra	HN D/135 S.NO. 316B, PLOT NO. 1, BASAPPA PETH, SATARA, Maharashtra	India	India
S1-87270499	S3-871289085	cross_script	Vijay Media Private Limited	विजय मीडिया प्राइवेट लिमिटेड	B/8, Maheshwari Mansion, 34, L.J.Marg, Napeansea Road, Mumbai, Maharashtra	B/08, Thane, Mumbai, MH	India	India
S1-42749076	S2-236913229	cross_script	Life Infrastructure Private Limited	लाइफ इंफ्रास्ट्रक्चर प्राइवेट लिमिटेड	C/O Sataya Narayan Mangu Ram Brahman, Janau Khari, S.O. Mangu Ram Brahman, Churu, Rajasthan	C/O SATAYA NARAYAN MANGU RAM BRAHMAN, JANAU KHARI, S.O. MANGU RAM BRAHMAN, CHURU, Rajasthan	India	India
S1-309580733	S3-628627670	severe_lexical_mutation	Urgent Care Health LLC	Urgent Care LLC [Center]	1701 Outagamie Street, City Of Appleton, WI	#1701 Outagamie St, Appleton, Wisconsin	US	US
S1-859120397	S2-92349833	cross_script	Premier Software Private Limited	பிரீமியர் சாஃப்ட்வேர் பிரைவேட் லிமிடெட்	3/315 C Type, 30Th Street Sidco Nagar, Villivakkam, Chennai, Tamil Nadu	3/315 C TYPE, 30TH STREET SIDCO NAGAR, VILLIVAKKAM, AVADI, Tamil Nadu	India	India
S1-832531854	S3-568073557	severe_lexical_mutation	Dream Ventures	డ్రీమ్ వెంచర్స్	H.No.7-1-419/10, Flat No.10, Plot No.8, Nagar Suri Plaza, Near Mythrivanam, Amee, Rpet, Hyderabad, Telangana	H.no.7-1-419/10, Flat No.10, Plot No.8, Nagar Suri Plaza, Near Mythrivanam, Amee, Rpet, Hyderabad, TG	India	India
S1-879410932	S2-4261455	cross_script	Global Lotus Infra	ग्लोबल लोटस इंफ्रा	2703/4Cherishlifestyle, Jsd Rd Mulund West Oldacc, Mumbai, Maharashtra	2703/4CHERISHLIFESTYLE, JSD RD MULUND WEST OLDACC, MUMBAI, Maharashtra	India	India
S1-460209241	S3-878643928	cross_script	South Producer Private Limited	साउथ प्रोड्यूसर प्राइवेट लिमिटेड	2Nd Floor, 65 West Aveune Road, West Punjabi Bagh, New Delhi, Delhi	2Nd Floor, DL, New Delhi	India	India
S1-828820073	S2-477500964	cross_script	Smart Consulting Private Limited	स्मार्ट कंसल्टिंग प्राइवेट लिमिटेड	28, Ground Floor, Sangram Colony, C-Scheme, Jaipur, Rajasthan	28, GROUND FLOOR, SANGRAM COLONY, C-SCHEME, JAIPUR, राजस्थान	India	India
S1-861162865	S2-674201123	severe_lexical_mutation	Pavana Solutions (India) LLP	ARCYUMA	H-No: 19-3-1089/B/95/1, Jahamuma Miral Falaknuma Post, Hyderabad, Telangana	H-NO: 19-3-1089/B/95/1, HYDERABAD, Telangana	India	India
S1-698115654	S3-985287255	cross_script	Shyam International Private Limited	श्याम इंटरनेशनल प्राइवेट लिमिटेड	C/O Mithelesh Pathak, Keshaw Nagar Ward No 10, V.M Field, Hajiyapur, Gopalganj, Bihar	C/o Mithelesh Pathak, Keshaw Nagar Ward No 10, V.m Field, Gopalganj, Hajiyapur, BR	India	India
S1-10984020	S2-978093443	numeric_mismatch	Pediatric Dentistry Center	Pediatric Dentistry Cence Cence	1228 Elm Ridge Avenue, Carroll, MD	122 ELM RIDGE AVE, CARROLL, MD	US	US
S1-853485001	S3-173046219	severe_lexical_mutation	Gadasoft	Synjax	2650 Queensbury Road, Alliance, OH	Ohio, ##2650 Queensbury Road, Alliance	US	US
S1-964943832	S2-524789605	cross_script	Hari Logistics Private Limited	हरि लॉजिस्टिक्स प्राइवेट लिमिटेड	Unit No 213-214 2Nd Floor, Welldone Tech Park Sec-48, Gurgaon, Haryana	WELLDONE TECH PARK SEC-48, GURGAON, UNIT NO 213-214 2ND FLOOR, GURGAON, हरियाणा	India	India
S1-920487543	S3-611373528	severe_lexical_mutation	Vision Physicians	Vision Service	249 Mosaic Boulevard, Unit 135, Pittsboro, NC	#200 Mosaic Blvd, Unit 135, Pittsboro, North Carolina	US	US
S1-540002161	S2-677744932	cross_script	Hari Enterprises Pvt Ltd	हरि एंटरप्राइजेज प्रा. लि.	Majra, Lucknow, Uttar Pradesh, Gata No 400 Mohammadpur	MAJRA, GATA NO 400 MOHAMMADPUR, LUCKNOW, Uttar Pradesh, LUCKNOW	India	India
S1-165347081	S3-240381724	severe_lexical_mutation	Raj Logistics Private Limited	rajlogistics.com	Bhakrai Nagar, Narayan Chambers, S No 177/1, Pune, Maharashtra, Haveli	S No B3/177/1, Bhakrai Nagar, Narayan Chambers, Pune, Haveli, MH	India	India
S1-693965356	S3-599310633	severe_lexical_mutation	Midinet LLC	LLC Miadicnet	38 Intervale Road, Salem, MA	38 Intervale Road, Salem, Massachusetts	US	US
S1-607575897	S2-337833345	cross_script	Raj Jay Management Private Limited	राज जय मैनेजमेंट प्राइवेट लिमिटेड	D-277 Vashi Plazasector-17 Vashi, Navi Mumbai, Mumbai City, Maharashtra	D-277 VASHI PLAZAECTOR-17 VASHI, NAVI MUMBAI, MUMBAI CITY, Maharashtra	India	India
S1-939930924	S2-82252715	cross_script	Green Properties Private Limited	ग्रीन प्रॉपर्टीज प्राइवेट लिमिटेड	Plot No9, 1St&2Ndfloor, Bimal Plaza, Pocket 4 Market, Dwarka Sec-11, New Delhi, South West Delhi, Delhi	POT NO009, 1ST&2NDFLOOR, BIMAL PLAZA, POCKET 4 MARKET, DWARKA SEC-11, NEW DELHI, SOUTH WEST DELHI, Delhi	India	India
S1-499933893	S2-693671089	missing_address	Shree Agro Ltd	M/s SHREE AGOT-LTD	Ground Floor, Jawahar Theatre Compound, Dr. R. P. Road, Mulund West, Mumbai, Maharashtra		India	India
S1-398680215	S3-986500833	severe_lexical_mutation	Metropolitan Business	Wexdovasyn	A2/11, Tristar Residency 6Th Main Road, Mogappair West, Mogappair, Chennai, Tamil Nadu	A2/11, Tristar Residency 6Th Main Road, Mogappair West, Mogappair, Chennai, Tamil Nadu	India	India
S1-698571148	S3-443871389	cross_script	North Global Private Limited	नॉर्थ ग्लोबल प्राइवेट लिमिटेड	Maharashtra, Aurangabad, Gat No. 25, Village - Rahimpur, Taluka - Gangapur	Aurangabad, Gat No. 25, N/A, महाराष्ट्र	India	India
S1-686170445	S2-822476767	cross_script	Jai Exports Private Limited	जय एक्सपोर्ट्स प्राइवेट लिमिटेड	B-42, 4Th Floor Aditi Apart, Paatparganj, New Delhi, Delhi	B-42, PAATPARGANJ, MANDAWALI FAZALPUR, Delhi	India	India
S1-111848651	S3-109070846	severe_lexical_mutation	Vijay Seven Builders	വിജയ് സെവൻ ബിൽഡേഴ്സ്	No 14/167, Near Damaro, Murigoor, Chalakudy, Thrissur, Kerala	No 14/167/5, Near Damaro, Murigoor, Chalakudy, Thrissur, കേരളം	India	India
S1-274599065	S2-424823829	severe_lexical_mutation	Harbor Barings	HARBOR BNRIAGNS	175 County Road 4450, Kempner, TX	175 COUNTY ROAD 4450, KEMPNER, TX	US	US
S1-35078671	S2-256762300	severe_lexical_mutation	Human Rights Committee Associates	HUMANRIGHTSCOMMITTEECOM	637 Leslie Drive, Independence, MO	637 LESLIE DR, INDEPENDENCE, MO	US	US
S1-195163220	S3-105214680	severe_lexical_mutation	Fortune Black Power Private Limited	ఫార్చూన్ బ్లాక్ పవర్ ప్రైవేట్ లిమిటెడ్	No 22, Adarsh Nagar Swaroop Nagar, Uppal, Hyderabad, Telangana	Hyderabad, TG, Door No 22, Hyderabad	India	India
S1-21963593	S3-662475006	severe_lexical_mutation	Mech Real Pvt. Ltd.	Belodovabelo	G.No. 327, Eklahare, Ambegaon, Pune, Maharashtra	G.no. 327, Eklahare, Ambegaon, Kalamb, MH	India	India
S1-521828058	S2-25222945	severe_lexical_mutation	Oncology Care Associates LLC	0ncology Care Associates	4750 Union Hills Drive, Unit 1102, Phoenix, AZ	UNION HILLS DRIVE, BOULDER HILLS, AZ	US	US
S1-215173887	S2-451554612	numeric_mismatch	Royal Dogecoin LLC	Haloveradova	WA, Tumwater, 1925 Galenta Drive, Fl 1	192 GALENTA DRIVE, OLYPIA, WA	US	US
S1-179140121	S2-639341576	cross_script	My It Pvt Ltd	माय आईटी प्रा. लि.	5526/1, New Delhi, Delhi, Basti Harphool Singhsadar Thana Road Delhi-6	5526/1, BASTI HARPHOOL SINGHSADAR THANA ROAD DELHI-6, NEW DELHI, Delhi	India	India
S1-172107962	S2-876967179	severe_lexical_mutation	First Lutheran Church	First Lútheran Church	144 Leigh Drive, Pikeville, NC	PIKEVILLE, NC, LEIGH DRIVE	US	US
S1-572975789	S2-362308906	cross_script	Raj Constructions Private Limited	राज कंस्ट्रक्शंस प्राइवेट लिमिटेड	Spectrum Tower Bldg.No 11, Mumbai, Malad West, 6 Floor A Wing Chincholi, Maharashtra	HN 19 SPECTRUM TOWER BLDG.NO 11, 6 FLOOR A WING CHINCHOLI, MALAD WEST, MUMBAI, Maharashtra	India	India
S1-766025462	S2-495310488	severe_lexical_mutation	Valley Council LLC	Valley Cóntcol LLC	532 Wildrose Circle, Lynden, WA	532 WILDROSE CIR, PO BOX 4627, LYNDEN, WA	US	US
S1-966269098	S2-42272526	severe_lexical_mutation	Peak Resilience LLC	PEAK  LLC CENTER	141 Winter Harbor Drive, Ocean City, MD	141 WINTER HARBOR DR, OCEAN CITY, MD	US	US
S1-770128219	S2-895217647	severe_lexical_mutation	Safe Bright LLC	Safe Becsgt [LLC]	218 Old Schoolhouse Road, Rockport, TX	218 Old Schoolhouse Road, ROCKPORT, TX	US	US
S1-183602055	S2-697656336	cross_script	Digital Tech Pvt Ltd	डिजिटल टेक प्रा. लि.	Hanumangarh Jn., Rajasthan, 174D, Hanumangarh, Sector-6	174D, SECTOR-6, HANUMANGARH JN., HANUMANGARH, Rajasthan	India	India
S1-764218371	S2-883580594	cross_script	Shivam Exports Private Limited	शिवम एक्सपोर्ट्स प्राइवेट लिमिटेड	M96A Gali No 7 Mamura, Uttar Pradesh, Noida, Gautam Buddha Nagar	M96A GALI NO 7 MAMURA, NOIDA, GAUTAM BUDDHA NAGAR, Uttar Pradesh	India	India
S1-48994213	S3-465372715	cross_script	Perfect Investments Limited	परफेक्ट इन्वेस्टमेंट्स लिमिटेड	Office No -1101, 11Th Floor Technocity It Premises Co-Op Society, Sector X-5/3 T.T.C.Ind Ar, Ea, Mahape, Navi Mumbai, Thane, Maharashtra	Office No -1101, Thane, महाराष्ट्र	India	India
S1-233440709	S3-4667482	numeric_mismatch	Vision Group	VISI0N GROUP	11487 Forty Niner Circle, Gold River, CA	1487 Forty Niner Cir, Gold River, California	US	US
S1-447347365	S3-275725813	cross_script	Lakshmi Estate Private Limited	लक्ष्मी एस्टेट प्राइवेट लिमिटेड	C/O Bhagawat Singh, Village Semara Hardo Kathikuiyan, Kushinagar, Uttar Pradesh	C/o Bhagawat Singh, Village Semara Hardo Kathikuiyan, Kushinagar, उत्तर प्रदेश	India	India
S1-917409823	S3-154614142	severe_lexical_mutation	Big Blue Systems Private Limited	bsblue.com	C/O Mukhtar Ahmad Forooqu, Vill- Neori Neware, Jalalpur, Ambedkar Nagar, Uttar Pradesh	C/o Mukhtar Ahmad Forooqu, Ambedkar Nagar, UP	India	India
S1-521944928	S3-782245819	severe_lexical_mutation	Sunrise Exports Pvt Ltd	সানরাইজ Exports প্রাইভেট লিমিটেড	Buddhadeb Mukherjee C/O Lakshmi Kanta Ghosh Raghunathpur (Beside The Water Tank ) Jh, Argram, Paschim Midnapore, Midnapore, West Bengal	Buddhadeb Mukherjee C/o Lakshmi Kanta Ghosh Raghunathpur (Beside The Water Tank ) Jh, Argram, Paschim Midnapore, Midnapore, পশ্চিমবঙ্গ	India	India
S1-952423716	S3-6089893	severe_lexical_mutation	Arihant Marketing Private Limited	Arihant Masketibng Private  Limited	Shop No-22, Lucknow, Uttar Pradesh, Haji Market Balaganj	Shop No-a-22, Haji Market Balaganj, Lucknow, UP	India	India
S1-851036997	S2-887649009	severe_lexical_mutation	Guru Estate	ગુરુ એસ્ટેટ	K.P.Shah Vadi, Nandan Park, Pl No 31/1, Rameshwarnagar, Jamnagar, Gujarat	K.P.SHAH VADI, NANDAN PARK, PL NO 31/1, RAMESHWARNAGAR, JAMNAGAR, Gujarat	India	India
S1-385741670	S3-274319196	numeric_mismatch	St. Israel	St. Ísael	47 Labelle Drive, Augusta County, VA	047 Labelle Drive, Stuarts Draft, Virginia	US	US
S1-701260834	S3-653492751	severe_lexical_mutation	Big Pioneer Systems	ಬಿಗ್ ಪಯೊನೀರ್ ಸಿಸ್ಟಮ್ಸ್	B3 6061 Assetz East Point, Outer Ring Road, Bangalore South, Bangalore, Karnataka	Bangalore, KA, Bangalore South, Outer Ring Road, B3 6061 Assetz East Point	India	India
S1-787357092	S2-352533830	severe_lexical_mutation	Dream Infrastructure Limited	ড্রিম ইনফ্রাস্ট্রাকচার লিমিটেড	C/O Satadal Debnath Anadi Nagar Krishnagar, Nadia, West Bengal	পশ্চিমবঙ্গ, C/O SATADAL DEBNATH ANADI NAGAR KRISHNAGAR, NADIA	India	India
S1-730360338	S2-22892034	severe_lexical_mutation	Modern Properties Private Limited	ਮਾਡਰਨ ਪ੍ਰੋਪਰਟੀਜ਼ ਪ੍ਰਾਈਵੇਟ ਲਿਮਟਿਡ	145 1St Flr Opp J.D, Enterprises Nr Bus Stand, Jalandhar - I, Jalandhar, Punjab	#145 1ST FLR OPP J.D, JALANDHAR, JALANDHAR - I, Punjab	India	India
S1-357284043	S2-14996240	severe_lexical_mutation	Internal Medicine Green Center LLC	Internal Medicine Garren Center LLC	2422 Marquette Road, Chicago, IL	2422 MARQUETTE ROAD, CHICAGO, IL	US	US
S1-760678310	S3-565400450	cross_script	Big Industries Pvt Ltd	बिग इंडस्ट्रीज प्रा. लि.	C/O Shri V.W.Adgaonkar, Hingoli, Maharashtra, Hingoli, Feeder No.F1, Tq Basmat	C/o Shri V.w.agdaonkar, Hingoli, MH	India	India
S1-614060557	S3-963013258	cross_script	Jay Infra	जय इंफ्रा	51-B F/F Laxmi Nagar, Delhi, East Delhi, Delhi	East Delhi, Delhi, DL, 51-B F/f Laxmi Nagar	India	India
S1-616602599	S2-486726284	severe_lexical_mutation	Foundation Tradelink Pvt Ltd	FOUNDATION  TDRMAELMINK PVT LTD	52/1, Second Floor, C.R. Park, New Delhi, South Delhi, Delhi	NO. ##42 52/1, SECOND FLOOR, C.R. PARK, NEW DELHI, दिल्ली	India	India
S1-965498795	S3-112459316	severe_lexical_mutation	Foot & Ankle Care Associates Corporation	-- Foot & Ankle Care	AZ, 5803 Fort Lowell Road, Tucson	5803 Fort Lowell Road, Tucson, Arizona	US	US
S1-839968350	S2-666392366	cross_script	Sree Industries Private Limited	श्री इंडस्ट्रीज प्राइवेट लिमिटेड	141 A V Colony, Aligarh, Uttar Pradesh	141 A V COLONY, ALIGARH, Uttar Pradesh	India	India
S1-895572565	S2-979971138	severe_lexical_mutation	Metaque	MARUE	6800 Georgia Avenue, Unit 257, Washington, DC	6800 GEORGIA AVENUE, WASHINGTON, DC	US	US
S1-283173396	S2-862242232	severe_lexical_mutation	Galaxy Energy LLP	ଗାଲାକ୍ସି ଏନର୍ଜି ଏଲ୍‌ଏଲ୍‌ପି	C/O Mahadev Sahu At Nileswar Po Sohela Ps Paikmal, Bargarh, Orissa	C/O MAHADEV SAHU AT NILESWAR PO SOHELA PS PAIKMAL, BARGARH, Odisha	India	India
S1-957591047	S2-445046777	severe_lexical_mutation	Fresh Hypnosis Inc.	Fresh Hymfosis Ínc.	11 Sunnyside Road, MA, Dudley	11 SUNNYSIDE RD, DUDLEY, MA	US	US
S1-928397790	S3-474561644	severe_lexical_mutation	Hari Finance Limited	harifinance.com	No.3/17, Nehru Colony, 2Nd Street Darasuram Post, Kumbakonam, Thanjavur, Tamil Nadu	##3/17, Nehru Colony, 2Nd Street Darasuram Post, Kumbakonam, Thanjavur, TN	India	India
S1-561847859	S2-405903709	severe_lexical_mutation	Nextwave Medical Centre Limited	Rizavio	Street No.-1, Pillar No.-63 Raj Nagar Part-I, New Delhi, Palam Colony, Wz 437 A, Delhi	WZ 437 A, NEW DELHI, दिल्ली	India	India
S1-809197500	S3-612989203	severe_lexical_mutation	Snazzy Gallery LLP	Brixvioecto+	A 304 Dsr White Waters Aptmt Gunjur Doddakanalli Rd Gunjur Palya Carnelaram, Bangalore, Karnataka	Bangalore, A 304 Dsr White Waters Aptmt Gunjur Doddakanalli Rd Gunjur Palya Carnelaram, Karnataka	India	India
S1-311995373	S3-799552904	cross_script	Life Hospitality	லைஃப் ஹாஸ்பிடாலிட்டி	Old No.1/113B, New. No. 2H/796, Muthu Krishna Nagar, Rajiv North, Tuticorin, Thoothukudi, Tamil Nadu	1/113B, New. No. 2H/796, Muthu Krishna Nagar, Rajiv North, Tuticorin, Thoothukudi, TN	India	India
S1-752197821	S2-23060277	severe_lexical_mutation	Pediatric Dentistry Care Associates Inc	Pediatric Dentistry Care Asdscitaes [Inc]	1703 Russell Street, Covington, KY	RUSSELL ST, COVINGTON, KY	US	US
S1-965708285	S3-115215976	numeric_mismatch	International Impex Private Limited	International Impex Pravtae Límited	Dev Aluminum, Kamla Amrut Industrial Park Plot No.31, Village Indrad, Taluka Kadi, Mahesana, Gujarat	Block D-00309 Dev Aluminum, Taluka Kadi, GJ	India	India
S1-357285869	S3-941382490	cross_script	Pioneer Software Private Limited	பயனியர் சாஃப்ட்வேர் Private Limited	No. 776/1, Ganabatthi Nagar, Vellore, Tamil Nadu	H.no 776/1, Ganabatthi Nagar, Vellore, தமிழ்நாடு	India	India
S1-51121547	S2-865981345	severe_lexical_mutation	Tri-State League	Tri-State Service	IL, Polo, 706 Oregon Street	OREGON STREET, POLO, IL	US	US
S1-686170445	S2-916619207	severe_lexical_mutation	Jai Exports Private Limited	M/s Onyxnylavantage	B-42, 4Th Floor Aditi Apart, Paatparganj, New Delhi, Delhi	B-42, PAATPARGANJ, MANDAWALI FAZALPUR, Delhi	India	India
S1-964943832	S3-262644080	cross_script	Hari Logistics Private Limited	हरि लॉजिस्टिक्स प्राइवेट लिमिटेड	Unit No 213-214 2Nd Floor, Welldone Tech Park Sec-48, Gurgaon, Haryana	Unit No 213-214 2Nd Floor, Welldone Tech Park Sec-48, Gurgaon, Badshahpur, HR	India	India
S1-113311370	S3-593570416	severe_lexical_mutation	Tambaram Blue Private Limited	Támbaramblue.Com	Plot No-11, 6Th Street, Prabhu Nagar, Perumbakkam, Tambaram, Kanchipuram, Tamil Nadu	Prot No-11, 6Th Street, Prabhu Nagar, Perumbakkam, Kanchipuram, Tambaram, TN	India	India
S1-717686750	S3-355018767	severe_lexical_mutation	Cozy Barbershop Inc	Cozy Bbrbresrohp Inc	TX, 9709 Hedge Bell Drive, Mckinney	Texas, Mckinney, 9709 Hedge Bell Drive	US	US
S1-819613080	S3-316966885	severe_lexical_mutation	Creative Financial Inc	Creative Finnamla Inc	615 Arlington Street, Hoffman Estates, IL	Hoffman Estates CDP, 615 Arlington St, Illinois	US	US
S1-449625167	S2-314484829	severe_lexical_mutation	Prime Stellar	Prime Services	Warden, WA, 206 8th Street	#206 8TH ST, WARDEN, WA	US	US
S1-664313965	S3-420996565	severe_lexical_mutation	Resorts Education Private Limited	Veocalo	Rs No.3/2A-3B/2A Of Plot No-19, Ward26 Northion Portion Stall No-2 Ganesh Nagar, Jaipur, Haveri, Karnataka	Rs No.3/2A-3B/2A Of Plot No-19, Ward26 Northion Portion Stall No-2 Ganesh Nagar, Jaipur, Haveri, Karnataka	India	India
S1-755540304	S2-152221666	severe_lexical_mutation	Gujarat Services Private Limited	GUJARATSERVICES.COM	At Adgaon, Post Male Tal-Mulshi, Dist-Pune, Mulshi, Pune, Maharashtra	Maharashtra, AT ADGAON, POST MALE TAL-MULSHI, DIST-PUNE, MULSHI	India	India
S1-72832987	S2-267294182	severe_lexical_mutation	Bombay Agro Private Limited	બોમ્બે એગ્રો પ્રાઇવેટ લિમિટેડ	11, Office Trisla, Vikash Flat Road, Gurukul Road, Memnagar, Ahmedabad, Gujarat	PLOT 83 11, AHMEDABAD, OFFICE TRISLA, VIKASH FLAT ROAD, GURUKUL ROAD, MEMNAGAR, AHMEDABAD, Gujarat	India	India
S1-671230362	S3-506587799	severe_lexical_mutation	Family Partners LLC	familypartners.com	350 Chicago Avenue, Pinebluff, NC	350 Chicaog Ave, Pinebluff, North Carolina	US	US
S1-701382802	S2-963892865	severe_lexical_mutation	Pediatric Dental Care Associates Inc	Pediatric Dental  Care	286 Arnette Road, Drennen, WV	286C ARNETTE RD, DRENNEN, WV	US	US
S1-696470010	S3-186978958	severe_lexical_mutation	Young Sangh	Fluxriza	Lucknow Road, Barabanki, Lucknow, Uttar Pradesh	Lucknow, Lucknow Road, Barabanki, Uttar Pradesh	India	India
S1-957591047	S3-384985066	severe_lexical_mutation	Fresh Hypnosis Inc.	Umbralyramira	11 Sunnyside Road, MA, Dudley	11 Sunnyside Rd, Dudley CITY, Massachusetts	US	US
S1-486767278	S3-810753010	cross_script	Shiv Universal Agro LLP	शिव यूनिवर्सल एग्रो एलएलपी	A-215, Beta-1, Greator Noida, Gautam Budh Nagar, Uttar Pradesh, Gautam Buddha Nagar, Uttar Pradesh	Beta-1, Greator Noida, Gautam Budh Nagar, Uttar Pradesh, Door No 82 A-215, Gautam Buddha Nagar, UP	India	India
S1-392621059	S2-584502211	severe_lexical_mutation	Dermatology Group	Dermratflfgy Group	499 475, Wabash, IN	499 475, WABASH, IN	US	US
S1-584613308	S2-922549231	cross_script	Blue Business Pvt Ltd	புளூ பிசினஸ் பிரைவேட் லிமிடெட்	No.21, Durai Samy Pillai Street, West Tambaram, Tambaram, Kanchipuram, Tamil Nadu	DURAI SAMY PILLAI STREET, WEST TAMBARAM, Tamil Nadu, TAMBARAM, NO.21, KANCHIPURAM	India	India
S1-94962737	S2-876543064	severe_lexical_mutation	Urology Physicians Inc	UROLOGY PHBSITCALNS  INC	Orange, 4525 Stallion Road, TX	ORANGE, TX, 4525  Stallion Rd	US	US
S1-28392235	S3-312013166	severe_lexical_mutation	Construction Khushi Infrastructure Private Limited	Pyranyla	No.11, Temple Road Jayalakshmipuram, Mysore, Karnataka	No.11, Temple Road Jayalakshmipuram, Mysuru, Mysore, KA	India	India
S1-698934917	S3-204247214	numeric_mismatch	Super Logistics Private Limited	superlogisticscom	Room No. V/632, Opp. Malabar Traders, Nannammukku P O, Malappuram, Malapuram, Kerala	Rmom No. V/32, Malapuram, KL	India	India
S1-696124896	S2-706979731	cross_script	Golden Lotus Logistics Limited	गोल्डन लोटस लॉजिस्टिक्स लिमिटेड	944/3 Nai Walafaiz Road Kroa Bagh, New Delhi, Central Delhi, Delhi	944/3- NAI WALAFAIZ ROAD KROA BAGH, NEW DELHI, CENTRAL DELHI, Delhi	India	India
S1-144276757	S3-880011605	cross_script	East Consultancy Private Limited	ईस्ट कंसल्टेंसी प्राइवेट लिमिटेड	Gurgaon, Bhondsi, Unit No. 205, Haryana, 206 And 207 2Nd Floor, Good Earth Trade Tower Sector 62	Unit No. 205, 206 And 207 2Nd Floor, Good Earth Trade Tower Sector 62, Bhondsi, Gurgaon, HR	India	India
S1-582002415	S2-337255513	cross_script	United Dynamic Business Private Limited	யுனைடெட் டைனமிக் பிசினஸ் பிரைவேட் லிமிடெட்	D 12/3 N 25 Solaiappa Street Mylapore, Chennai, Tamil Nadu	D 12/3 N 25 SOLAIAPPA STREET MYLAPORE, CHENNAI, தமிழ்நாடு	India	India
S1-914045522	S2-731931105	cross_script	Tech Technologies Limited	टेक टेक्नोलॉजीज लिमिटेड	202, Jai Commercial Complex, Eastern Express Highw Eastern Express Highway, Khopat, Thane (, West), Thane, Maharashtra	202., JAI COMMERCIAL COMPLEX, EASTERN EXPRESS HIGHW EASTERN EXPRESS HIGHWAY, KHOPAT, THANE (, WEST), THANE, Maharashtra	India	India
S1-829538384	S3-870955044	severe_lexical_mutation	LMI India Private Limited	lmiindiaprivate.com	301, 1St Floor, Opp. Vinay Mandir, Near Ppr Market, Jalandhar, Punjab, Jalandhar - I, Jalandhar, Punjab	301, 1St Floor, Opp. Vinay Mandir, Near Ppr Market, Jalandhar, Punjab, Jallandhar, Jalandhar, PB	India	India
S1-326844854	S2-302223106	severe_lexical_mutation	Health Coalition	Health Cloamiltnon	910 Glacier Avenue, Capitol Heights, MD	CAPITOL HEIGHTS, 910 GLACIER AVE, MD	US	US
S1-517322263	S2-281096332	cross_script	Shivam Foods LLP	शिवम फूड्स एलएलपी	117B, First Floor Somdutt Ch-1, Bhikaji Cama Place, Delhi, South Delhi, Delhi	Delhi, SOUTH DELHI, DELHI, 117B, FIRST FLOOR SOMDUTT CH-1, BHIKAJI CAMA PLACE	India	India
S1-599116569	S2-372224152	cross_script	Premier Hospitality Pvt Ltd	प्रीमियर हॉस्पिटैलिटी प्रा. लि.	Faridabad, Haryana, 15/1, 3Rd Floor, Reliable Control Solution, Faridabad	15/1, FARIDABAD, Haryana	India	India
S1-761404110	S2-688037752	severe_lexical_mutation	City Hospitality Private Limited	സിറ്റി ഹോസ്പിറ്റാലിറ്റി പ്രൈവറ്റ് ലിമിറ്റഡ്	19/10-81 Flat H-9, Pentapark Apartments Poothole, Thrissur, Kerala	##19/10-81 FLAT H-9, PENTAPARK APARTMENTS POOTHOLE, THRISSUR, Kerala	India	India
S1-497028624	S3-820909843	cross_script	Sky Lakshmi Investment Private Limited	स्काई लक्ष्मी इन्वेस्टमेंट प्राइवेट लिमिटेड	Fcs House, A-86 Sector-57 Noida Gautam Buddha Nagar, Noida, Gautam Buddha Nagar, Uttar Pradesh	Fcs House, Gautam Buddha Nagar, Noida, UP	India	India
S1-442637152	S2-905976954	cross_script	Silver Care Private Limited	सिल्वर केयर प्राइवेट लिमिटेड	Mathura, 155, Uttar Pradesh, Mathura, Dev Nagar, Malgodam Road, Gali No. 4	Uttar Pradesh, MATHURA, 155	India	India
S1-923283995	S2-932818599	severe_lexical_mutation	Jarleus Bdc LLC	jbdc.com	NY, Bronx, 1647 Haight Avenue	1647 HAIGHT AVE, BRONX, NY	US	US
S1-808268126	S3-63620454	severe_lexical_mutation	One Consultancy Private Limited	oneconsultancy.com	1-69, Bhimavaram, West Godavari, Andhra Pradesh	West Godavari, 1-69, Bhimavaram, AP	India	India
S1-824786563	S3-686493872	cross_script	Ace Technology Private Limited	एस Technology प्राइवेट लिमिटेड	406, Loha Bhavan93, Pd Melloroad, Masjid-E, Mumbai, Maharashtra	406, Mumbai, Masjid-e, MH	India	India
S1-595488395	S3-547413958	severe_lexical_mutation	Black Infotech Pvt Ltd	బ్లాక్ ఇన్ఫోటెక్ ప్రైవేట్ లిమిటెడ్	10-58, Vinayaka Nagar Bala Nagar, Hyderabad, Telangana	10-58, తెలంగాణ, Hyderabad, Vinayaka Nagar Bala Nagar	India	India
S1-984577053	S2-984053559	severe_lexical_mutation	Interstate Alliance	Interstate Almhane Almhane	9508 Miranda Court, Fairfax County, VA	#9508 MIRANDA CT, <NULL>, FAIRFAX COUNTY, VA	US	US
S1-10468395	S2-10190112	severe_lexical_mutation	Best Foundation Private Limited	Private Best Foundcatinh Limited	D/68, Jai Prakash Nagar Rd No.2, New Mand, Patna, Bihar	D/68, बिहार, PATNA	India	India
S1-696867509	S2-338723016	cross_script	Shiva Balaji Foods Private Limited	शिवा बालाजी फूड्स प्राइवेट लिमिटेड	1040/30 Garhi Brahman Road Mayur Vihar, Sonepat, Haryana	1040/30 GARHI BRAHMAN ROAD MAYUR VIHAR, SONEPAT, Haryana	India	India
S1-701260834	S2-285825305	severe_lexical_mutation	Big Pioneer Systems	ಬಿಗ್ ಪಯೊನೀರ್ ಸಿಸ್ಟಮ್ಸ್	B3 6061 Assetz East Point, Outer Ring Road, Bangalore South, Bangalore, Karnataka	Karnataka, KADUBEESANAHALLI, B3 6061 ASSETZ EAST POINT, BANGALORE SOUTH	India	India
S1-787357092	S2-531582935	severe_lexical_mutation	Dream Infrastructure Limited	ড্রিম ইনফ্রাস্ট্রাকচার লিমিটেড	C/O Satadal Debnath Anadi Nagar Krishnagar, Nadia, West Bengal	C/O SATADAL DEBNATH ANADI NAGAR KRISHNAGAR, NADIA, West Bengal	India	India
S1-879410932	S3-225253734	cross_script	Global Lotus Infra	ग्लोबल लोटस इंफ्रा	2703/4Cherishlifestyle, Jsd Rd Mulund West Oldacc, Mumbai, Maharashtra	2703/4Cherishlifestyle, Mumbai, Bhandup, महाराष्ट्र	India	India
S1-875691488	S3-625046749	severe_lexical_mutation	Real Agro Private Limited	Real Agro Prmvgest Limited	No 10, 2Nd Floor, Krishnaja Constructions Yashoda Nagar, Opp. Jakkur Aerodrum, Bellaryroad, Bangalore, Karnataka	#10, 2Nd Floor, Krishnaja Constructions Yashoda Nagar, Opp. Jakkur Aerodrum, Bellaryroad, KA	India	India
S1-563977218	S2-47022188	severe_lexical_mutation	Dermatology Center Inc	Dermat0logy  Center (Inc)	3450 Commerce, Unit APT 1006, Ardmore, OK	3450 COMMERCE, ARDMORE, OK	US	US
S1-924854103	S3-734979155	severe_lexical_mutation	Pune Technologies Co	Beloonyx	Office No.301-305, 3Rd Floor, Mega Centre, Solapur Road, Magarpatta City, Hadpsar, Block G, Pune, Maharashtra, Pune	Block G, Office No.301-305, 3Rd Floor, Mega Centre, Solapur Road, Magarpatta City, Hadpsar, Pune, Maharashtra	India	India
S1-68514083	S2-861669476	cross_script	Tirupati Logistics Private Limited	तिरुपति लॉजिस्टिक्स प्राइवेट लिमिटेड	Haryana, Ballabgarh, 14Th Flr, Terra Lavanium, Sec 75, Flat No E-1505, Faridabad	FARIDABAD, FLAT NO E-1505, Haryana, BALLABGARH	India	India
S1-194662727	S3-907175385	abbreviation_acronym	Ace Gurukul Private Limited	AG	3-37/1 Narasapur Rajula Palem, Seetaramapuram, West Godavari, Andhra Pradesh	3-37/1 Narasapur Rajula Palem, Seetaramapuram, West Godavari, Andhra Pradesh	India	India
S1-3597945	S2-958431837	cross_script	Hari Construction Private Limited	हरि कंस्ट्रक्शन प्राइवेट लिमिटेड	S-392, Basement, Greater Kailash, Part-Ii, New Delhi, South Delhi, Delhi	S-392, BASEMENT, GREATER KAILASH, PART-II, SOUTH DELHI, NEW DELHI, Delhi	India	India
S1-817263292	S2-16746082	severe_lexical_mutation	White Builders Private Limited	વ્હાઇટ બિલ્ડર્સ પ્રાઇવેટ લિમિટેડ	Samanvay Residency, B 301 Opp Gala Swing, South Bopal, Bopal, Ahmedabad, Gujarat	SAMANVAY RESIDENCY, Gujarat, BOPAL, AHMEDABAD	India	India
S1-591940477	S2-219405601	cross_script	Balaji Hospitality Private Limited	बालाजी हॉस्पिटैलिटी प्राइवेट लिमिटेड	12 & 13 Saran Tower Subhash Nagar New Bus Station Road, Sanchore, Jalore, Rajasthan	राजस्थान, SANCHORE, 12 & 13 SARAN TOWER SUBHASH NAGAR NEW BUS STATION ROAD, JALORE	India	India
S1-820273989	S2-911804937	severe_lexical_mutation	Dental Care Associates of Spring	#dentalcare	86 Magnolia Pond Place, Spring, TX	86 MAGNOLIA POND PLACE, SPRINNG, TX	US	US
S1-42590481	S3-481346814	cross_script	Raj Industries Private Limited	राज इंडस्ट्रीज प्राइवेट लिमिटेड	96, Panipat, Haryana, Panipat, Shanti Nagar, Model Town	#96, Shanti Nagar, Model Town, Panipat, HR	India	India
S1-349475140	S3-942791019	severe_lexical_mutation	Golden Products Private Limited	Brixfaye formerly: Golden Products Private Limited	S.No.32/2, Flat No A/104, Shree Apartment, Pune(Cb), Pune City, Pune, Maharashtra	S.No.32/2, Flat No A/104, Shree Apartment, Pune(Cb), Pune City, Pune, Maharashtra	India	India
S1-519333644	S2-629643190	cross_script	North Ram Industries Private Limited	நார்த் ராம் இண்டஸ்ட்ரீஸ் பிரைவேட் லிமிடெட்	No.128 Sidco Estates Ambattur, Chennai, Tamil Nadu	CHENNAI, Tamil Nadu, DOOR NO 128 SIDCO ESTATES AMBATTUR	India	India
S1-168642902	S2-187406565	cross_script	Star Healthcare Pvt Ltd	स्टार हेल्थकेयर प्रा. लि.	At Post Esainagar Tal Nandurbar Dist Dhule, Nandurbar, Dhule, Maharashtra	AT POST ESINAGAR TAL NANDURBAR DIST DHULE, NASHIK, DHULE, Maharashtra	India	India
S1-51991841	S2-936410049	cross_script	Prime International Pvt Ltd	பிரைம் இன்டர்நேஷனல் பிரைவேட் லிமிடெட்	Tamil Nadu, Chennai, 1St Floor, 8Th Cross Street, West Shenoy Nagar, Egmore Nungambakkam, No. 3	NO. 3, EGMORE NUNGAMBAKKAM, CHENNAI, Tamil Nadu	India	India
S1-434344402	S3-620603538	cross_script	Pioneer Global Private Limited	पायोनियर ग्लोबल प्राइवेट लिमिटेड	701, Madhuban Buidling Nehru Place, New Delhi, South Delhi, Delhi	701, Madhuban Buidling Nehru Place, South Delhi, New Delhi, दिल्ली	India	India
S1-989244809	S2-10017249	severe_lexical_mutation	Red Logistics Private Limited	রেড লজিস্টিকস প্রাইভেট লিমিটেড	30A/1 Nabalia Para Roadw E F 06 09 2000 P S, Kolkata, Calcutta, West Bengal	#30A/1 NABALIA PARA ROADW E F 06 09 2000 P S, CALCUTTA, BASIRHAT, পশ্চিমবঙ্গ	India	India
S1-936407518	S3-512482489	severe_lexical_mutation	Everhart Direct International Clinic	deinternational.com	7220 Warner Street, Phoenix, AZ	7220 Warner Saint, Phoennix, Arizona	US	US
S1-225067782	S3-553381199	severe_lexical_mutation	Summit Guild VI	Summit Gingd VI	3807 Broadacres Drive, Greensboro, NC	Broadacres Drive, Greensboro, North Carolina	US	US
S1-272979013	S2-652855784	severe_lexical_mutation	Alvarado Platinum Purpose LLC	CALOFAYE	239 E Hill Road, Canton, CT	EAST HILL RD, CANTON, CT	US	US
S1-64419765	S3-363510929	cross_script	Ss Anand Services Private Limited	एसएस आनंद सर्विसेज प्राइवेट लिमिटेड	Plot No. 89, Lgf, Sector-44, Gurgaon, Haryana	No 89, Lgf, Sector-44, Gurgaon, N/A, HR	India	India
S1-902712696	S3-139160423	severe_lexical_mutation	Chennai India Private Limited	chénnaiindiaprivate.com	No. 32E, Iii Floor, Silver Crest Apartment, Venkataraman Street, Perambur, Chennai, Tamil Nadu	TN, No. A-32e, Iii Floor, Silver Crest Apartment, Venkataraman Street, Perambur, Chennai, Perambur	India	India
S1-171602965	S3-526575323	severe_lexical_mutation	City Healthcare Private Limited	... City Healrhcaire Private Limited	216(65), Out House, 2Nd Floor, Alwarpet Street, Alwarpet, Chennai, Tamil Nadu	216(65), Out House, 2Nd Floor, Alwarpet Street, Alwarpet, Chennai, TN	India	India
S1-684789590	S2-853829385	cross_script	Gujarat Business	குஜராத் பிசினஸ்	Chennai, Tamil Nadu, 4, Bajanai Koil St, Chatram, Pattabhiram, Chennai-72, Pattabhiram, Chennai-72	4, BAJANAI KOIL ST, CHATRAM, PATTABHIRAM, CHENNAI-72, PATTABHIRAM, CHENNAI-72, Tamil Nadu	India	India
S1-944620593	S2-475662656	numeric_mismatch	Federal Coalition	FEDERAL COAILTION	14753 300th Street, Lamoni, IA	0014753 300th Street, IA, FAYETTE TOWNSHIP	US	US
S1-674375688	S2-929771081	severe_lexical_mutation	Summit Inc	Summit Ínc Services	1750 Alma School Road, Unit 224, Mesa, AZ	1750 ALMA SCHOOL RD, MESA DOBSON, AZ	US	US
S1-884388031	S2-262076015	severe_lexical_mutation	Silver Developers Pvt Ltd	ಸಿಲ್ವರ್ ಡೆವಲಪರ್ಸ್ ಪ್ರೈವೇಟ್ ಲಿಮಿಟೆಡ್	Plot No 579/5, New Bel Road Rmv, 2Nd Stage, Bangalore, Karnataka	PLOT NO 579/5, BANGALORE, Karnataka	India	India
S1-983979134	S2-788939384	severe_lexical_mutation	Southern Ace Constructions Private Limited	সাউদার্ন এইস কনস্ট্রাকশনস প্রাইভেট লিমিটেড	17 1A Ritchie Road, Kolkata, Calcutta, West Bengal	17 1A RITCHIE ROAD, KOLKATA, West Bengal, CALCUTTA	India	India
S1-614753985	S2-905025505	severe_lexical_mutation	New Delhi India Private Limited	New Dblelfi Índia Private Limited	House No.-Rz-1110/2, Gali No.-10 Sadh Nagar, Palam Colony, Palam Village, New Delhi, Delhi	HOUSE NO.-RZ-1110/2, GALI NO.-10 SADH NAGAR, PALAM COLONY, PALAM VILLAGE, NEW DELHI, दिल्ली	India	India
S1-493607062	S2-171912569	severe_lexical_mutation	Aurora Charlton, LLC	Aurora Chadrlton, LLC - 6480464603	5901 30 Barge Street, Bldg FONTANELLE TOWNHOUSES, Yakima, WA	5901 30 BARGE STREET, YAKIMA CITY, WA	US	US
S1-388631120	S3-21039187	severe_lexical_mutation	Chiropractic Associates L.L.C.	Chiropractic Aoscitaes L.L.C.	13058 Weatherfield Drive, MO, Fl 0, Saint Louis	Weatherfield Dr, Floor 0, Saitn Louis CITY, Missouri	US	US
S1-605716148	S3-357129650	severe_lexical_mutation	Future Agro Private Limited	ଫ୍ୟୁଚର୍ ଆଗ୍ରୋ ପ୍ରାଇଭେଟ୍ ଲିମିଟେଡ୍	Dhamara Balisahi, Bhadrak, Basudebpur, Bhadrak, Orissa	Dhamara Balisahi, Bhadrak, OD, Bhadrak	India	India
S1-645392023	S3-34774785	cross_script	Krishna Properties	कृष्ण प्रॉपर्टीज	Malviya Nagar Opposite Ramleela Ground, Uttar Pradesh, Gonda	Malviya Nagar Opposite Ramleela Ground, Gonda, UP	India	India
S1-323462256	S3-736611499	cross_script	Balaji Media Private Limited	बालाजी मीडिया प्राइवेट लिमिटेड	Sr No 317 Panshevadi Kandhar, Nanded, Kandhar, Nanded, Maharashtra	Sr No 317 Panshevadi Kandhar, Kandhar, Nanded, MH	India	India
S1-368009067	S3-742989669	cross_script	Vision Enterprises	விஷன் எண்டர்பிரைசஸ்	11 B / 5 2Nd Floor Pillaiyar Kovil North Street Gopalasamudram Cheranmahadevi Taluk Tir, Unelveli, Tirunelveli, Tamil Nadu	11 B / 5 2Nd Floor Pillaiyar Kovil North Street Gopalasamudram Cheranmahadevi Taluk Tir, Unelveli, Tirunelveli, TN	India	India
S1-565604062	S2-633670822	cross_script	Perfect Builders Private Limited	परफेक्ट बिल्डर्स प्राइवेट लिमिटेड	H-45 Cannaught Place, New Delhi, Central Delhi, Delhi	H-0045 CANNAUGHT PLACE, CENTRAL DELHI, NEW DELHI, दिल्ली	India	India
S1-713912434	S2-886612599	severe_lexical_mutation	First Infrastructure	ফার্স্ট ইনফ্রাস্ট্রাকচার	Ca-9, Urvashi, Phase-Ii, City Centre, Durgapur Mc, Bardhaman, West Bengal	CA-#9, URVASHI, PHASE-II, CITY CENTRE, DURGAPUR MC, BARDHAMAN, West Bengal	India	India
S1-666734313	S3-736878295	cross_script	Aditya Foods Private Limited	आदित्य फूड्स प्राइवेट लिमिटेड	G-5B, Ganga Path, Durga Marg, Bani Park, Jaipur, Rajasthan	G-b3/5b, Ganga Path, Durga Marg, Bani Park, Jaipur, RJ	India	India
S1-891217005	S2-738878667	severe_lexical_mutation	White Impex Pvt Ltd	Pvt White Imeohxe Ltd	52 Weston Street 5Th Floor, Kolkata, Calcutta, West Bengal	H.NO #52 WESTON STREET 5TH FLOOR, CALCUTTA, N/A, পশ্চিমবঙ্গ	India	India
S1-942357826	S3-488931018	severe_lexical_mutation	Tech Southern Global Private Limited	ಟೆಕ್ ಸದರ್ನ್ ಗ್ಲೋಬಲ್ ಪ್ರೈವೇಟ್ ಲಿಮಿಟೆಡ್	No 71 '12'1, 2Nd Block 13Th Main Near Ashoka Pillar Jayanagar 2Nd Block, Bangalore, Karnataka	No 71 '12'1, 2Nd Block 13Th Main Near Ashoka Pillar Jayanagar 2Nd Block, Bangalore, ಕರ್ನಾಟಕ	India	India
S1-923573761	S3-41897677	numeric_mismatch	Physical Therapy Modern Care Associates	PHY5ICAL THERAPY MODERN CARE ASSOCIATES	Searcy, 108 Lennie Beck Lane, AR	10 Lennie Beck Ln, Searcy, Arkansas	US	US
S1-779437910	S2-4844398	cross_script	Baba Sree Enterprises Private Limited	बाबा श्री एंटरप्राइजेज प्राइवेट लिमिटेड	Mumbai, 501, Ramkutir, M. G. Road, Ghatkopar West, Maharashtra	H.NO 994/2 501, RAMKUTIR, M. G. ROAD, GHATKOPAR WEST, MUMBAI, महाराष्ट्र	India	India
S1-421439194	S2-495106586	cross_script	Bright Infrastructure Private Limited	ब्राइट इंफ्रास्ट्रक्चर प्राइवेट लिमिटेड	H.No 533A, Sec-1 Huda, Narnaul, Mahendragarh, Haryana	NO 533A, MAHENDRAGARH, NARNAUL, Haryana	India	India
S1-842458982	S3-968416284	numeric_mismatch	Indian Global Pvt Ltd	ಇಂಡಿಯನ್ ಗ್ಲೋಬಲ್ ಪ್ರೈವೇಟ್ ಲಿಮಿಟೆಡ್	No. 117 Sanjaynagar Main Road Geddalahalli, Bangalore, Karnataka	No 1-17 Sanjaynagar Main Road Geddalahalli, Bangalore, KA	India	India
S1-863490729	S2-734388052	severe_lexical_mutation	Prairie Dental Associates PC	PRAIRIE DÉNTAL	342 Erieview Boulevard, Sheffield Lake, OH	342-346 ERIEVIEW BLVD, NULL, SHEFFIELD LAKE, OH	US	US
S1-896454262	S3-322289276	cross_script	United Tech Private Limited	यूनाइटेड टेक प्राइवेट लिमिटेड	Discovery Of India, Nehru Centre, Dr. Annie Basent Road, Worli, Mumbai, Maharashtra, Mumbai, 6Th Floor	No 6Th Floor, Discovery Of India, Nehru Centre, Dr. Annie Basent Road, Worli, Mumbai, MH	India	India
S1-188401577	S3-943327518	cross_script	Shree Systems Pvt Ltd	श्री सिस्टम्स प्रा. लि.	New Delhi, 128, New Delhi, D - 16, Sector 3, Rohini, Delhi	Pot 93 128, New Delhi, DL, New Delhi, D - 16, Sector 3, Rohini	India	India
S1-556447919	S2-285899759	severe_lexical_mutation	New Delhi Servicesprivate Limited	New Delhi Sehvicspivate Limited	T-192, Jain Colony Part-1, Uttam Nagar, New Delhi, West Delhi, Delhi	T-00192, JAIN COLONY PART-1, UTTAM NAGAR, NEW DELHI, Delhi	India	India
S1-87270499	S3-874026035	cross_script	Vijay Media Private Limited	विजय मीडिया प्राइवेट लिमिटेड	B/8, Maheshwari Mansion, 34, L.J.Marg, Napeansea Road, Mumbai, Maharashtra	B/08, Thane, Napeansea Road, MH	India	India
S1-567115429	S2-599142168	cross_script	Shakti Power Private Limited	शक्ति पावर प्राइवेट लिमिटेड	Rewari, 602, Qutubpur, Opp Petrol, Pump Rewari, Haryana, Haryana	QUTUBPUR, OPP PETROL, PUMP REWARI, HARYANA, REWARI, Haryana, HN 722 602, REWARI	India	India
S1-10468395	S3-997721246	cross_script	Best Foundation Private Limited	बेस्ट फाउंडेशन प्राइवेट लिमिटेड	D/68, Jai Prakash Nagar Rd No.2, New Mand, Patna, Bihar	D/68, Patna, बिहार	India	India
S1-117434745	S2-642726660	severe_lexical_mutation	Miller Jpmorgan	Miller [Jsomragn]	164 Menlo Drive, Longview, WA	##164 MENLO DR, LONGVIEW, WA	US	US
S1-397625112	S2-390651858	cross_script	Gold Digital Products Limited	गोल्ड डिजिटल प्रोडक्ट्स लिमिटेड	Delhi, Model Town, D-5	D-#5, MODEL TOWN, DELHI	India	India
S1-592344831	S3-223996242	severe_lexical_mutation	Lee Altisource	Lee Algtsioure	979 Enright Avenue, Cincinnati, OH	Cincinnati, Ohio, 979-C Enright Ave	US	US
S1-868824185	S2-323177283	severe_lexical_mutation	M & M Oriental LLC	M & M Oietnal LLC	6121 Green Knolls Drive, Huber Heights, OH	6121 GREEN KNOLLS DR, DYATON, OH	US	US
S1-703116170	S3-474470316	severe_lexical_mutation	New Eastern Estate Private Limited	ന്യൂ ഈസ്റ്റേൺ എസ്റ്റേറ്റ് പ്രൈവറ്റ് ലിമിറ്റഡ്	Door No.17/1525, Trans Asia Corporate Park, 5Th Floor, Seaport Airport Road, Chittet, Hukara, Kakkanad, Ernakulam, Kerala	#17/1525, NULL, Ernakulam, KL	India	India
S1-458305883	S2-377954907	cross_script	Al Lakshmi Infotech Private Limited	अल लक्ष्मी इंफोटेक प्राइवेट लिमिटेड	H.No:5A, Vinayak Puram Sector-12, Vikas Nagar, Lucknow, Uttar Pradesh	H.NO:5A, VINAYAK PURAM SECTOR-12, VIKAS NAGAR, LUCKNOW, Uttar Pradesh	India	India
S1-238093217	S3-436071135	severe_lexical_mutation	National Guild	Veohalo	Richlands, 297 Bannermans Mill Road, NC	297 Bannermans Mill Rd, Richlands, North Carolina	US	US
S1-521491126	S3-480926387	severe_lexical_mutation	Engineering Al Plastics Private Limited	Engineering Al Plshtisc Private Limited	10, Clive Road 1St Floor, Kolkata, Howrah, West Bengal	10, Clive Road 1St Floor, Calcutta, Howrah, WB	India	India
S1-898040367	S3-386915162	severe_lexical_mutation	Anchor Housing LLC	Anch0r Housing	1814 Colony Creek Drive, Austin, TX	Austin, Texas, 1814 Clony Creek Drive	US	US
S1-942357826	S3-549750582	severe_lexical_mutation	Tech Southern Global Private Limited	ಟೆಕ್ ಸದರ್ನ್ ಗ್ಲೋಬಲ್ ಪ್ರೈವೇಟ್ ಲಿಮಿಟೆಡ್	No 71 '12'1, 2Nd Block 13Th Main Near Ashoka Pillar Jayanagar 2Nd Block, Bangalore, Karnataka	71 '12'1, 2Nd Block 13Th Main Near Ashoka Pillar Jayanagar 2Nd Block, Bangalore, KA	India	India
S1-331664855	S2-946131956	severe_lexical_mutation	Buvous Inc	Bvumous Inc	1124 Central Avenue, Redlands, CA	1124 CENTRAL AVENUE, RELDANDS, CA	US	US
S1-228930414	S3-945116986	severe_lexical_mutation	Modern Solutions Private Limited	મોડર્ન સોલ્યુશન્સ પ્રાઇવેટ લિમિટેડ	K-201, Indraprastha-9, Opp Nishan Residency, Ahmadabad City, Ahmedabad, Gujarat	#566 K-201, Ahmedabad Hq Region, Ahmedabad, GJ	India	India
S1-104395911	S2-199389556	cross_script	Great Foundation	ग्रेट फाउंडेशन	Plot No. 16, First Floor, Back Side, Mahindra Park, New Delhi, West Delhi, Delhi	PLOT NO. 0016, NEW DELHI, WEST DELHI, Delhi	India	India
S1-351130190	S3-752116914	cross_script	Golden Finance Limited	गोल्डन फाइनेंस लिमिटेड	C 001 A Sector 16 B, Noida, Gautam Buddha Nagar, Uttar Pradesh	Noida, UP, C 001 A Sector 16 B, Atta	India	India
S1-133980545	S3-305365655	cross_script	Southern Media Pvt Ltd	सदर्न मीडिया Pvt Ltd	15, Alkapuri Amba Mata, Udaipur, Rajasthan	#15, RJ, Alkapuri Amba Mata, Udaipur	India	India
S1-926168933	S3-554847817	cross_script	Blue Impex Private Limited	Blue Impex प्राइवेट लिमिटेड	Krishnam, 34C/24, Nawab Yusuf Road Civil Lines, Allahabad, Uttar Pradesh		India	India
S1-58691984	S3-913688028	severe_lexical_mutation	Black Ram Consulting Private Limited	blackramconsulting.com	3 Shyamacharan Smrity Tirtharoad, Kolkata, Calcutta, West Bengal	H.no B3/3 Shyaacharan Smrity Tirtharoad, Kolkata, Calcutta, WB	India	India
S1-256847347	S3-18090269	severe_lexical_mutation	South Value Flag Inc	Deltaflux	MN, Cotton, 1287 Melrude Road	##1287 Melrude Rd, Cotton, Minnesota	US	US
S1-58144122	S2-281576159	cross_script	Pioneer Estate	पायोनियर एस्टेट	A-139, Floor 3Rd, Gujrawala Town Part - 1, New Dehi, Delhi	A-139, FLOOR 3RD, GUJRAWALA TOWN PART - 1, NEW DEHI, Delhi	India	India
S1-319438377	S3-721938791	cross_script	Premier Engineering Private Limited	प्रीमियर इंजीनियरिंग प्राइवेट लिमिटेड	110, F/F, Chhatta Bhawani Shanker, Fateh Puri, Delhi, Central Delhi, Delhi	Delhi, दिल्ली, H.no 734 110, F/f, Chhatta Bhawani Shanker, Fateh Puri, Central Delhi	India	India
S1-112009210	S2-9025026	cross_script	Vision International Private Limited	विजन इंटरनेशनल प्राइवेट लिमिटेड	House No.11, Root Inst Root Institute, Saxena More, Bodhgaya, Gaya, Bihar	HOUSE NO.11, ROOT INST ROOT INSTITUTE, SAXENA MORE, BODHGAYA, GAYA, बिहार	India	India
S1-583742165	S2-404539498	cross_script	Hitech Infotech Private Limited	हाईटेक इंफोटेक प्राइवेट लिमिटेड	B-Ii/100, M.C.I.E Delhi Mathura Road, New Delhi, Delhi	B-II/100, M.C.I.E DELHI MATHURA ROAD, NEW DELHI, Delhi	India	India
S1-779629365	S2-237633028	cross_script	Future Hospitality Private Limited	फ्यूचर हॉस्पिटैलिटी प्राइवेट लिमिटेड	Prayagraj, Uttar Pradesh, Allahabad, 832 D Baghambari Gaddi Allahpur	#83 D BAGHAMBARI GADDI ALLAHPUR, ALLAHABAD, PRAYAGRAJ, Uttar Pradesh	India	India
S1-777396739	S3-120126962	severe_lexical_mutation	Smith's Studios	Smith's Stdlgs	306 Rimrock Road, City Of Wausau, WI	306 Rimrock Rd, City Of Wausau, Wisconsin	US	US
S1-728033873	S3-793397295	severe_lexical_mutation	IH Rocky Oyster Inc	Kornovi	MD, Manchester, 3578 Water Tank Road	3578 Water Tank Rd, Manchester, Maryland	US	US
S1-888818682	S3-930754614	cross_script	First Software	फर्स्ट सॉफ्टवेयर	C-802, Maharashtra, 24K, Glitterati Apartments, Vishal Nagar, Nr. Dp Road, Pimple Nilakh, Pune	C-02, Pune, MH	India	India
S1-323142467	S2-74955143	cross_script	My Foundation Limited	மை ஃபவுண்டேஷன் லிமிடெட்	Flat S3 Ii Floor Moongi Enclave No.1 Eswaran Koil Street, Urapakkam, Kancheepuram, Tamil Nadu	FLAT S3/7 II FLOOR MOONGI ENCLAVE NO.1 ESWARAN KOIL STREET, URAPAKKAM, KANCHEEPURAM, Tamil Nadu	India	India
S1-860067119	S2-471640204	cross_script	South Logistics	साउथ लॉजिस्टिक्स	B-201 Pleasant Palacesodawala Lane Borivli West, Mumbai, Mumbai City, Maharashtra	B-01 PLEASANT PALACESODAWALA LANE BORIVLI WEST, BOMBAY, MUMBAI CITY, Maharashtra	India	India
S1-958147286	S3-700729216	severe_lexical_mutation	Integrative & Co	Itgerahiove & Co	Mumbai, Maharashtra, 57, St. Pawl Road, Boittovilla, Bandra	Boittovilla, 57, St. Pawl Road, Bandra, Mumbai, MH	India	India
S1-441889803	S3-242839994	missing_address	Jones Intercontinental	Jones Inetrcontinlnl	5958 Twisted Acacia Way, Gold Canyon, AZ		US	US
S1-689594674	S2-954167051	severe_lexical_mutation	Green Global Private Limited	Dr Green Global Príante Limited - 6019786325	Gharunda, Haryana, Ward No. 17, Raghuvir Vihar Colony, Karnal	WARD NO. 17, RAGHUIVR VIHAR COLONY, KARNAL, हरियाणा	India	India
S1-723016788	S2-92969767	severe_lexical_mutation	Gujarat Healthcare Private Limited	ગુજરાત હેલ્થકેર પ્રાઇવેટ લિમિટેડ	28/2 Arunoday Society, 401 Maple Court Flat, Vadodara, Gujarat	28/2 ARUNODAY SOCIETY, 401 MAPLE COURT FLAT, VADODARA, ગુજરાત	India	India
S1-853994711	S3-244131779	cross_script	Dream Blue Technologies Private Limited	ड्रीम ब्लू टेक्नोलॉजीज प्राइवेट लिमिटेड	Fl No.604 B Wing Parvati Nandan, G No.398, 399, Jadhavwadi, Haveli, Pune, Maharashtra	Fl No.604- B Wing Parvati Nandan, Haveli, Pune, महाराष्ट्र	India	India
S1-587311600	S3-115351671	severe_lexical_mutation	Shree It Private Limited	Shree-It Prigvate Limited	G-11/2 Sangam Vihar, New Delhi, South Delhi, Delhi	Hn 771 G-11/2 Sangam Vihar, Divreportingcircle, New Delhi, दिल्ली	India	India
S1-200594874	S2-960721509	cross_script	Black Investment Private Limited	ब्लैक इन्वेस्टमेंट प्राइवेट लिमिटेड	625, Panjabi Colony, Bazar Kalan, Bilaspur, Rampur, Uttar Pradesh	625, PANJABI COLONY, BAZAR KALAN, BILASPUR, Uttar Pradesh	India	India
S1-53582980	S2-478404292	cross_script	Shiv Impex LLP	शिव इम्पेक्स एलएलपी	01, Raj Shopping Arcade, Gr Floor, Opp. Kothari Milestone, S V Road, Malad, West, Mumbai, Maharashtra	01, RAJ SHOPPING ARCADE, GR FLOOR, OPP. KOTHARI MILESTONE, S V ROAD, MALAD, WEST, MUMBAI, Maharashtra	India	India
S1-955643207	S3-880622714	severe_lexical_mutation	Shree & Sons Private Limited	Lyrafayeevo	Kh-310/2, G/F, Fatehpur Beri Dera More, South Delhi, South Delhi, Delhi	South Delhi, G/F, Fatehpur Beri Dera More, South Delhi, Kh-310/2, South Delhi, Delhi	India	India
S1-94928920	S2-925056119	severe_lexical_mutation	Unique Impex Private Limited	ইউনিক ইম্পেক্স প্রাইভেট লিমিটেড	258 M C Garden Road Ghugudanga, Kolkata, Howrah, West Bengal	258 M C GARDEN ROAD GHUGUDANGA, KOLKATA, HOWRAH, West Bengal	India	India
S1-787357092	S2-226406324	severe_lexical_mutation	Dream Infrastructure Limited	ড্রিম ইনফ্রাস্ট্রাকচার Limited	C/O Satadal Debnath Anadi Nagar Krishnagar, Nadia, West Bengal	C/O SATADAL DEBNATH ANADI NAGAR KRISHNAGAR, NADIA, পশ্চিমবঙ্গ	India	India
S1-695534879	S2-172851986	severe_lexical_mutation	Digital Apparel Laboratories LLC	Digita1  Apparel Lrabraotres LLC	105 Valley Run Trail, Elgin, TX	TX, 105 VALLEY RUN TRAIL, ELGIN	US	US
S1-640536617	S2-521107350	cross_script	Blue Om Solutions Private Limited	ब्लू Om Solutions प्राइवेट लिमिटेड	18/11/1;18/11/4; Shop-717, Spot 18, Sai Chowk, Pimple Saudagar, Pune, Maharashtra	18/11/1;18/11/4; SHOP-717, PUNE, महाराष्ट्र	India	India
S1-5285222	S3-436853894	cross_script	Star Food Pvt Ltd	स्टार फूड प्रा. लि.	69, Ward No. 5, Deoli, Deoli, Wardha, Maharashtra	##69, Yavatmal, Wardha, MH	India	India
S1-870086967	S3-469613033	severe_lexical_mutation	Smart Atlantic	Smart Atannitc	3530 419, Watkins Glen, NY	3530 419, null, Watkins Glen, New York	US	US
S1-579899515	S3-634895384	severe_lexical_mutation	Shyam Industries Private Limited	Synsol	No 252, 14Th A Cross Road, Bangalore North, Bangalore, Karnataka	No 252, 14Th A Cross Road, Bangalore North, Bangalore, Karnataka	India	India
S1-41449586	S3-15503930	severe_lexical_mutation	Fresh Engineering Innovations LLC	Fresh Entibnehg Innovations LLC	37 Winside Lane, Brookhaven, NY	37 Wnside Lane, Coram, New York	US	US
S1-404177919	S2-228543417	severe_lexical_mutation	Select Frequency Inc.	Select Famquncy Inc.	519 Osage Avenue, Apache Junction, AZ	OSAGE AVENUE, APACHE JNUCTION TOWNSHIP, AZ	US	US
S1-89176857	S3-547627489	severe_lexical_mutation	United Developers Private Limited	Pbrivte United Developers Limited	Flat # 106, Amrutha Apartments Daddanakundi Village, Bangalore, Karnataka	ಕರ್ನಾಟಕ, Bangalore, Flat # 106	India	India
S1-365439591	S2-643135584	severe_lexical_mutation	Franken and Walker P.C.	@FRÁNKENWALKER	715 12th Street, Columbus, IN	12ND ST, COLUMBUS, IN	US	US
S1-997377040	S2-716214631	severe_lexical_mutation	Sarathy Vidyalaya	5arathy Veidyearaya	C/O Ashadulla Molla, Vill Ghanashyampur Po Banganagar, Ps Falta, South 24 Parganas, Parganas South, West Bengal	C/O ASHADULLA MOLLA, SOUTH 24 PARGANAS, West Bengal	India	India
S1-915161539	S3-431257559	severe_lexical_mutation	Smart Investment Private Limited	స్మార్ట్ ఇన్వెస్ట్‌మెంట్ ప్రైవేట్ లిమిటెడ్	12-1-513/4/A, Shanthi Nagar Lalapet, Secunderabad, Hyderabad, Telangana	Secunderabad, Plot 866 12-1-513/4/A, Hyderabad, TG	India	India
S1-18641189	S3-517297057	severe_lexical_mutation	Dermatology Group	Dermatology Gróup	1717 Morten Avenue, Unit 12, Phoenix, AZ	1717 1/2 Morten Ave, Unit 12, Arizona, Phoenix	US	US
S1-968627228	S3-386346993	severe_lexical_mutation	Dynamic Projects Pvt Ltd	Halotavo Labs	At Post Shirur, Shirur, Beed, Maharashtra	At Post Shirur, Shirur, Beed, Maharashtra	India	India
S1-714211201	S3-256356076	severe_lexical_mutation	Apex Health Alliance	Veraevo	190 Fall River Drive, Folsom, CA	190 Fall River Drive, CA, Folsom	US	US
S1-639964892	S2-630202441	severe_lexical_mutation	Ironclad LLC	LLC IRNNBLAD	3478 Gray Pine Drive, Syracuse, UT	3478 GRAY PINE DRIVE, SYRACUSE, UT	US	US
S1-969305764	S2-395435536	severe_lexical_mutation	Gorakhpur Super Private Limited	superprivate.com	878, Behind Sri Takij, Mohaddipur, Gorakhpur, Uttar Pradesh	878, GORAKHPUR, Uttar Pradesh	India	India
S1-320885447	S3-457475572	severe_lexical_mutation	Smart Software	স্মার্ট সফটওয়্যার	Post Office More, Debinagar, Raiganj, Uttar Dinajpur, West Bengal	Post Office More, Debinagar, Uttar Dinajpur, Raiganj, WB	India	India
S1-414260962	S2-948918333	severe_lexical_mutation	Galaxy Galaxy Technology Pvt Ltd	ಗ್ಯಾಲಕ್ಸಿ ಗ್ಯಾಲಕ್ಸಿ ಟೆಕ್ನಾಲಜಿ ಪ್ರೈವೇಟ್ ಲಿಮಿಟೆಡ್	No.9 &22, Old Khata 1053/1, Nagasandra, Vidyanagar, Bangalore North, Bangalore, Karnataka	NO.009 &22, OLD KHATA 1053/1, NAGASANDRA, VIDYANAGAR, BANGALORE NORTH, BANGALORE, Karnataka	India	India
S1-57054986	S3-62099653	severe_lexical_mutation	Karnal Constructions Private Limited	Pyrayumabrix	864, Karnal, Haryana, Karnal, Block No. 1, Sagga, Taraori	864, Block No. 1, Sagga, Taraori, Karnal, Haryana	India	India
S1-767948269	S3-375172452	severe_lexical_mutation	Green Software Private Limited	greensoftware.com	Plot No 59 And 60 Prashanth Nagar Vanasthalipuram Hayathnagar, Hyderabad, Rangareddy, Telangana	No 59 And 60 Prashanth Nagar Vanasthalipuram Hayathnagar, null, Hyderabad, Rangareddy, Andhra Pradesh	India	India
S1-801814739	S3-914315284	severe_lexical_mutation	Oncology Group	Belopyra DBA Oncology Group	329 Katherine Avenue, Ashland, OH	Ashland, OH, 329 Katherine Avenue	US	US
S1-326287850	S3-740195923	severe_lexical_mutation	South Construction Private Limited	ಸೌತ್ ಕನ್‌ಸ್ಟ್ರಕ್ಷನ್ ಪ್ರೈವೇಟ್ ಲಿಮಿಟೆಡ್	Sam Enclave, Gf - A, #52, Nti Layout, 1St Stage, Sanjaynagar, Bhoopsandra Main, Road, Bangalore, Karnataka	Sam Enclave, Gf - A, #52, Nti Layout, 1St Stage, Sanjaynagar, Bhoopsandra Main, Road, null, KA	India	India
S1-713912434	S3-170697281	severe_lexical_mutation	First Infrastructure	ফার্স্ট ইনফ্রাস্ট্রাকচার	Ca-9, Urvashi, Phase-Ii, City Centre, Durgapur Mc, Bardhaman, West Bengal	#C-912 Ca-9, Urvashi, Phase-ii, City Centre, Bardhaman, Durgapur Mc, পশ্চিমবঙ্গ	India	India
S1-902227224	S3-700143501	cross_script	Hotel Builders Private Limited	होटल बिल्डर्स प्राइवेट लिमिटेड	3 No. Dsiidc, Scheme-1, Okhla Phase-2, New Delhi, Delhi	3 No. Dsiidc, Scheme-1, Okhla Phase-2, New Delhi, DL	India	India
S1-333933101	S2-929050239	severe_lexical_mutation	Allied Principal Inc	Allied Inc Services	Sparta, TN, 3117 Coal Bank Road	3117 COAL BANK ROAD, SPARTA, TN	US	US
S1-159025738	S2-296181013	cross_script	Blue Hospitality Private Limited	ब्लू हॉस्पिटैलिटी प्राइवेट लिमिटेड	A-Hanuman Complex, 1St Floor, Azad Nagar Chouraha, Pur Road, Bhilwara, Rajasthan	A-HANUMAN COMPLEX, BHILWARA, Rajasthan	India	India
S1-37515586	S3-446809423	cross_script	Blue Hotel Management Pvt Ltd	ब्लू होटल मैनेजमेंट प्रा. लि.	New No-122/201-A Kh No.5, West Delhi, Delhi, New Delhi, 2 Mahabir Enclave Dwarka	West Delhi, New Delhi, दिल्ली, 2 Mahabir Enclave Dwarka, Door No 87 New No-122/201-a Kh No.5	India	India
S1-57528984	S3-344338146	severe_lexical_mutation	City Global Private Limited	City Global Priffvae Limited	Batha Offc, 101, Commerce, House, 9/1, Cunnigham Rd, Bangalore North, Bangalore, Karnataka	256 Batha Offc, 101, Commerce, House, 9/1, Cunnigham Rd, Bangalore, Bangalore North, KA	India	India
S1-914083302	S3-786959035	severe_lexical_mutation	Panomtech Mag Pvt. Ltd.	Ciracalo	Mukarpur Khema Urf Bukhara, Bijnor, Bijnore, Uttar Pradesh	Mukarpur Khema Urf Bukhara, Bijnor, Bijnore, Uttar Pradesh	India	India
S1-51121547	S2-515520487	severe_lexical_mutation	Tri-State League	TRI-STATE LEGRTE	IL, Polo, 706 Oregon Street	706 OREGON STEET, POLO, IL	US	US
S1-6392394	S2-545849197	cross_script	Lakshmi Media Pvt Ltd	लक्ष्मी मीडिया प्रा. लि.	Garrage No 8 Khiranagar S V Road Santakruz West Opp Bata Showroom Mumbai, Mumbai, Mumbai City, Maharashtra	GARRAGE NO 8  KHIRANAGAR S V ROAD SANTAKRUZ WEST OPP BATA SHOWROOM MUMBAI, MUMBAI, MUMBAI CITY, महाराष्ट्र	India	India
S1-978838605	S3-190145064	severe_lexical_mutation	Ear Nose & Throat Care LLC	Ear Nose & Throat | www.earnose.com	7 Cougar Court, Brookhaven, NY	7 Cougar Ct, Holtsville, New York	US	US
S1-696124896	S3-109373810	severe_lexical_mutation	Golden Lotus Logistics Limited	Golden	944/3 Nai Walafaiz Road Kroa Bagh, New Delhi, Central Delhi, Delhi	944/3 Nai Walafaiz Road Kroa Bagh, New Delhi, Central Delhi, Delhi	India	India
S1-764218371	S2-913477271	cross_script	Shivam Exports Private Limited	शिवम एक्सपोर्ट्स प्राइवेट लिमिटेड	M96A Gali No 7 Mamura, Uttar Pradesh, Noida, Gautam Buddha Nagar	M96A GALI NO 7 MAMURA, GAUTAM BUDDHA NAGAR, NOIDA, Uttar Pradesh	India	India
S1-605443521	S3-603408273	cross_script	Red Engineering Private Limited	रेड इंजीनियरिंग प्राइवेट लिमिटेड	D-3/3243 Vasant Kunj, New Delhi, North Delhi, Delhi	D-3/3243 Vasant Kunj, North Delhi, New Delhi, DL	India	India
S1-291136310	S2-450194318	numeric_mismatch	Dermatology Clinic	Dermatology  Center	2121 94th Avenue, Portland, OR	OR, 02121 94TH AVE, PORTLAND	US	US
S1-370765885	S3-984389697	severe_lexical_mutation	Dharmik India (India) Private Limited	diindia.com	Row House No 2, Phase 1, Ground Floor, Golden Nest, Mira Bhayander Road, Mira R, Oad(East), Thane, Maharashtra	Thane, Row House No #2, MH, Phase 1, Ground Floor, Golden Nest, Mira Bhayander Road, Mira R, Oad(east)	India	India
S1-518571585	S3-123847365	numeric_mismatch	Cultural League LLC	culturalleague.com - 1139111845	Southington, 151 Center Street, CT	Connecticut, Southngton, 15 Center Street	US	US
S1-411998512	S3-455653972	severe_lexical_mutation	One International Solutions Private Limited	ਵਨ ਇੰਟਰਨੈਸ਼ਨਲ ਸੋਲਿਊਸ਼ਨਜ਼ ਪ੍ਰਾਈਵੇਟ ਲਿਮਟਿਡ	Top Floor, Sco 1011, Honey Complex, Sunny Enclave, Mohali, Sector 125, Mohali, Kharar, Rupnagar, Punjab	No. 19 Top Floor, Sco 1011, Honey Complex, Sunny Enclave, Mohali, Sector 125, Mohali, Kharar, Rupnagar, PB	India	India
S1-839968350	S2-51677560	cross_script	Sree Industries Private Limited	श्री इंडस्ट्रीज प्राइवेट लिमिटेड	141 A V Colony, Aligarh, Uttar Pradesh	141 A V COLONY, ALIGARH, Uttar Pradesh	India	India
S1-885465874	S2-463730224	severe_lexical_mutation	Indo Software Pvt Ltd	ఇండో సాఫ్ట్‌వేర్ ప్రైవేట్ లిమిటెడ్	2-2-18/18/4/27/A, Tulsicoo, Indraprastha Colony, Bagh, Amberpet, Hyderabad, Telangana	AMBERPET, HYDERABAD, 2-2-18/18/4/27/A/2, TULSICOO, INDRAPRASTHA COLONY, BAGH, తెలంగాణ	India	India
S1-664239241	S2-58721412	severe_lexical_mutation	New Best Energy Pvt Ltd	Verafayeecto	Adjoining Indian Oil Petrol Pump, Vill. Hardojande, Nh-44, Batala, Gurdaspur, Punjab	ADJOINING INDIAN OIL PETROL PUMP, GURDASPUR, Punjab	India	India
S1-889440492	S2-877286423	cross_script	Arihant Management Private Limited	அரிஹந்த் மேனேஜ்மெண்ட் பிரைவேட் லிமிடெட்	New No.20, Old No.161, 1St Floor, Karuneegar St, Adambakkam, Chennai, Kanchipuram, Tamil Nadu, Saidapet	20, SAIDAPET, Tamil Nadu	India	India
S1-602517628	S3-715953851	cross_script	South Seven Global Private Limited	साउथ सेवन ग्लोबल प्राइवेट लिमिटेड	Shop No. 11, Radha Krishna Niwas, Mahakal Wadi, C. S. Road, Anand Nagar, Dahisar (East), Mumbai, Mumbai City, Maharashtra	Shop No. #11, Mumbai, Mumbai City, MH	India	India
S1-232927857	S2-557875256	severe_lexical_mutation	Jay Technology Limited	ജയ് ടെക്നോളജി ലിമിറ്റഡ്	#Km 11/600B, First Floor Ranzom Building, Chundappuram, Koduvally, Kozhikode, Kerala	#KM 11/600B, FIRST FLOOR RANZOM BUILDING, CHUNDAPPURAM, KODUVALLY, KOZHIKODE, Kerala	India	India
S1-706702758	S3-794442199	severe_lexical_mutation	Interstate League	Interstate  5ervices	338 Broadway Avenue, Watertown, NY	338 Broadway Ave, Waertown CITY, New York	US	US
S1-539785023	S2-898762103	cross_script	Balaji Construction LLP	बालाजी कंस्ट्रक्शन एलएलपी	C/Onarendrachandranee, Shree Jalaram Ashray House No.563Plot No.17Raut Wadi, Akola, Maharashtra	C/ONARENDRACHANDRANEE, AKOLA, Maharashtra	India	India
S1-463566852	S3-591187317	severe_lexical_mutation	New Infrastructure Limited	Halokor	No.15, 1St Floor, 1St Main Club Road, Rpck Layout Ii Stage, Vijayan, Agar, Bangalore, Karnataka	Bangalore, Karnataka, Bangalore, 1St Floor, 1St Main Club Road, Rpck Layout Ii Stage, Vijayan, Agar, No.15	India	India
S1-787197870	S2-56082246	severe_lexical_mutation	Port International School Corp	Syníri	House No: 27/673, Kottuli Kuthiravattom Cross Road, Kottuli, Kuthiravattom Post, Calicut, Kozhikode, Kerala	HOUSE NO: 27/673, KOTTULI KUTHIRAVATTOM CROSS ROAD, KOTTULI, KUTHIRAVATTOM POST, KOZHIKODE, Kerala	India	India
S1-195163220	S2-215824739	severe_lexical_mutation	Fortune Black Power Private Limited	ఫార్చూన్ బ్లాక్ పవర్ ప్రైవేట్ లిమిటెడ్	No 22, Adarsh Nagar Swaroop Nagar, Uppal, Hyderabad, Telangana	H.NO 22, HYDERABAD, RANGA REDDY, Telangana	India	India
S1-992797126	S3-201213023	cross_script	Shree Construction Limited	श्री कंस्ट्रक्शन लिमिटेड	Ho-3, K-155 7 C Residency, Chinhat, Lucknow, Uttar Pradesh	Ho-003, Lucknow, UP	India	India
S1-565604062	S3-325992165	cross_script	Perfect Builders Private Limited	परफेक्ट बिल्डर्स प्राइवेट लिमिटेड	H-45 Cannaught Place, New Delhi, Central Delhi, Delhi	Block F-975 H-45 Cannaught Place, New Delhi, Central Delhi, DL	India	India
S1-622487631	S2-392102857	severe_lexical_mutation	Shiva Trading Private Limited	5hiva  Trading Limited Service	14/3 Main Mathura Road, Metro Pillar No. 564, Faridabad, Haryana	NO 84/3 MAIN MATHURA ROAD, FARIDABAD, Haryana, FARIDABAD	India	India
S1-666343734	S3-985222071	severe_lexical_mutation	Shiv International Private Limited	Shiv lenterhitaioal Private [Limited]	4 Mulji Mistry Buildingno B 64-B Tejpal Road Vile Parle East, Mumbai, Maharashtra	No 4 Mulji Mistry Buildingno B 64-B Tejpal Road Vile Parle East, Mumbai, MH	India	India
S1-579377855	S2-950666304	severe_lexical_mutation	Alpha Producer	ಆಲ್ಫಾ Producer	No.438, 4Th Main, Nagendra Block, Banashankari I Stage, Bangalore, Karnataka	438, 4TH MAIN, NAGENDRA BLOCK, BANGALORE, BANASHANKARI I STAGE, ಕರ್ನಾಟಕ	India	India
S1-259212074	S3-602955525	cross_script	Dynamic Marketing Private Limited	डायनामिक मार्केटिंग प्राइवेट लिमिटेड	Maharashtra, Sr No-3/1/1/5 Yewalewadi, Pune, Pune City	Plot 329 Sr No-3/1/1/5 Yewalewadi, Pune, MH	India	India
S1-730360338	S3-10736973	severe_lexical_mutation	Modern Properties Private Limited	ਮਾਡਰਨ ਪ੍ਰੋਪਰਟੀਜ਼ ਪ੍ਰਾਈਵੇਟ ਲਿਮਟਿਡ	145 1St Flr Opp J.D, Enterprises Nr Bus Stand, Jalandhar - I, Jalandhar, Punjab	145 1St Flr Opp J.d, Enterprises Nr Bus Stand, Jalandhar - I, Jalandhar, PB	India	India
S1-961883317	S3-814559915	severe_lexical_mutation	Digital Producer Private Limited	ಡಿಜಿಟಲ್ ಪ್ರೊಡ್ಯೂಸರ್ ಪ್ರೈವೇಟ್ ಲಿಮಿಟೆಡ್	No 179, Sudhabdhi, 5Th Cross, 2Nd Main Road, Rk Township, Yarandahalli, Anekal, Bangalore, Karnataka	Door No D/179, Sudhabdhi, 5Th Cross, 2Nd Main Road, Rk Township, Yarandahalli, Anekal, Bangalore, KA	India	India
S1-100781380	S2-24043483	severe_lexical_mutation	Silver Projects	సిల్వర్ ప్రాజెక్ట్స్	2-1-287, First Floor, Bokkal Guda, Adilabad, Telangana	2-1-287, FIRST FLOOR, BOKKAL GUDA, ADILABAD, Telangana	India	India
S1-673356401	S2-478556914	cross_script	Pioneer Shree Projects	पायोनियर श्री प्रोजेक्ट्स	B-88, Ground Floor, Gali No.1, Mandawali Fazalpur, Delhi	B-##88, GALI NO.1, MANDAWALI FAZALPUR, Delhi	India	India
S1-789478124	S3-871626385	severe_lexical_mutation	Metro Fellowship	Metro Fdlltowship	31 Industrial Road, Prospect, CT	31 Industrial Road, Prospect, Connecticut	US	US
S1-103921530	S3-46412737	severe_lexical_mutation	Creative Consultancy	Creative Service	3A Short Street, Kolkata, Calcutta, West Bengal	3A Short Street, Mumbai, Calcutta, WB	India	India
S1-455242993	S3-600955360	cross_script	Perfect Investment Private Limited	Perfect इन्वेस्टमेंट प्राइवेट लिमिटेड	Scf-34, Ashoka Enclave-Ii, Sec37, Faridabad, Haryana	Scf-34, HR, Sarai Khawaja, Faridabad	India	India
S1-242756686	S3-782355258	cross_script	Bharat Software Limited	भारत सॉफ्टवेयर लिमिटेड	522 Swastik Chamberschembur, Mumbai, Maharashtra	Door No 522/5 Swastik Chamberschembur, Mumbai, महाराष्ट्र	India	India
S1-712793448	S2-408520536	severe_lexical_mutation	BX Carbon Private Limited	Dovapyralyra	Wh-52, Mayapuri Industrial Area, Phase-1, New Delhi, Delhi	WH-52, PHASE-1, NEW DELHI, Delhi	India	India
S1-332724598	S2-238277640	severe_lexical_mutation	Johnson Integrated Otg, LLC	OIJOHNSON.COM	1802 4M Street, Unit Lot 588, Watford City, ND	1802 4M ST, WATFORDCITY, ND	US	US
S1-837715189	S2-144737620	severe_lexical_mutation	Downtown Tavern	Downtown Taecvn	815 Mckenzie Street, Unit Suite E, Foley, AL	MCKENZIE STREET, FOLE YCITY, AL	US	US
S1-5304135	S3-619558169	numeric_mismatch	Brown Teucrium Inc.	Brown Tuelribu Inc.	619 Oak Ridge Lane, Mars Hill, NC	00619 Oak Ridge Ln, Mars Hill, North Carolina	US	US
S1-589876492	S3-790611028	cross_script	Silver It Private Limited	சில்வர் ஐடி பிரைவேட் லிமிடெட்	Sf No 509/1 Part, Masarayan Kovil Street, Coimbatore North, Coimbatore, Tamil Nadu	Sf No 509/1 Part, Coimbatore North, Coimbatore, TN	India	India
S1-522266129	S2-318232081	severe_lexical_mutation	Ravindra & Co	Rvisrda & [Co]	S.Y. No. 12/D, C12/3, 12/2Ee, Kongarakurd, B Village, Kongararaviryala Grama Panchayat, Maheswaram Revenue Mandal, Maheswaram, K.V.Rangareddy, Telangana	C12/3, 12/2EE, KONGARAKURD, B VILLAGE, KONGARARAVIRYALA GRAMA PANCHAYAT, MAHESWARAM REVENUE MANDAL, S.Y. NO. 12/D, Telangana, MAHESWARAM, K.V.RANGAREDDY	India	India
S1-449222558	S3-654678910	missing_address	VH Builders Pvt. Ltd.	VH Buiholdebs Pvt. Ltd.	No.90/133, Coral Merchant Street George Town, Parrys, Chennai, Tamil Nadu		India	India
S1-260618481	S2-499468314	severe_lexical_mutation	United Investments LLC	United United Imestbents LLC	187 Wallace Road, Kinderhook, NY	187-189 WALLACE RD, KINDERHOOK, NY	US	US
S1-771498729	S2-144581561	severe_lexical_mutation	Blue Charities	8lue Chárities	812 Lasalle Avenue, Unit APT. 12A, Hampton City, VA	LASALLE AVENUE, HAMPTON, VA	US	US
S1-246767534	S2-15673558	cross_script	Maa Media Private Limited	मां मीडिया प्राइवेट लिमिटेड	32Apollo Street Fort, Mumbai, Maharashtra	32APOLLO STREET FORT, MUMBAI, Maharashtra	India	India
S1-98857342	S2-822354127	numeric_mismatch	Deix Inc	Daix Inc	103 Cherry Street, St Michaels, MD	10 CHERRY STREET, ST MICHAELS, MD	US	US
S1-808268126	S2-239314408	severe_lexical_mutation	One Consultancy Private Limited	వన్ కన్సల్టెన్సీ ప్రైవేట్ లిమిటెడ్	1-69, Bhimavaram, West Godavari, Andhra Pradesh	Andhra Pradesh, 1-69/1, WEST GODAVARI	India	India
S1-969544136	S3-763486386	cross_script	Indo Dynamic Consulting Private Limited	इंडो डायनामिक कंसल्टिंग प्राइवेट लिमिटेड	Sr. No. 78/60, Plot No. 1, W 'Sai Vision' Pimple Saudagar, Pune, Maharashtra	Sr. No. 78/60, Plot No. 1, W 'Sai Vision' Pimple Saudagar, Pune, MH	India	India
S1-449222558	S2-301082006	severe_lexical_mutation	VH Builders Pvt. Ltd.	VH Busldes Pvt. Ltd.	No.90/133, Coral Merchant Street George Town, Parrys, Chennai, Tamil Nadu	NO 90/133 , CORAL MERCHANT STREET GEORGE TOWN, PARRYS, CHENNAI, தமிழ்நாடு	India	India
S1-885645563	S3-357256365	severe_lexical_mutation	Family Center	Nexviogild Labs dba Family Center	5826 Copper Stone Drive, South Jordan, UT	5826 Copper Stone Drive, South Jordan, UT	US	US
S1-873464752	S2-21654988	severe_lexical_mutation	Physical Therapy Clinic LLC	Physical Terhapy-Clinic LLC	2 Main Street, Bozeman, MT	2 MAIN ST, BOZEAMN, MT	US	US
S1-928397790	S2-779809287	cross_script	Hari Finance Limited	ஹரி ஃபைனான்ஸ் லிமிடெட்	No.3/17, Nehru Colony, 2Nd Street Darasuram Post, Kumbakonam, Thanjavur, Tamil Nadu	NO.03/17, NEHRU COLONY, 2ND STREET DARASURAM POST, THANJAVUR, Tamil Nadu, KUMBAKONAM	India	India
S1-356264091	S3-926993604	severe_lexical_mutation	West Auto Sales	West Auto Sgelas	7432 24th Court, Fl 0, Wichita, KS	24st Ct, Floor 0, Wichita, Kansas	US	US
S1-179800630	S2-784094209	severe_lexical_mutation	Little Endocrinology Inc	LITTLE END0CRINOLOGY INC	2137 Jordan Villa Drive, West Jordan City, UT	2137 JORDAN VILLA DR, WEST JORDAN CITY, UT	US	US
S1-88308787	S3-934817908	abbreviation_acronym	Kaizer Brothers Pvt Ltd	KB	Tiruvallur, 3, Poonamallee, Voc Nagar, 2Nd Cross Street, Tamil Nadu	3, Voc Nagar, 2Nd Cross Street, Poonamallee, Tiruvallur, Tamil Nadu	India	India
S1-552177080	S2-619362255	missing_address	St. Fellowship	St. Féllowship Corporation	2118 10th Avenue, Seattle, WA		US	US
S1-974071929	S3-942593176	cross_script	Ram Infra	ராம் இன்ஃப்ரா	Old No.19, New No.12, 10Th Cross Road, Indira Nagar, Adyar, Chennai, Tamil Nadu	H.no 19, New No.12, 10Th Cross Road, Indira Nagar, Adyar, Chennai, தமிழ்நாடு	India	India
S1-593756776	S2-84968525	cross_script	Shiv Investments Private Limited	शिव इन्वेस्टमेंट्स प्राइवेट लिमिटेड	Store No 4 Sno 140/2 Orange Life Pashan Sus Rd Opp Datta Mandir, Pune, Maharashtra	PUNE, NO. 555 STORE NO 4 SNO 140/2 ORANGE LIFE PASHAN SUS RD OPP DATTA MANDIR, PUNE, Maharashtra	India	India
S1-974071929	S2-877453050	cross_script	Ram Infra	ராம் இன்ஃப்ரா	Old No.19, New No.12, 10Th Cross Road, Indira Nagar, Adyar, Chennai, Tamil Nadu	NO 19, NEW NO.12, 10TH CROSS ROAD, INDIRA NAGAR, ADYAR, CHENNAI, Tamil Nadu	India	India
S1-711923523	S3-766136663	severe_lexical_mutation	Barth, Doss and Angell LLC	Beloarcveo	77 Lambeth Drive, Asheville, NC	77 Lambeth Dr, NULL, Asheville, North Carolina	US	US
S1-464343106	S3-807629106	numeric_mismatch	Schommer, Coffey & Reece Toyo, LLC	Nylavera	Fairfax County, VA, 1925 Storm Drive	925 Storm Dr, Falls Church, Virginia	US	US
S1-408382005	S2-3950914	cross_script	Shiva Properties Limited	शिवा प्रॉपर्टीज लिमिटेड	Ganga Prabha Apartment, Flat 301 Barahia Kothi, Phulwari, Patna, Bihar	GANGA PRABHA APARTMENT, PHULWARI, PATNA, Bihar	India	India
S1-53377347	S3-158619404	severe_lexical_mutation	High Products Limited	High Pordtcs Limited	Sr No 58 /59 Pl 4 Santnagar Valvekarnagar Parvati, Pune, Maharashtra, Pune	Sr No 58- /59 Pl 4 Santnagar Valvekarnagar Parvati, Pune, महाराष्ट्र	India	India
S1-535191443	S2-732744848	cross_script	Smart Management Pvt Ltd	स्मार्ट मैनेजमेंट प्रा. लि.	Delhi, Central Delhi, Delhi, 912 Kucha Kabul Attarchandni Chowk	912 KUCHA KABUL ATTARCHANDNI CHOWK, <NULL>, DELHI, CENTRAL DELHI, Delhi	India	India
S1-742417717	S3-716185408	severe_lexical_mutation	Vega Douglas	dvega.com	913 Via Barcelona, Mesquite, TX	913. Via Barcelona, Mesquite, Texas	US	US
S1-77591222	S2-336600427	severe_lexical_mutation	Frontier Institute III	FAYEJAX	3412 Mondawmin Avenue, Baltimore, MD	3412  MONDAWMIN AVENUE, BALTIMOER, MD	US	US
S1-591940477	S3-700924833	cross_script	Balaji Hospitality Private Limited	बालाजी हॉस्पिटैलिटी प्राइवेट लिमिटेड	12 & 13 Saran Tower Subhash Nagar New Bus Station Road, Sanchore, Jalore, Rajasthan	#12 & 13 Saran Tower Subhash Nagar New Bus Station Road, Sanchore, Jalore, राजस्थान	India	India
S1-942927206	S3-781029551	cross_script	Vision Enterprises Private Limited	विजन एंटरप्राइजेज प्राइवेट लिमिटेड	301-302, Haryana, Gurgaon, 3Rd Floor, Good Earth City Centre, Sector-50, Gurgaon	#651 301-302, Gurgaon, हरियाणा	India	India
S1-458305883	S2-618672257	cross_script	Al Lakshmi Infotech Private Limited	अल लक्ष्मी इंफोटेक प्राइवेट लिमिटेड	H.No:5A, Vinayak Puram Sector-12, Vikas Nagar, Lucknow, Uttar Pradesh	H.NO:5A, VINAYAK PURAM SECTOR-12, VIKAS NAGAR, LUCKNOW, Uttar Pradesh	India	India
S1-136874646	S2-784244008	severe_lexical_mutation	Ridge Trust	Ridge Trúst	401 South Avenue, Missoula, MT	401 SOUTH AVE, MISSOULA, MT	US	US
S1-757152194	S3-20986300	severe_lexical_mutation	New Tech Private Limited	Synbelo doing business as New Tech Private Limited	171 New Prem Puri Railway Road, Meerut, Uttar Pradesh	171 New Prem Puri Railway Road, Meerut, Uttar Pradesh	India	India
S1-746190904	S2-255825193	cross_script	Good Jain Solutions Pvt Ltd	गुड जैन सॉल्यूशंस प्रा. लि.	Shop No 113, Plot No 9, Bhoomi Mall, Sector 15 Cbd Belapur, Thane, Maharashtra	SHOP NO G-113, PLOT NO 9, BHOOMI MALL, SECTOR 15 CBD BELAPUR, THANE, Maharashtra	India	India
S1-704359552	S2-927102084	missing_address	Reliable Technical Works	RELIA8LE  TLECNNICCAL WORKS	8753 600, IN, Fair Oaks		US	US
S1-125501788	S2-241362767	severe_lexical_mutation	Orthopedic Medicine Inc	Orthopedic Inc  Center	213 Highland Avenue, Arlington Heights, IL	213 HIGHLAND AVE, ARLINGTON HEIGHTS, IL	US	US
S1-654767881	S3-662765618	severe_lexical_mutation	Kolkata Foundation Pvt Ltd	Ko1kata Pvt Ltd Center	23A, N.S. Road, Fortuna Tower, 7Th Floor, Room No 13, B.B.D. Bagh, Kolkata, Kolkata, Howrah, West Bengal	23A, N.s. Road, Fortuna Tower, 7Th Floor, Room No 13, B.b.d. Bagh, Kolkata, Kolkata West, Howrah, WB	India	India
S1-7439688	S2-747896977	severe_lexical_mutation	Creative Industries Private Limited	ಕ್ರಿಯೇಟಿವ್ ಇಂಡಸ್ಟ್ರೀಸ್ ಪ್ರೈವೇಟ್ ಲಿಮಿಟೆಡ್	No 139, 3Rd Cross, Vinayaka Nagar, Behind Canara Bank, Gubbi, Tumkur, Karnataka	NO 139, GUBBI, TUMKUR, ಕರ್ನಾಟಕ	India	India
S1-614060557	S2-851785866	cross_script	Jay Infra	जय इंफ्रा	51-B F/F Laxmi Nagar, Delhi, East Delhi, Delhi	51-B F/F LAXMI NAGAR, EAST DELHI, Delhi	India	India
S1-874328683	S2-227101464	severe_lexical_mutation	Sun Jai Infotech Private Limited	ಸನ್ ಜೈ ಇನ್‌ಫೋಟೆಕ್ ಪ್ರೈವೇಟ್ ಲಿಮಿಟೆಡ್	Plotno-557-P37, 557-P38, 557-P39 Sompura 2Nd Stage, Karnataka, Bangalore Rural, Nelamangala	PLOT C-870 PLOTNO-557-P37, NELAMANGALA, T.BEGUR, Karnataka	India	India
S1-581830098	S2-525918314	cross_script	White Trading Limited	व्हाइट ट्रेडिंग लिमिटेड	Shop No. 144, Narayan, Dhuri Chawl, S.V Road, Mumbai, Maharashtra	NO 144, NARAYAN, DHURI CHAWL, S.V ROAD, MUMBAI, BOMBAY, Maharashtra	India	India
S1-643809838	S3-845167955	severe_lexical_mutation	National Group	Ntaionml Group Group	TX, Inez, 1188 Rodeo Road	1188 Rodeo Road, Inez, Texas	US	US
S1-890739294	S2-854157026	severe_lexical_mutation	Shivam Agro Pvt Ltd	ಶಿವಂ ಅಗ್ರೋ ಪ್ರೈವೇಟ್ ಲಿಮಿಟೆಡ್	H.No -78, Teertha, Near New Plots Teertha Kundgol Taluk, Dharwad, Dharwad, Dharwar, Karnataka	DHARWAD, TEERTHA, NEAR NEW PLOTS TEERTHA KUNDGOL TALUK, DHARWAD, Karnataka, H.NO -78, DHARWAR	India	India
S1-520972566	S2-175822431	cross_script	Shiva Infrastructure Private Limited	शिवा इंफ्रास्ट्रक्चर प्राइवेट लिमिटेड	A-3 Golden Tower, Shastri, Nagar, Meerut, Meerut, Uttar Pradesh	PLOT 31 A-3 GOLDEN TOWER, MEERUT, Uttar Pradesh	India	India
S1-620272566	S2-562100708	severe_lexical_mutation	Cardiology Associates, LLC	Cardiology Associltes, LLC	4374 Stewarts Ferry Pike, Mt Juliet, TN	4374 STEWARTS FERRY PIKE, MT JULIET, TN	US	US
S1-872151859	S2-823239596	cross_script	Seven Healthcare Private Limited	செவன் ஹெல்த்கேர் பிரைவேட் லிமிடெட்	184/131, Coimbatore, Tamil Nadu, Mettupalayam, Rangaya Street, Ls Puram	#578  184/131, METTUPALAYAM, COIMBATORE, தமிழ்நாடு	India	India
S1-412583452	S2-97416538	severe_lexical_mutation	Perfect Impex Private Limited	ਪਰਫੈਕਟ ਇੰਪੈਕਸ ਪ੍ਰਾਈਵੇਟ ਲਿਮਟਿਡ	A-27, 182/29B New Kartar Nagar, Street No 7, Dhuri Lin, E, Ludhiana, Punjab	NO. 221 A-27, LUDHIANA, Punjab	India	India
S1-617542443	S3-124642511	severe_lexical_mutation	Super Developers Private Limited	Orbiquozeph	24-A, Clyde Road Hazratganj, Lucknow, Uttar Pradesh	24-A, Clyde Road Hazratganj, Lucknow, Uttar Pradesh	India	India
S1-323142467	S2-980428496	cross_script	My Foundation Limited	மை ஃபவுண்டேஷன் லிமிடெட்	Flat S3 Ii Floor Moongi Enclave No.1 Eswaran Koil Street, Urapakkam, Kancheepuram, Tamil Nadu	FLAT S3/7 II FLOOR MOONGI ENCLAVE NO.1 ESWARAN KOIL STREET, KANCHEEPURAM, தமிழ்நாடு	India	India
S1-912059841	S3-269207413	severe_lexical_mutation	Vision & Co	Co & Vnsiieion	P.No.11, Duraisamy Nagar, Ashwini Cross Street, Bye Pass Road, Madurai North, Madurai, Tamil Nadu	P.no.11, Madurai North, Madurai, தமிழ்நாடு	India	India
S1-986239453	S2-699655813	cross_script	Shivam South Foundation Private Limited	शिवम साउथ फाउंडेशन प्राइवेट लिमिटेड	Plot No. 1094, Sector 13-17, Huda, Near Kidney Hospital, Panipat, Haryana	1094, SECTOR 13-17, HUDA, NEAR KIDNEY HOSPITAL, PANIPAT, हरियाणा	India	India
S1-351130190	S2-421125927	cross_script	Golden Finance Limited	गोल्डन फाइनेंस लिमिटेड	C 001 A Sector 16 B, Noida, Gautam Buddha Nagar, Uttar Pradesh	C 001 A SECTOR 16 B, NOIDA, GAUTAM BUDDHA NAGAR, Uttar Pradesh	India	India
S1-620160976	S2-484376563	severe_lexical_mutation	United Builders Pvt Ltd	ইউনাইটেড বিল্ডার্স প্রাইভেট লিমিটেড	13, Brabourne Road, Kolkata, Howrah, West Bengal	13, KOLKATA, HOWRAH, West Bengal	India	India
S1-842458982	S3-264292037	numeric_mismatch	Indian Global Pvt Ltd	ಇಂಡಿಯನ್ ಗ್ಲೋಬಲ್ ಪ್ರೈವೇಟ್ ಲಿಮಿಟೆಡ್	No. 117 Sanjaynagar Main Road Geddalahalli, Bangalore, Karnataka	No. 1-17 Sanjaynagar Main Road Geddalahalli, Bangalore, KA	India	India
S1-149760054	S3-817662821	severe_lexical_mutation	Seven Public School	@Sévenpublic	11 Haveli Juhu, 21 Suvarna Nagar Society, N.S.Road No.4, J.V.P.D., Vile Parle (Wes, T), Mumbai, Maharashtra	Haveli Juhu, T), Mumbai, MH	India	India
S1-581830098	S2-546913867	cross_script	White Trading Limited	व्हाइट ट्रेडिंग लिमिटेड	Shop No. 144, Narayan, Dhuri Chawl, S.V Road, Mumbai, Maharashtra	NO 144, BOMBAY, MUMBAI, Maharashtra	India	India
S1-222804370	S3-169904750	cross_script	Maa Energy Private Limited	मां एनर्जी प्राइवेट लिमिटेड	New India Centre17 Cooperage Rd 5Th Floor, Mumbai, Mumbai City, Maharashtra	New India Centre17 Cooperage Rd 5Th Floor, Mumbai City, Mumbai, MH	India	India
S1-327423795	S3-694361216	severe_lexical_mutation	Gran Shree Pvt Ltd	sgran.c0m	No. 558, Brundavana Nilaya, J.P Nagar, 8Th Phase, 2Nd Main Royal County Layout, Bangalore, Karnataka	No. 558, Brundavana Nilaya, J.p Nagar, 8Th Phase, 2Nd Main Royal County Layout, Bangalore, Jp Nagar Seventh Phase, KA	India	India
S1-697330113	S2-903064079	cross_script	Sunrise Technologies Private Limited	सनराइज टेक्नोलॉजीज प्राइवेट लिमिटेड	H No H. No. 243, Harikira, Malkapur Buldhana, Malkapur, Buldhana, Maharashtra	H NO H. NO. G-243, HARIKIRA, MALKAPUR BULDHANA, MALKAPUR, BULDHANA, Maharashtra	India	India
S1-915820077	S2-976522992	severe_lexical_mutation	Big Infotech	Big Ifoch	Om Sai Radhe, Govind Chs, Near Hly Cros School, Chikanghar, Kalyan, West, Thane, Maharashtra, Thane, Shop No. 4	###4 , OM SAI RADHE, GOVIND CHS, NEAR HLY CROS SCHOOL, CHIKANGHAR, KALYAN, WEST, THANE, महाराष्ट्र	India	India
S1-640536617	S2-695031780	cross_script	Blue Om Solutions Private Limited	ब्लू ॐ सॉल्यूशंस प्राइवेट लिमिटेड	18/11/1;18/11/4; Shop-717, Spot 18, Sai Chowk, Pimple Saudagar, Pune, Maharashtra	18/11/1;18/11/4; SHOP-717, SPOT 18, SAI CHOWK, PIMPLE SAUDAGAR, PUNE, Maharashtra	India	India
S1-382920467	S2-397717930	severe_lexical_mutation	MU India Private Limited	MU India Private Ltd - 7036643938	77, New Unique Industrial Estate R. P. Road, Mulund (W), Mumbai, Maharashtra	Maharashtra, 77., NEW UNIQUE INDUSTRIAL ESTATE R. P. ROAD, MULUND (W)	India	India
S1-58144122	S2-823766084	cross_script	Pioneer Estate	पायोनियर एस्टेट	A-139, Floor 3Rd, Gujrawala Town Part - 1, New Dehi, Delhi	A-139, FLOOR 3RD, GUJRAWALA TOWN PART - 1, NEW DEHI, Delhi	India	India
S1-832531854	S2-835483014	severe_lexical_mutation	Dream Ventures	డ్రీమ్ వెంచర్స్	H.No.7-1-419/10, Flat No.10, Plot No.8, Nagar Suri Plaza, Near Mythrivanam, Amee, Rpet, Hyderabad, Telangana	HYDERABAD, H.NO.7-1-419/10, HYDERABAD, Telangana	India	India
S1-208143546	S2-816529322	severe_lexical_mutation	Samta Sangh Center	Arccaloflux	# 8-1-29 Kostha Pet, Jammi Cheetu Street, Ongole, Prakasam, Andhra Pradesh	# -1-29 KOSTHA PET, JAMMI CHEETU STREET, ONGOLE, PRAKASAM, Andhra Pradesh	India	India
S1-214774439	S2-456435373	severe_lexical_mutation	Jagannath Technologies LLP	Rizaonyx	Miranda Compound Vakolavillage Road Near Masjid Santacruz East, Mumbai, Maharashtra	MIRANDA COMPOUND VAKOLAVILLAGE ROAD NEAR MASJID SANTACRUZ EAST, MUMBAI, Maharashtra	India	India
S1-10984020	S3-558777148	severe_lexical_mutation	Pediatric Dentistry Center	Pediatric Dshegbtistry Center	1228 Elm Ridge Avenue, Carroll, MD	1228 Elm Ridge Avenue, Baltimore, Maryland	US	US
S1-70369629	S2-520541828	severe_lexical_mutation	Frontier Ridge Egh	-- Fr0ntier Ridge	830 6th Avenue, City Of Sturgeon Bay, WI	#830 6ND AVE, CITY OF STURGEON BAY, WI	US	US
S1-451318949	S2-342904541	severe_lexical_mutation	Royal Ventures Private Limited	రాయల్ వెంచర్స్ ప్రైవేట్ లిమిటెడ్	K.V.Rangareddy, Plot No 8, Hayathnagar, Saraswathi Nagar, Telangana	#8, RANGAREDDY, HAYATHNAGAR, Andhra Pradesh	India	India
S1-208210530	S3-244009978	severe_lexical_mutation	Shree Nursing Home	Shree Home Center	C/O Sushila Kumari A36 Vijay Nagar, Hanuman Nagar, Sampatchak, Patna, Bihar	C/o Suhila Kumari A36 Vijay Nagar, Patna, BR	India	India
S1-545007722	S2-621885515	severe_lexical_mutation	Ss Infrastructure Pvt Ltd	એસએસ ઇન્ફ્રાસ્ટ્રક્ચર પ્રા. લિ.	Ls 299, Beside Starz Club, Chekla Vilage, Sanand, Ahmedabad, Gujarat	LS 299, Gujarat, AHMEDABAD, SANAND	India	India
S1-349171233	S2-169213660	severe_lexical_mutation	Dynamic Projects Private Limited	ডায়নামিক প্রজেক্টস প্রাইভেট লিমিটেড	C/O Bidhan Chandra Paul, Prithiba, Habra, Jl- 125, Prithiba, North 24 Parganas, West Bengal	NORTH 24 PARGANAS, West Bengal, H.NO 342 C/O BIDHAN CHANDRA PAUL	India	India
S1-302656709	S2-517743112	severe_lexical_mutation	Colonial Crystal Bain LLC	ccbain.com	9956 Commercial Avenue, Chicago, IL	9956 COMMERCIAL AVENUE, CHICAGO, IL	US	US
S1-159697563	S2-74242447	severe_lexical_mutation	Shiv Best Global	শিব বেস্ট গ্লোবাল	215 Old China Bazar Street4Th Floor Room No-401, Kolkata, Calcutta, West Bengal	#215  OLD CHINA BAZAR STREET4TH FLOOR ROOM NO-401, KOLKATA, CALCUTTA, পশ্চিমবঙ্গ	India	India
S1-931862613	S2-767802911	cross_script	Seven Estate Limited	सेवन एस्टेट लिमिटेड	Flat No. 102, 1St Floor, Universal Palace, Sampatchak, Patna, Bihar	H.NO 02, 1ST FLOOR, UNIVERSAL PALACE, SAMPATCHAK, PATNA, बिहार	India	India
S1-298907561	S3-696048734	severe_lexical_mutation	Sky International Private Limited	સ્કાય ઇન્ટરનેશનલ પ્રાઇવેટ લિમિટેડ	36, Parthbhumi Society, Nr. Govt. Tubeweel, Bopal, Ahmedabad, Gujarat	36, Parthbhumi Society, Nr. Govt. Tubeweel, Bopal, Ahmedabad, GJ	India	India
S1-520972566	S3-975927810	cross_script	Shiva Infrastructure Private Limited	शिवा इंफ्रास्ट्रक्चर प्राइवेट लिमिटेड	A-3 Golden Tower, Shastri, Nagar, Meerut, Meerut, Uttar Pradesh	A-#3 Golden Tower, Meerut, UP	India	India
S1-483720973	S3-618784572	abbreviation_acronym	Oleary Holdco LLC	OH	5528 Stonegate Avenue, Springfield, MO	MO, Springfield, 5528 Stonegate Avenue	US	US
S1-927463860	S3-517016483	severe_lexical_mutation	Vision Hospitality LLP	ವಿಷನ್ ಹಾಸ್ಪಿಟಾಲಿಟಿ ಎಲ್ಎಲ್‌ಪಿ	Sy.No.88/4 First Floor, Singasandra Begur Hobli, Hosur Main Road, Bangalore, Karnataka	Sy.no.88/4 First Floor, Bangalore, ಕರ್ನಾಟಕ, Bangalore	India	India
S1-331503894	S2-206679125	severe_lexical_mutation	Tri-State Dental Associates LLC	Tri-State Deitnl Associates LLC	7670 Whitman Drive, ND, Horace	WHITMAN DR, HORACE, ND	US	US
S1-772934980	S2-288574467	severe_lexical_mutation	FT Holdco	FT  Hlhc	1936 Biltmore Street, Unit A, Washington, DC	1936-1938 BILTMORE ST, PMB 4141, WAASHINGTON, DC	US	US
S1-730360338	S3-280289146	severe_lexical_mutation	Modern Properties Private Limited	Private Modern Proprertimces Limited	145 1St Flr Opp J.D, Enterprises Nr Bus Stand, Jalandhar - I, Jalandhar, Punjab	Jalandhar, Enterprises Nr Bus Stand, PB, Jalandhar - I, 145 1St Flr Opp J.d	India	India
S1-614181038	S3-352905565	cross_script	Innovative Properties Private Limited	इनोवेटिव प्रॉपर्टीज प्राइवेट लिमिटेड	Rect No. 35, Killa No 6/1, Nr Bestech Business Tower, Sadar Bazar, Gurgaon, Haryana	Rect No. 3-35, Sadar Bazar, Gurgaon, HR	India	India
S1-764218371	S2-275939760	severe_lexical_mutation	Shivam Exports Private Limited	SEPRIVATE.COM	M96A Gali No 7 Mamura, Uttar Pradesh, Noida, Gautam Buddha Nagar	GAUTAM BUDDHA NAGAR, NOIDA, M96A GALI NO 7 MAMURA, Uttar Pradesh	India	India
S1-455242993	S3-319498682	cross_script	Perfect Investment Private Limited	परफेक्ट इन्वेस्टमेंट प्राइवेट लिमिटेड	Scf-34, Ashoka Enclave-Ii, Sec37, Faridabad, Haryana	Scf-34, Faridabad, Sarai Khawaja, HR	India	India
S1-210697049	S3-777408705	severe_lexical_mutation	Flint Inc	Fslnt  Inc	3114 Peridot Ave, Unit APT 309, Ames, IA	#3114 Peridot Ave, Unit APT 309, Ames, Iowa	US	US
S1-334848612	S2-334986177	cross_script	Shree Consultants Private Limited	श्री कंसल्टेंट्स प्राइवेट लिमिटेड	353, Mani Mahal, 2Nd Floor, Room 2, Kalbadevi Road, Mumbai, Maharashtra	353, KALBADEVI ROAD, DOMBIVLI, Maharashtra	India	India
S1-343025878	S3-403800547	missing_address	Global Coalition	Global Service Trading	1719 Fletcher Avenue, Indianapolis, IN		US	US
S1-447347365	S3-226610175	cross_script	Lakshmi Estate Private Limited	लक्ष्मी एस्टेट प्राइवेट लिमिटेड	C/O Bhagawat Singh, Village Semara Hardo Kathikuiyan, Kushinagar, Uttar Pradesh	C/o Bhagawat Singh, Village Semara Hardo Kathikuiyan, Kushinagar, UP	India	India
S1-966683265	S3-561803250	severe_lexical_mutation	Harrie Pantoja Encore	Xylodelta	2971 Delaware Avenue, Unit Suite 326, Kenmore, NY	2971a Delaware Ave, NULL, Kenmore, New York	US	US
S1-364860667	S2-108892485	severe_lexical_mutation	Om Logistics Limited	ಓಂ ಲಾಜಿಸ್ಟಿಕ್ಸ್ ಲಿಮಿಟೆಡ್	No 301 Shravanee Premier Ashoka Pillar Road, Madhavan Park, Bangalore South, Bangalore, Karnataka	NO 301 SHRAVANEE PREMIER ASHOKA PILLAR ROAD, MADHAVAN PARK, BANGALORE SOUTH, BANGALORE, Karnataka	India	India
S1-45602239	S2-158617275	cross_script	Real Investments	रियल इन्वेस्टमेंट्स	324, Bargi Jabalpur, Jabalpur, Madhya Pradesh	##324, BARGI JABALPUR, JABALPUR, Madhya Pradesh	India	India
S1-755540304	S2-327386559	cross_script	Gujarat Services Private Limited	गुजरात सर्विसेज प्राइवेट लिमिटेड	At Adgaon, Post Male Tal-Mulshi, Dist-Pune, Mulshi, Pune, Maharashtra	AT ADGAON, MULSHI, KOLVAN, Maharashtra	India	India
S1-548904087	S2-446173518	severe_lexical_mutation	Shree Dream Consultants Limited	శ్రీ డ్రీమ్ కన్సల్టెంట్స్ లిమిటెడ్	19-3/R, Hyderabad, Telangana, 2Nd Floor, Suvarna Valley Janapriya Back Side, Ameenpur, Hyderabad	19-3/R, 2ND FLOOR, SUVARNA VALLEY JANAPRIYA BACK SIDE, AMEENPUR, HYDERABAD, తెలంగాణ	India	India
S1-348024204	S3-166929162	severe_lexical_mutation	Primary Care Partners	>> careprimary.com	603 53rd Street, Unit 104, Washington, DC	603 53nd Saint, # 104, Washington, District of Columbia	US	US
S1-405134181	S2-194206033	cross_script	Bombay Management	बॉम्बे मैनेजमेंट	Rzf-766/32A, Gali No.6 Raj, Nagar Part 2, Palam Colony, New Delhi, South West Delhi, Delhi	RZF-766/32A, GALI NO.6 RAJ, NAGAR PART 2, PALAM COLONY, SOUTH WEST DELHI, NEW DELHI, Delhi	India	India
S1-379739623	S2-757965657	severe_lexical_mutation	Dental Strategic Center	DENTAL STBATELGIC CENTER	2422 County Road 1313, Blanchard, OK	2422 1/2 COUNTY ROAD 1313, BLANCHARD, OK	US	US
S1-549612411	S2-493572232	severe_lexical_mutation	Loex Maritime PC	Lumdovajax	Philipsburg, Unit CARRIAGE HSE - APT C, 51 Rocking J Ranch Lane, MT	51 ROCKING J RANCH LN, PHILIPSBURG, MT	US	US
S1-364860667	S3-4506992	severe_lexical_mutation	Om Logistics Limited	ಓಂ ಲಾಜಿಸ್ಟಿಕ್ಸ್ ಲಿಮಿಟೆಡ್	No 301 Shravanee Premier Ashoka Pillar Road, Madhavan Park, Bangalore South, Bangalore, Karnataka	H.no 301 Shravanee Premier Ashoka Pillar Road, Bangalore South, Bangalore, KA	India	India
S1-343025878	S2-254493959	severe_lexical_mutation	Global Coalition	Global Caoliten	1719 Fletcher Avenue, Indianapolis, IN	1719 FLETCHER AVE, INDIANAPOLIS, IN	US	US
S1-482497684	S2-101818494	cross_script	Southern Food Pvt Ltd	सदर्न फूड प्रा. लि.	K-12, Ground Floor Sujan Singh Park, Near Khan Market, New Delhi, South Delhi, Delhi	K-##12, SOUTH DELHI, NEW DELHI, Delhi	India	India
S1-934400012	S2-582252764	cross_script	United Hospitality Private Limited	यूनाइटेड हॉस्पिटैलिटी प्राइवेट लिमिटेड	1St Floor, Mayfair Melody, Tagore Road Santacruz (W), Mumbai, Mumbai City, Maharashtra	ST FHOOR, MAYFAIR MELODY, TAGORE ROAD SANTACRUZ (W), MUMBAI, BRAHMAKUMARI CHOWK, Maharashtra	India	India
S1-824689274	S2-302420496	cross_script	Gold Indo Software Pvt Ltd	गोल्ड इंडो सॉफ्टवेयर प्रा. लि.	464-A, Basement, Chirag Delhi, Delhi	NO. D/287 464-A, CHIRAG DELHI, SOUTH DELHI, Delhi	India	India
S1-159697563	S3-930372228	severe_lexical_mutation	Shiv Best Global	শিব বেস্ট গ্লোবাল	215 Old China Bazar Street4Th Floor Room No-401, Kolkata, Calcutta, West Bengal	2-215 Old China Bazar Street4th Floor Room No-401, Purbi Singhbhum, Calcutta, পশ্চিমবঙ্গ	India	India
S1-966338904	S2-540508228	severe_lexical_mutation	Cornerstone Vine	CORNERSTONE  PARTNERS	7 Morey Way, Milford, MA	##7 MOREY WAY, MILFORD, MA	US	US
S1-328891254	S3-238178208	numeric_mismatch	B A & U Digital LLC	B A & U Dígital L.L.C.	6311 Hidden Crest Way, Sugar Land, TX	006311 Hidden Crest Way, Sugar Land, Texas	US	US
S1-796846572	S2-478807690	cross_script	Krishna Properties Pvt Ltd	कृष्ण प्रॉपर्टीज प्रा. लि.	Maharashtra, Nagpur, Fl No101 Shrihari Appt Bandhu Gruh Nirma N Society Ingale Layout Trimurty Nagar	FL NO101 SHRIHARI APPT BANDHU GRUH NIRMA N SOCIETY INGALE LAYOUT TRIMURTY NAGAR, महाराष्ट्र, NAGPUR	India	India
S1-79468405	S3-805331539	severe_lexical_mutation	Great Products Private Limited	Great Prcoucts Private Limited	Plot No- 420/3725, Bajrang Vihar, Patia, Bhubaneswar, Khordha, Orissa	Plot No- 420/3725, Bhubaneswar, Khordha, OD	India	India
S1-203581973	S2-735310190	cross_script	Digital Properties Private Limited	डिजिटल प्रॉपर्टीज प्राइवेट लिमिटेड	Office No. 106 & 107, Pune, 1St Floor, Gini Bellina Commercial, Survey Number -282 And H No- 2/3/2, 2/3/3, Dhanori Lohgaon Road, Maharashtra, Pune City	Maharashtra, PUNE, PUNE REGION, OFFICE NO. 00106 & 107	India	India
S1-826209313	S2-218161072	severe_lexical_mutation	Empire Holding Company LLC	Empire Hólding	482 2150, Cedar City, UT	UT, CEDAR CIYT, 48 2150	US	US
S1-382781081	S2-290518919	severe_lexical_mutation	Big Solutions Pvt Ltd	ಬಿಗ್ ಸೊಲ್ಯೂಷನ್ಸ್ ಪ್ರೈವೇಟ್ ಲಿಮಿಟೆಡ್	Khata No 47, Shop No 12, Nagamangala, Mandya, Karnataka	KHATA NO 47, SHOP NO 12, NAGAMANGALA, MANDYA, Karnataka	India	India
S1-353057727	S3-959375024	cross_script	Unique Food	யுனிக் ஃபுட்	No.3/41, A3, Mardumalai Adivaram North Bharathiar University Post, Coimbatore, Tamil Nadu	No.1/41, A3, Mardumalai Adivaram North Bharathiar University Post, Coimbatore, TN	India	India
S1-731307751	S3-626936275	abbreviation_acronym	Pious India Private Limited	PI	79 Ground Floor World Trade Centre, New Delhi, Central Delhi, Delhi	79 Ground Floor World Trade Centre, New Delhi, Central Delhi, Delhi	India	India
S1-443404989	S2-94028148	cross_script	Silver Infotech Pvt Ltd	सिल्वर इंफोटेक प्रा. लि.	Bidupur, C/O Manoj Singh, At- H.N0- 50, Chakvarua, Po- Bidupur R.S, Bihar	C/O MANOJ SINGH, AT- H.N0- 50, CHAKVARUA, PO- BIDUPUR R.S, BIDUPUR, Bihar	India	India
S1-447248760	S3-424194215	severe_lexical_mutation	Downtown Pub L.L.C.	Donwnlown Pub L.L.C.	273 Sam Ryder Road, Chatham, MA	273 Sam Ryder Rd, Chtaham, Massachusetts	US	US
S1-829674552	S3-958208139	cross_script	My Impex	மை இம்பெக்ஸ்	12/264 Nehru Streetvoc Colony Avanashi, Coimbatore District, Coimbatore, Tamil Nadu	#12/264 Nehru Streetvoc Colony Avanashi, Coimbatore, TN	India	India
S1-992966731	S2-35448114	cross_script	Krishna Estate Limited	कृष्ण एस्टेट लिमिटेड	307 A To Z (In) Premisses Co-Oco-Op Society Ganpatrao Kadam Marg Lower Parel West, Mumbai, Maharashtra	307 A TO Z (IN) PREMISSES CO-OCO-OP SOCIETY GANPATRAO KADAM MARG LOWER PAREL WEST, SHAHAD KALYAN, MUMBAI, Maharashtra	India	India
S1-680518272	S3-382945317	severe_lexical_mutation	First Technology Private Limited	First Private Limited Partners	Plot No. 4, Lig Colony, A Block, Pollachi, Coimbatore, Tamil Nadu	Plot No. 4, Coimbatore, Pollachi, TN	India	India
S1-969988644	S3-327668250	severe_lexical_mutation	Raahi Advisors Company	Vioavi	A 503 Samay Apartmentb/H Azad Society Ambawadi, Ahmedabad, Gujarat	A 503 Samay Apartmentb/h Azad Society Ambawadi, Ahmedabad, GJ	India	India
S1-941070906	S2-171319969	severe_lexical_mutation	Seven Group of Companies	sevengroupcompanies.com	491, Sector 27, Gurugram, Gurgaon, Haryana	491, SECTOR 27, GURUGRAM, Haryana	India	India
S1-144276757	S3-850395203	cross_script	East Consultancy Private Limited	ईस्ट कंसल्टेंसी प्राइवेट लिमिटेड	Gurgaon, Bhondsi, Unit No. 205, Haryana, 206 And 207 2Nd Floor, Good Earth Trade Tower Sector 62	Unit No. 205, Gurgaon, Bhondsi, HR	India	India
S1-604657227	S3-674774295	severe_lexical_mutation	(india) League Finance Private Limited	(india)	B-37/54/2, Ida Gandhinagar, Balanagar, Rangareddy, Hyderabad, Telangana	Rangareddy, Hyderabad, B-37/54/2, Telangana, Ida Gandhinagar, Balanagar	India	India
S1-140311602	S2-24412673	cross_script	Lakshmi Foods Private Limited	लक्ष्मी फूड्स प्राइवेट लिमिटेड	Bldg B5, Elite Empire, S No 7 5, Balewadi, Pune, Maharashtra	BLDG B5, ELITE EMPIRE, S NO 7 5, BALEWADI, PUNE, Maharashtra	India	India
S1-190091010	S2-6430052	cross_script	Dream Producer Private Limited	ड्रीम प्रोड्यूसर प्राइवेट लिमिटेड	Ratnagiri, Chiplun, Shree Swami Gajanan Apt, 2Nd Floor, Shop No.1, Near Lokmanya Tilak Vachan Mandir, Bapat, Ali, C/O, Maharashtra	C/O, RATNAGIRI, CHIPLUN, Maharashtra	India	India
S1-471051591	S2-44288697	cross_script	Guru Agro Pvt Ltd	गुरु एग्रो प्रा. लि.	F S/005, Shop No. 20, Plot No. 02 Sector No. 06, Vashi, Navi Mumbai, Thane, Maharashtra	F S/005, SHOP NO. 20, PLOT NO. 02 SECTOR NO. 06, VASHI, THANE, NAVI MUMBAI, महाराष्ट्र	India	India
S1-323142467	S2-549916671	cross_script	My Foundation Limited	மை ஃபவுண்டேஷன் லிமிடெட்	Flat S3 Ii Floor Moongi Enclave No.1 Eswaran Koil Street, Urapakkam, Kancheepuram, Tamil Nadu	FLAT S3/7 II FLOOR MOONGI ENCLAVE NO.1 ESWARAN KOIL STREET, URAPAKKAM, KANCHEEPURAM, Tamil Nadu	India	India
S1-406104083	S2-371044856	severe_lexical_mutation	Green Publishing	GREEN SERVICE	1105 Autumn Lakes Circle, Unit 3A, Mishawaka, IN	1105 AUTUMN LAKES CIRCLE, MISHAWAKA, IN	US	US
S1-38606583	S2-963003131	cross_script	All Finance Pvt Ltd	ஆல் ஃபைனான்ஸ் பிரைவேட் லிமிடெட்	No. 2/240, Deiva Nagar, Panamangalam, Manachanallur, Tiruchirappalli, Tamil Nadu	2571, DEIVA NAGAR, PANAMANGALAM, TIRUCHIRAPPALLI, null, Tamil Nadu	India	India
S1-657060842	S3-552290924	severe_lexical_mutation	Indo Hari Developers Limited	Lumxylo	Rajkot, Gujarat, Revenue Survey No. 490 Paikee & 526, Nh-27 At Village Kuvadva	Revenue Survey No. 490 Paikee & 526, Nh-27 At Village Kuvadva, Rajkot, Gujarat	India	India
S1-616329570	S2-985813570	cross_script	Digital Investment Private Limited	डिजिटल इन्वेस्टमेंट प्राइवेट लिमिटेड	Rabale, Maharashtra, Thane, Flat No. 506, Plot 26, Sunberry, Sector-08, Ghansoli, Navi Mumbai	DOOR NO 00506, THANE, Maharashtra	India	India
S1-886317327	S2-422811877	severe_lexical_mutation	Indo Investments Private Limited	Indo Investments Piivntae Limited	1901 Eden Woods Shahstrinagrlokhandwala Complex Andheri (W), Mumbai, Maharashtra	1901 EDEN WOODS SHAHSTRINAGRLOKHANDWALA COMPLEX ANDHERI (W), MUMBAI, Maharashtra	India	India
S1-723647324	S3-659946810	severe_lexical_mutation	Universal Software Pvt Ltd	ইউনিভার্সাল সফটওয়্যার প্রাইভেট লিমিটেড	West Bengal, Flat No - 4A, Rabindra Nagar, Abhilasha, Bardhaman	Boock E-304 Abhilasha, Flat No - 4A, Rabindra Nagar, Bardhaman, WB	India	India
S1-342869608	S3-297762659	severe_lexical_mutation	Mumbai Exhibits	Mumbai Exdibihts	Flat No 401 B, B Wing, Ajmera Royal Sand, Andheri Near Laxmi Industrial Estate, Andheri, Mumbai, Mumbai City, Maharashtra	B3/401 B, B Wing, Ajmera Royal Sand, Andheri Near Laxmi Industrial Estate, Andheri, Bombay, महाराष्ट्र, Mumbai City	India	India
S1-665139459	S2-818250116	numeric_mismatch	Innovative Virtus L.L.C.	Innovative L.L.C. Service (ID: 55649)	OH, 3980 Sunday Lane, Maineville	980 SUNDAY LN, MAINEVILLE, OH	US	US
S1-799975875	S2-426531935	cross_script	Surya Power Private Limited	सूर्या पावर प्राइवेट लिमिटेड	Gat. No 1601, Building No C/1, Flat No 209, Blue Dice Society, Dehu Alandi Road, Haveli, Pimpri Chinchwad (M Corp.), Pune, Haveli, Pune, Maharashtra	GAT. NO 01601, PUNE, Maharashtra	India	India
S1-931696646	S2-13392430	severe_lexical_mutation	Pacific Printing Associates LP	RIZAGILDYUMA	1783 Andover Place, Chattanooga, TN	1783 ANDOVER PL, CHATTANOOGA, TN	US	US
S1-200204402	S3-470162326	cross_script	Supreme Technologies Private Limited	सुप्रीम टेक्नोलॉजीज प्राइवेट लिमिटेड	B-15 Shweta Apt Vasai E, Navghar, Vasai, Thane, Maharashtra	B-15 Shweta Apt Vasai E, Navghar, Vasai, Thane, MH	India	India
S1-424055491	S2-630984295	severe_lexical_mutation	Boum Inc	Bmm [Inc]	2100 Summit Avenue, East Saint Louis, IL	2100  Summit Ave, IL, E SAINT LOUIS	US	US
S1-323975656	S2-608364417	cross_script	Pioneer Infrastructure Private Limited	பயனியர் இன்ஃப்ராஸ்ட்ரக்சர் பிரைவேட் லிமிடெட்	184/3, Annai Indira Street, Choolaimedu High Road, Chennai, Tamil Nadu	84/3, MADRAS, CHENNAI, Tamil Nadu	India	India
S1-155477524	S2-293529108	numeric_mismatch	Health Center	Health Cénter	5713 Saint Albans Way, Baltimore, MD	05713 SAINT ALBANS WAY, BALTIMORE CDP, MD	US	US
S1-879410932	S2-72993163	cross_script	Global Lotus Infra	ग्लोबल लोटस इंफ्रा	2703/4Cherishlifestyle, Jsd Rd Mulund West Oldacc, Mumbai, Maharashtra	2703/4CHERISHLIFESTYLE, JSD RD MULUND WEST OLDACC, MUMBAI, Maharashtra	India	India
S1-931834579	S3-259352450	severe_lexical_mutation	Dental United Associates Inc	Dental United Inc Service	1648 Mackinaw Way, Garden City, UT	1648 1/2 Mackinaw Way, Garden City, Utah	US	US
S1-361235442	S2-906361204	severe_lexical_mutation	Infra Manthan Storage Private Limited	ECTOFAYE	5, Clive Row 6Th Floor, Room No 6A, Kolkata, Kolkata, Howrah, West Bengal	KOLKATA, H.NO 303- 5, CLIVE ROW 6TH FLOOR, ROOM NO 6A, KOLKATA, পশ্চিমবঙ্গ, KOLKATA	India	India
S1-252657205	S2-631607258	cross_script	Sun Properties Private Limited	सन प्रॉपर्टीज प्राइवेट लिमिटेड	Plot No G-49 Midc, Lote Parshuram, Khed, Ratnagiri, Maharashtra	PLOT NO G-C-49 MIDC, LOTE PARSHURAM, KHED, RATNAGIRI, Maharashtra	India	India
S1-914864462	S2-635712069	numeric_mismatch	Monarch Inc.	>> Mofndch Inc.	Hempstead, 1 Dewey Street, NY	2 DEWEY STREET, BAY PARK, NY	US	US
S1-195163220	S2-53828786	severe_lexical_mutation	Fortune Black Power Private Limited	ఫార్చూన్ బ్లాక్ పవర్ ప్రైవేట్ లిమిటెడ్	No 22, Adarsh Nagar Swaroop Nagar, Uppal, Hyderabad, Telangana	NO 22, ADARSH NAGAR SWAROOP NAGAR, UPPAL, HYDERABAD, RANGA REDDY, Telangana	India	India
S1-666734313	S2-183359415	cross_script	Aditya Foods Private Limited	आदित्य फूड्स प्राइवेट लिमिटेड	G-5B, Ganga Path, Durga Marg, Bani Park, Jaipur, Rajasthan	G-5B, JAIPUR, Rajasthan	India	India
S1-698115654	S2-998222224	cross_script	Shyam International Private Limited	श्याम इंटरनेशनल प्राइवेट लिमिटेड	C/O Mithelesh Pathak, Keshaw Nagar Ward No 10, V.M Field, Hajiyapur, Gopalganj, Bihar	C/O MITHELESH PATHAK, KESHAW NAGAR WARD NO 10, V.M FIELD, HAJIYAPUR, GOPALGANJ, Bihar	India	India
S1-185063941	S2-375100208	numeric_mismatch	Physical Therapy Care Associates	Physical Therapy Ass0ciates Center	24747 Lady Ellen Drive, Hockley, TX	4747 Lady Ellen Drive, N/A, HOCKLEY, TX	US	US
S1-733560059	S3-228469889	severe_lexical_mutation	Hotel Super Logistics Private Limited	ಹೋಟೆಲ್ ಸೂಪರ್ ಲಾಜಿಸ್ಟಿಕ್ಸ್ ಪ್ರೈವೇಟ್ ಲಿಮಿಟೆಡ್	No. 45, Vittal Mallya Road, Bangalore, Karnataka	No. 45, Vittal Mallya Road, Bangalore, KA	India	India
S1-269919281	S3-460134818	severe_lexical_mutation	Education Alliance	Educati0n Center	NY, Walden, 38 Highland Avenue	#38 Highland Ave, Walden, New York	US	US
S1-208210530	S2-562125951	severe_lexical_mutation	Shree Nursing Home	Shree Home Center Center	C/O Sushila Kumari A36 Vijay Nagar, Hanuman Nagar, Sampatchak, Patna, Bihar	C/O SUSHILA KUMARI A36 VIJAY NAGAR, HANUMAN NAGAR, SAMPATCHAK, Bihar	India	India
S1-246095708	S3-738470916	severe_lexical_mutation	Universal Global Pvt Ltd	Universal Gnoiraal Pvt Ltd	Plot No-100, Sub-Plot No-7, Shreya Residency, Kalinga Nagar, Patrapada, Bhubaneswar, Khordha, Orissa	Plot No-00, Sub-plot No-7, Shreya Residency, Kalinga Nagar, Patrapada, Bhubaneswar, Khordha, Orissa	India	India
S1-381123787	S2-450748781	cross_script	Creative Exports Private Limited	क्रिएटिव एक्सपोर्ट्स प्राइवेट लिमिटेड	Plot No.49, Flat No.5, Floor No.1, Shiv Srushti, Near S.T. Depot, Kurla (E), Mumbai, Mumbai City, Maharashtra	PLOT NO.49, MUMBAI, MUMBAI CITY, Maharashtra	India	India
S1-819325787	S3-387700255	severe_lexical_mutation	Red Investment Private Limited	રેડ ઇન્વેસ્ટમેન્ટ પ્રાઇવેટ લિમિટેડ	C/O Rinaben Yashvantbhai Inani, Gayatri Industrial, Estate Chandial Daskroi, Daskroi, Ahmedabad, Gujarat	C/o Rinaben Yashvantbhai Inani, Gayatri Industrial, Estate Chandial Daskroi, Daskroi, Ahmedabad, GJ	India	India
S1-992221719	S3-924987485	cross_script	First Industries Private Limited	फर्स्ट इंडस्ट्रीज प्राइवेट लिमिटेड	G-01, Shubh Mangal Appt, Jyoti Nagar, Girwa, Shobhagpura, Udaipur, Rajasthan	G-01, Shubh Mangal Appt, Jyoti Nagar, Girwa, Shobhagpura, Udaipur, राजस्थान	India	India
S1-211829578	S2-320579800	severe_lexical_mutation	Jay Technologies Limited	Mr Jay Techn0logies	Karnataka, Bagalkot, Wali Building, Above Vrl Travels Near Basveshwar Circle, College Road, 1St Floor, Bagalkot	NO 1ST FLOOR, WALI BUILDING, ABOVE VRL TRAVELS NEAR BASVESHWAR CIRCLE, COLLEGE ROAD, BAGALKOT, Karnataka	India	India
S1-672170746	S2-993036787	severe_lexical_mutation	Jai (India) It Pvt Ltd	Ltd Jai Ít Pvt Partners	6/1 Nager Bazar Road, Kolkata, Howrah, West Bengal	6/1 NAGER BAZAR ROAD, KOLKATA, HOWRAH, West Bengal	India	India
S1-983153498	S3-343978630	severe_lexical_mutation	East Technology Limited	Easttechno1ogy.Com	Ix/35, Muthirapparambil Sumayya Manzil, Kumbazha North, Mylapra P.O, Pathanamthitta, Kerala	Pathanamthitta, Ix/35, KL, Pathanamthitta	India	India
S1-7439688	S3-819606226	severe_lexical_mutation	Creative Industries Private Limited	Orbifayex aka Creative Industries Private Limited	No 139, 3Rd Cross, Vinayaka Nagar, Behind Canara Bank, Gubbi, Tumkur, Karnataka	No 139, 3Rd Cross, Vinayaka Nagar, Behind Canara Bank, Gubbi, Tumkur, Karnataka	India	India
S1-801889435	S3-303762867	severe_lexical_mutation	Smart Care Private Limited	Miranyla Formerly Smart Care Private Limited	Fl 02 Pl 95&96 Sect 10 Hari Milan Apt New Panvel, Navi Mumbai, Mumbai City, Maharashtra	Fl 02 Pl 95&96 Sect 10 Hari Milan Apt New Panvel, Navi Mumbai, Mumbai City, Maharashtra	India	India
S1-43078408	S2-131446289	severe_lexical_mutation	Orion PC	Orfn (PC) (PC)	2222 Dobson Road, Unit 2085, Chandler, AZ	2222 DOBSON RD, CHANDLER, AZ	US	US
S1-41259778	S2-868572705	severe_lexical_mutation	Oncology Care	ocare.com	2836 Rose Avenue, Halethorpe, MD	HALETHORPE, 2836 ROSE AVE, MD	US	US
S1-434568747	S3-320125100	severe_lexical_mutation	Frontier Payment	Fluxnyla	602 May, AZ, Unit 5, Mesa	Arizona, # 5, 602 May, MESA	US	US
S1-64447995	S3-797857161	severe_lexical_mutation	Poshan & Co	Phcan & Co	B-61 Pariseema Complexopp- Lal Bunglow C G Road, Ahmedabad, Gujarat	No. 282/8 B-61 Pariseema Complexopp- Lal Bunglow C G Road, Ahmedabad, GJ	India	India
S1-171602965	S2-343625865	cross_script	City Healthcare Private Limited	சிட்டி ஹெல்த்கேர் பிரைவேட் லிமிடெட்	216(65), Out House, 2Nd Floor, Alwarpet Street, Alwarpet, Chennai, Tamil Nadu	216(65), OUT HOUSE, 2ND FLOOR, ALWARPET STREET, ALWARPET, CHENNAI, MADRAS, தமிழ்நாடு	India	India
S1-981912032	S2-814783928	severe_lexical_mutation	Cardiology Reliable Specialists PLLC	Cardiology 5pecialists PLLC Center	Woodward, 3371 8th Street, OK	3371 8TH STERET, WOODWARD, OK	US	US
S1-246767534	S2-728194495	cross_script	Maa Media Private Limited	मां मीडिया प्राइवेट लिमिटेड	32Apollo Street Fort, Mumbai, Maharashtra	32APOLLO STREET FORT, MUMBAI, Maharashtra	India	India
S1-503880269	S3-406570865	severe_lexical_mutation	Media Care Technologies Private Limited	Media Care Techn0logies Private Ltd	B 109, Lansum El Dorado, Narsingi, Rangareddy, Telangana	B 109, Rangareddy, TG	India	India
S1-472966709	S3-17648521	cross_script	Modern Foods Private Limited	मॉडर्न फूड्स प्राइवेट लिमिटेड	110, Floor-1, Plot-289, Emca House, Shahid Bhagat Singh Road, Ballard Estate, Mumbai, Maharashtra	810, Floor-1, Plot-289, Emca House, Shahid Bhagat Singh Road, Ballard Estate, Mumbai, MH	India	India
S1-477230514	S2-521151443	severe_lexical_mutation	Prime Systems Limited	പ്രൈം സിസ്റ്റംസ് ലിമിറ്റഡ്	Building No Xxii/266C, Mariyan Sqaure Muvattupuzha P.O, Muvattupuzha, Ernakulam, Kerala	H.NO 485 BUILDING NO XXII/266C, ERNAKULAM, Kerala	India	India
S1-129804856	S3-415894062	severe_lexical_mutation	Dynamic Trading Private Limited	Dr Dynamic Ttng Private Limited	Andhra Pradesh, Revenue Ward No 11, 11-3-317/1 Ramatalkies Area, Macherla, Guntur	Macherla, Guntur, #11-3-317/1 Ramatalkies Asea, AP	India	India
S1-57275561	S2-461792568	severe_lexical_mutation	Universal Engineering Private Limited	ইউনিভার্সাল ইঞ্জিনিয়ারিং প্রাইভেট লিমিটেড	Kolkata, 78 Dharamtalla Street, West Bengal, Calcutta	H.NO #78 DHARAMTALLA STREET, KOLKATA, CALCUTTA, পশ্চিমবঙ্গ	India	India
S1-146521648	S2-283800597	severe_lexical_mutation	Internal Medicine Center L.L.C.	internalmedicinecenter.com	636 Womac Hollow Road, Ten Mile, TN	636 WOMAC HOLLOW RD, TEN MILE, TN	US	US
S1-645297414	S2-506655583	severe_lexical_mutation	Urgent Care Center	URGENT CARE  PARTNERS	8102 Imperial Drive, MD, Laurel	#8102 IMPERIAL DRIVE, LAUREL, MD	US	US
S1-53953684	S2-207239099	severe_lexical_mutation	United Guild	United Services | www.unitedser.com	780 #36 Miller Street, IA, Marengo	780 #36 MILLER STREET, MARENGO, IA	US	US
S1-993562252	S3-345669304	cross_script	Golden Classic Services Private Limited	गोल्डन क्लासिक सर्विसेज प्राइवेट लिमिटेड	Plot No. B-8, Tower B, 702, Noida One, Sec-62, Noida, Gautam Buddha Nagar, Uttar Pradesh	Plot No. B-c-8, Tower B, 702, Noida One, Sec-62, Noida, Gautam Buddha Nagar, UP	India	India
S1-192000718	S3-83113171	severe_lexical_mutation	Capital Biopharma, Inc	Capital Biohmnra, Inc	18212 Glen Abbey Court, Loudoun County, VA	Glen Abbey Court, Loudoun County, Virginia	US	US
S1-460161707	S2-128022583	severe_lexical_mutation	Balaji Projects Limited	ಬಾಲಾಜಿ ಪ್ರಾಜೆಕ್ಟ್ಸ್ ಲಿಮಿಟೆಡ್	Aashirawad, 4Th Cross, Green Leaf Extension, Ejipura, Koramangala, Bangalore, Karnataka	BLOCK A-G-974 AASHIRAWAD, 4TH CROSS, GREEN LEAF EXTENSION, EJIPURA, KORAMANGALA, BANGALORE, Karnataka	India	India
S1-361434682	S3-282251606	severe_lexical_mutation	High Infotech Private Limited	હાઇ ઇન્ફોટેક પ્રાઇવેટ લિમિટેડ	Phase-Ii Village-Vadadalatal-Savli, Vadodara, Gujarat	Phase-ii Village-vadadalatal-savli, Vadodara, GJ	India	India
S1-114230289	S2-119157136	severe_lexical_mutation	Alter Nursing Home Private Limited	alternursinghome.com	A/02, Nirmal Darshan Co Op Hsg. Soc. Ltd. Nilemore, Nalasopara, Thane, Mumbai, Mumbai City, Maharashtra	A/02, NIRMAL DARSHAN CO OP HSG. SOC. LTD. NILEMORE, NALASOPARA, THANE, MUMBAI, Maharashtra	India	India
S1-718292299	S2-165044725	severe_lexical_mutation	Clean Education	The C1ean Education	925 Maryland Avenue, Canton, OH	925-927 MARYLAND AVENUE, CANTON, OH	US	US
S1-451318949	S3-45186866	severe_lexical_mutation	Royal Ventures Private Limited	రాయల్ వెంచర్స్ ప్రైవేట్ లిమిటెడ్	K.V.Rangareddy, Plot No 8, Hayathnagar, Saraswathi Nagar, Telangana	No A-8, Saraswathi Nagar, Hayathnagar, Hyderabad, TG	India	India
S1-656511789	S2-378419073	severe_lexical_mutation	Vi Institute of Technology	vitechno1ogy.com	Shop No. 09, Neel Gagan, Sec-6, Kamothe, Raigad, Maharashtra	09, NEEL GAGAN, SEC-6, KAMOTHE, RAIGAD, Maharashtra	India	India
S1-445706228	S2-336902873	severe_lexical_mutation	Green Business Private Limited	గ్రీన్ బిజినెస్ ప్రైవేట్ లిమిటెడ్	16/7/251, Azampura, Chader Ghat, Malakpet, Hyderabad, Telangana	తెలంగాణ, HYDERABAD, 18/7/251	India	India
S1-49306844	S2-321043586	severe_lexical_mutation	Bodynon Partners	ÍRIVANTAGE	IN, 8140 Clary Lane, Ingalls	8140 1/2 CLARY LANE, INGALLS, IN	US	US
S1-885555485	S3-835058570	severe_lexical_mutation	Southern Foods Private Limited	Mr #Southernfoods	Agrawal Complex 2Nd Floornext To Municipal Market C G Road Navrangpura, Ahmedabad, Ahmedabad-, Gujarat	Agrawal Complex 2Nd Floornext To Municipal Market C G Road Navrangpura, Ahmedabad-, Navrangpura, ગુજરાત	India	India
S1-203581973	S2-630886975	cross_script	Digital Properties Private Limited	डिजिटल प्रॉपर्टीज प्राइवेट लिमिटेड	Office No. 106 & 107, Pune, 1St Floor, Gini Bellina Commercial, Survey Number -282 And H No- 2/3/2, 2/3/3, Dhanori Lohgaon Road, Maharashtra, Pune City	OFFICE NO. 00106 & 107, PUNE, Maharashtra	India	India
S1-421439194	S2-257543914	cross_script	Bright Infrastructure Private Limited	ब्राइट इंफ्रास्ट्रक्चर प्राइवेट लिमिटेड	H.No 533A, Sec-1 Huda, Narnaul, Mahendragarh, Haryana	SEC-1 HUDA, Haryana, NARNAUL, MAHENDRAGARH, H.NO 533A	India	India
S1-264032383	S2-616026483	severe_lexical_mutation	Big Bike Shop LLC	bigbikeshop.com	Unit 213, Nashville, 601 Press Place, TN	601 PRESS PL, NASHVILLE, TN	US	US
S1-825440530	S3-791421250	abbreviation_acronym	Best Construction Pvt Ltd	Best	Flat No. 101, Hyderabad, Plot No. 32, Pragathi Enclave, Miyapur, Telangana	Flat No. 101, Hyderabad, Plot No. 32, Pragathi Enclave, Miyapur, Hyderabad, Telangana	India	India
S1-94342147	S2-236693030	severe_lexical_mutation	Indo All Healthcare Private Limited	ઇન્ડો ઓલ હેલ્થકેર પ્રાઇવેટ લિમિટેડ	Unit No. 4, Office No. 01, Desk No. 06 Wing 1 Gift Aspire 2, Block 12, Zone -1, Gift City Gandhinagar, Gandhinagar, Gandhi Nagar, Gujarat	UNIT NO. #4, GANDHI NAGAR, Gujarat	India	India
S1-590954081	S2-91844020	severe_lexical_mutation	Ear Nose & Throat Clinic	EARNOSE.COM	1817 Rio Grande Way, Bullhead City, AZ	1817 Rio Grande Way, BULLHEDA CITY, AZ	US	US
S1-398795206	S2-184771073	cross_script	South International Private Limited	साउथ इंटरनेशनल प्राइवेट लिमिटेड	Shakuntla Sadan, Bank Road Tilak Nagar Road No-2 Rukunpura, Patna, Bihar	SHAKUNTLA SADAN, BANK ROAD TILAK NAGAR ROAD NO-2 RUKUNPURA, PATNA, SHEIKHPURA, Bihar	India	India
S1-414260962	S3-98405359	severe_lexical_mutation	Galaxy Galaxy Technology Pvt Ltd	Pvt Galaxy Gfdnaay Techn0logy Ltd	No.9 &22, Old Khata 1053/1, Nagasandra, Vidyanagar, Bangalore North, Bangalore, Karnataka	No.9 &22, Bangalore North, Bengaluru Urban, KA	India	India
S1-805854535	S2-260425421	cross_script	Global Solutions Private Limited	ग्लोबल सॉल्यूशंस प्राइवेट लिमिटेड	166, G/F Pkt-3 Phase 2 Shahid Bhagat Singh Apartment Sec-14, Dwarka, South Delhi, Delhi	166, G/F PKT-3 PHASE 2 SHAHID BHAGAT SINGH APARTMENT SEC-14, SOUTH DELHI, DWARKA, Delhi	India	India
S1-272014823	S3-944588778	cross_script	First Technology	First टेक्नोलॉजी	10/334 Shriyut Nagar Near Sent Mary School Anantpur, Rewa, Madhya Pradesh	10/334 Shriyut Nagar Near Sent Mary School Anantpur, Rewa, MP	India	India
S1-474533413	S3-165890605	severe_lexical_mutation	Bharat Power Private Limited	Mr Bharat Plmlr Private Limited	202, 2Nd Floor, Sukhmani Bldg Opp. Nadco Shopping, Center, S.V. Road, Andheri (W), Mumbai, Mumbai City, Maharashtra	##202, 2Nd Floor, Sukhmani Bldg Opp. Nadco Shopping, Center, S.v. Road, Andheri (W), Mumbai, Greater Mumbai, MH	India	India
S1-10468395	S2-232992287	cross_script	Best Foundation Private Limited	बेस्ट फाउंडेशन प्राइवेट लिमिटेड	D/68, Jai Prakash Nagar Rd No.2, New Mand, Patna, Bihar	D/68, PATNA, बिहार	India	India
S1-469183959	S2-911505756	severe_lexical_mutation	East Projects Private Limited	ইস্ট প্রজেক্টস প্রাইভেট লিমিটেড	Plot No.C4, Siliguri, Fulbari Industrial Estate, Chhoba Vita Behind Fulbarie Dps, Canal Road, P.O Fulba, Rie Hat, West Bengal, Jalpaiguri	PLOT NO.C4, FULBARI INDUSTRIAL ESTATE, CHHOBA VITA BEHIND FULBARIE DPS, CANAL ROAD, P.O FULBA, RIE HAT, SILIGURI, JALPAIGURI, West Bengal	India	India
S1-219331414	S2-97404450	severe_lexical_mutation	Zade Industries Group Pvt Ltd	Rizasyn	Shop 46 Gr Flr Om Heera Panna Prem Chs Ltd, Behind Oshiwara Police Station, Jogeshwari West, Mumbai, Maharashtra	MUMBAI, SHOP ##46 GR FLR OM HEERA PANNA PREM CHS LTD, JOGESHWARI WEST, NULL, Maharashtra	India	India
S1-233974940	S2-70749774	severe_lexical_mutation	Dental Health	Dental Service (ID: 96615)	539 Power Plant Circle, Unit 343, Winston-salem, NC	539  POWER PLANT CIR, PO BOX 4614, WINSTON-SALEM, NC	US	US
S1-599116569	S3-523833404	severe_lexical_mutation	Premier Hospitality Pvt Ltd	Premier	Faridabad, Haryana, 15/1, 3Rd Floor, Reliable Control Solution, Faridabad	15/1, 3Rd Floor, Reliable Control Solution, Faridabad, Haryana	India	India
S1-979748785	S3-438822906	severe_lexical_mutation	Ace Insurance	Ace Isueaecne	1447 Sacramento Drive, Hanover Park, IL	1447b Sacramento Drive, Hanover Park, Illinois	US	US
S1-632640648	S2-381821790	cross_script	Blue Hospitality Private Limited	ब्लू हॉस्पिटैलिटी प्राइवेट लिमिटेड	House Number 1909 B2 Gurudwara Gali, Pinjore, Panchkula, Haryana	NO 93 HOUSE NUMBER 1909 B2 GURUDWARA GALI, PINJORE, PANCHKULA, हरियाणा	India	India
S1-545435657	S2-38591714	cross_script	Jay Engineering Private Limited	ஜெய் இன்ஜினியரிங் பிரைவேட் லிமிடெட்	No. 7, D Silva Road, Mylapore, Chennai, Chennai, Tamil Nadu	NO. 7, D SILVA ROAD, MYLAPORE, CHENNAI, CHENNAI, தமிழ்நாடு	India	India
S1-203581973	S2-228357907	severe_lexical_mutation	Digital Properties Private Limited	Digita1 Properties Private Limited (ID: 24977)	Office No. 106 & 107, Pune, 1St Floor, Gini Bellina Commercial, Survey Number -282 And H No- 2/3/2, 2/3/3, Dhanori Lohgaon Road, Maharashtra, Pune City	OFFICE NO. 00106 & 107, 1ST FLOOR, GINI BELLINA COMMERCIAL, SURVEY NUMBER -282 AND H NO- 2/3/2, 2/3/3, DHANORI LOHGAON ROAD, PUNE CITY, Maharashtra	India	India
S1-311890962	S3-753473552	severe_lexical_mutation	Southern Consulting Pvt Ltd	সাউদার্ন কনসাল্টিং প্রাইভেট লিমিটেড	Calcutta, West Bengal, Kolkata, 71/1 Canal Circular Roadwef 02 09 97 Ps Beliaghata	Door No 71/1 Canal Circular Roadwef 02 09 97 Ps Beliaghata, Kolkata, Calcutta, WB	India	India
S1-58719695	S2-361581124	severe_lexical_mutation	Tois L.L.C.	Calonylazeta	25 Shell Lane, Pell City, AL	#25 SHELL LN, PELL CITY, AL	US	US
S1-666734313	S3-455705319	cross_script	Aditya Foods Private Limited	आदित्य फूड्स प्राइवेट लिमिटेड	G-5B, Ganga Path, Durga Marg, Bani Park, Jaipur, Rajasthan	G-b3/5b, Ganga Path, Durga Marg, Bani Park, Jaipur, RJ	India	India
S1-852449633	S3-769463630	severe_lexical_mutation	Sidavue LLC	Viofluxvera	Salem, 3159 Rosemary Lane, OR	3159 Rosemary Lane, Salem, Oregon	US	US
S1-160330454	S2-606306603	severe_lexical_mutation	Cardiology Clinic	CARDIOLOGY [CLNOIIC]	5601 45th Street, Omaha, NE	5601 45TH ST, OMAHA, NE	US	US
S1-44982621	S3-405534472	cross_script	Laxmi Agro Limited	लक्ष्मी एग्रो लिमिटेड	Nisarg Garden Society, J8 Barsihtakli Rd. Khadki, Akola, Maharashtra	Nisarg Garden Society, Akola, महाराष्ट्र	India	India
S1-57528984	S3-319809851	severe_lexical_mutation	City Global Private Limited	ಸಿಟಿ ಗ್ಲೋಬಲ್ ಪ್ರೈವೇಟ್ ಲಿಮಿಟೆಡ್	Batha Offc, 101, Commerce, House, 9/1, Cunnigham Rd, Bangalore North, Bangalore, Karnataka	No 256 Batha Offc, 101, Commerce, House, 9/1, Cunnigham Rd, Bangalore, Bangalore North, KA	India	India
S1-719110620	S3-721232523	severe_lexical_mutation	Watt Brand LLC	Belobrix Sys	104 Ridge Road, Stratford, CT	104 Ridge Road, Stratford, CT	US	US
S1-239053822	S3-129236263	severe_lexical_mutation	Valley Of Flowers Ventures Private Limited	Ventures	F-302, Sunflower Gundecha Bilder Thakur Village, Kandivali East, Valley Of Flowers, Mumbai, Maharashtra	F-302, Sunflower Gundecha Bilder Thakur Village, Kandivali East, Valley Of Flowers, Mumbai, Maharashtra	India	India
S1-698571148	S2-422496400	cross_script	North Global Private Limited	नॉर्थ ग्लोबल प्राइवेट लिमिटेड	Maharashtra, Aurangabad, Gat No. 25, Village - Rahimpur, Taluka - Gangapur	Maharashtra, AURANGABAD, GAT NO. D/25, VILLAGE - RAHIMPUR, TALUKA - GANGAPUR	India	India
S1-57528984	S2-662092542	severe_lexical_mutation	City Global Private Limited	ಸಿಟಿ ಗ್ಲೋಬಲ್ ಪ್ರೈವೇಟ್ ಲಿಮಿಟೆಡ್	Batha Offc, 101, Commerce, House, 9/1, Cunnigham Rd, Bangalore North, Bangalore, Karnataka	BATHA OFFC, 101, COMMERCE, HOUSE, 9/1, CUNNIGHAM RD, BANGALORE NORTH, BANGALORE, ಕರ್ನಾಟಕ	India	India
S1-582002415	S3-844251594	cross_script	United Dynamic Business Private Limited	யுனைடெட் டைனமிக் பிசினஸ் பிரைவேட் லிமிடெட்	D 12/3 N 25 Solaiappa Street Mylapore, Chennai, Tamil Nadu	Plot 75 D 12/3 N 25 Solaiappa Street Mylapore, Chennai, TN	India	India
S1-424055491	S3-243629357	severe_lexical_mutation	Boum Inc	Bóum-Inc	2100 Summit Avenue, East Saint Louis, IL	2100 Summit Ave, East Saint Louis, Illinois	US	US
S1-766579031	S3-362584303	cross_script	Universal Ventures Private Limited	यूनिवर्सल वेंचर्स प्राइवेट लिमिटेड	1905 06 B 9 A Wing Whispering Palms Sec 1 Akurli Road Lokhandwala Township Kandiva, Li (East), Mumbai, Mumbai City, Maharashtra	Mumbai, Mumbai City, महाराष्ट्र, Li (East), 1905 06 B 9 A Wing Whispering Palms Sec 1 Akurli Road Lokhandwala Township Kandiva	India	India
S1-664844877	S2-516544188	severe_lexical_mutation	Al Healthcare Private Limited	అల్ హెల్త్‌కేర్ ప్రైవేట్ లిమిటెడ్	4-281 K V Podu, Antarvedipalem, Eastgodavar, East Godavari, Andhra Pradesh	4-281 K V PODU, ANTARVEDIPALEM, EAST GODAVARI, Andhra Pradesh	India	India
S1-111483992	S2-466368294	numeric_mismatch	Al Food Private Limited	અલ ફૂડ પ્રાઇવેટ લિમિટેડ	D-902, Shree Vishnudhara, Off S.G Highway, Gota, Dascroi, Ahmedabad, Gujarat	D-901, SHREE VISHNUDHARA, OFF S.G HIGHWAY, GOTA, AHMEDABAD, DASCROI, Gujarat	India	India
S1-900182034	S2-4935474	severe_lexical_mutation	Yarrow College	Iripyra	319, Competent House, 3Rd Floor F-14 Middle Circle, Connaught Place, New Delhi, Central Delhi, Delhi	319, COMPETENT HOUSE, 3RD FLOOR F-14 MIDDLE CIRCLE, CONNAUGHT PLACE, NEW DELHI, CENTRAL DELHI, दिल्ली	India	India
S1-227229651	S3-917400857	severe_lexical_mutation	Ward and Puig Floating Inc.	Orbilyrajax	2137 Tule Way, Crandall, TX	Tule Way, Crandall, Texas	US	US
S1-14251152	S2-291962300	severe_lexical_mutation	Ace Aditya Technologies Private Limited	aatechnologies.com	Plot No 1064Aa A & Bchincholi Bunder Link Road Malad (W), Mumbai, Maharashtra	1064AA A & BCHINCHOLI BUNDER LINK ROAD MALAD (W), MUMBAI, Maharashtra	India	India
S1-422945891	S3-517542797	severe_lexical_mutation	N M & Z State	Orbisolaria	Raleigh, Unit 104, NC, 5240 Trinity Village Lane	North Carolina, # 104, 5240 Trinity Village Lane, Raleigh	US	US
S1-870086967	S2-224454295	severe_lexical_mutation	Smart Atlantic	Smart Services	3530 419, Watkins Glen, NY	530 419, WATKINS GLEN, NY	US	US
S1-412853	S2-815832016	numeric_mismatch	Fortune Investments Limited	ફોર્ચ્યુન ઇન્વેસ્ટમેન્ટ્સ લિમિટેડ	Gujarat, Third Floor, Varni Plaza, Beside Tulsi Arcade, Chorasi, Surat, Shop No-314	SHOP NO-14, CHORASI, SURAT, Gujarat	India	India
S1-970972190	S3-216542719	severe_lexical_mutation	Horizon, LLC	LLC Horizno,	1051 Twisted Oak Drive, Hsb Burnet Co, TX	1051 Twisted Oak Dr, Hsb Burnet Co, Texas	US	US
S1-434169864	S3-333704399	cross_script	Shivam Agro Limited	शिवम एग्रो लिमिटेड	13, Ground Floor National, Park, Lajpat Nagar-Iv, New Delhi, South Delhi, Delhi	Plot 283 13, New Delhi, South Delhi, दिल्ली	India	India
S1-745549475	S3-211713987	cross_script	Galaxy Infotech	गैलेक्सी इंफोटेक	C-3305, Oberoi Spring, Opp. Citi Mall, New Link Road, Andheri West, Mumbai, Mumbai City, Maharashtra	Oberoi Spring, Opp. Citi Mall, New Link Road, Andheri West, Mumbai Metro, Mumbai, C-3305, MH	India	India
S1-508501065	S3-110303014	missing_address	Federal Pelican	Federal Center & Co	911 Summer Street, TN, Loudon		US	US
S1-359957197	S3-918853337	severe_lexical_mutation	Frontier Program II	programii.com	5408 Marina Club Drive, Wilmington, NC	5408 Marina Club Dr, Wilmington CITY, North Carolina	US	US
S1-100411530	S2-938026371	cross_script	Seven Tech Private Limited	सेवन टेक प्राइवेट लिमिटेड	Delhi, Vaid Waranai Sarak, Delhi, 1240	1240, VAID WARANAI SARAK, DELHI, दिल्ली	India	India
S1-335494834	S3-450275692	severe_lexical_mutation	Baba Producer Private Limited	ബാബ പ്രൊഡ്യൂസർ പ്രൈവറ്റ് ലിമിറ്റഡ്	Rajadhani Buildingseast Fort, Trivandrum, Kerala	Rajadhani Buildingseast Fort, Trivandrum, KL, Trivandrum	India	India
S1-915161539	S2-584273773	severe_lexical_mutation	Smart Investment Private Limited	స్మార్ట్ ఇన్వెస్ట్‌మెంట్ ప్రైవేట్ లిమిటెడ్	12-1-513/4/A, Shanthi Nagar Lalapet, Secunderabad, Hyderabad, Telangana	H.NO 319 12-1-513/4/A, SECUNDERABAD, HYDERABAD, Telangana	India	India
S1-903050200	S3-3589867	cross_script	Ss Projects Private Limited	एसएस प्रोजेक्ट्स प्राइवेट लिमिटेड	Children Hospital And Res, Bhavik Nagar, Gangapur Rd, Nashik, Maharashtra	MH, Nashik, Children Hospital And Res	India	India
S1-579780867	S3-94375181	cross_script	High Super Solutions Private Limited	हाई सुपर सॉल्यूशंस प्राइवेट लिमिटेड	Maharashtra, Thane, A-102 1St Floor Chandan Enclave Next To Evershine Enclave Opposite Mira Bhyendar Road, Thane, Mir, A Road (E)	Door No 642 A-102 1St Floor Chandan Enclave Next To Evershine Enclave Opposite Mira Bhyendar Road, Mir, A Road (E), Thane, MH	India	India
S1-508031460	S3-711615274	severe_lexical_mutation	K B & Z Nevada	kbz.cóm	1727 Park Avenue, Unit Suite 2, Buffalo, NY	1727-1729 Park Ave, # Suite 2, Buffalo, New York	US	US
S1-79283752	S3-727905731	severe_lexical_mutation	Janta & Co	& Jsnata Có	175, Board Word G, Naval Mention, P.J. Road Near Bharat Saw Mills A/P Lonavala Taluk, A Maval, Lonavala, Pune, Maharashtra	175, Pune, Lonavala, MH	India	India
S1-863192028	S3-902466641	severe_lexical_mutation	Aditya Constructions Limited	ఆదిత్య కన్‌స్ట్రక్షన్స్ లిమిటెడ్	Kurnool, H.No.5-2-1, Andhra Pradesh, Vishakhapatnam, Mamatha Nagar	H.no.5-2-1, Mamatha Nagar, Kurnool, Vishakhapatnam, AP	India	India
S1-44982621	S3-158223087	cross_script	Laxmi Agro Limited	लक्ष्मी एग्रो लिमिटेड	Nisarg Garden Society, J8 Barsihtakli Rd. Khadki, Akola, Maharashtra	Nisarg Garden Society, Akola, महाराष्ट्र	India	India
S1-48551744	S3-877989167	severe_lexical_mutation	Supreme Systems Private Limited	ಸುಪ್ರೀಮ್ ಸಿಸ್ಟಮ್ಸ್ ಪ್ರೈವೇಟ್ ಲಿಮಿಟೆಡ್	421/A, Jai Plaza Elegence, 3Rd Floor 80 Feet Road, 6Th Block, Koramangala, Bangalore, Karnataka	Jai Plaza Elegence, 3Rd Floor 80 Feet Road, 6Th Block, Koramangala, Bangalore, 421/A, KA, Bangalore	India	India
S1-543648021	S2-1323287	cross_script	Lotus Ventures Private Limited	लोटस वेंचर्स प्राइवेट लिमिटेड	Sai Multi Services, Chate Complex Opp Shaniwar Bajar, Near Bhalerao Pump, Gangakhed, Parbhani, Maharashtra	SAI MULTI SERVICES, CHATE COMPLEX OPP SHANIWAR BAJAR, NEAR BHALERAO PUMP, GANGAKHED, PARBHANI, Maharashtra	India	India
S1-992797126	S2-629531148	cross_script	Shree Construction Limited	श्री कंस्ट्रक्शन लिमिटेड	Ho-3, K-155 7 C Residency, Chinhat, Lucknow, Uttar Pradesh	HO-03, LUCKNOW, Uttar Pradesh	India	India
S1-407749526	S3-525152507	severe_lexical_mutation	Mendoza Vaneck Inc	Irinylaquo	2419 Aubrie Circle, Van Buren, AR	2419 Aubrie Circle, Van Buren, AR	US	US
S1-518752609	S3-672650017	severe_lexical_mutation	Gujarat Food Private Limited	gujaratfood.com	Idco Plot No. E/53, Infocity Revenue Mouza Unit No, 41, Chandrasekharpur, Bhubaneswar, Khordha, Orissa	Bhubaneswar, Idco Plot No. E/2-53, ଓଡ଼ିଶା, Khordha, Infocity Revenue Mouza Unit No, 41, Chandrasekharpur	India	India
S1-684865036	S2-519091681	severe_lexical_mutation	Optimal Horizon Information Inc	Ariatavoveo	51 Alexis Drive, Wilson, NY	NY, RANSOMVILLE, 51 ALEXIS DRIVE	US	US
S1-708056834	S3-72219577	severe_lexical_mutation	Vandana Traders Private Limited	Deltasol+	Pocket No.A/3, New Delhi, Delhi, H, No.64 Sector-5, Rohini	Pocket No.A/3, H, No.64 Sector-5, Rohini, Delhi, New Delhi, Delhi	India	India
S1-405235613	S2-377392624	cross_script	Green Software Private Limited	ग्रीन सॉफ्टवेयर प्राइवेट लिमिटेड	Maharashtra, Sagar Vihar 23 A G Khan Road, Worli, 7, Mumbai	DOOR NO 20 7, MUMBAI REGION, MUMBAI, Maharashtra	India	India
S1-323462256	S3-914440939	severe_lexical_mutation	Balaji Media Private Limited	Balajimedia.Com	Sr No 317 Panshevadi Kandhar, Nanded, Kandhar, Nanded, Maharashtra	Sr No 317 Panshevadi Kandhar, Nanded, MH	India	India
S1-903050200	S2-792273469	cross_script	Ss Projects Private Limited	एसएस प्रोजेक्ट्स प्राइवेट लिमिटेड	Children Hospital And Res, Bhavik Nagar, Gangapur Rd, Nashik, Maharashtra	CHILDREN HOSPITAL AND RES, NASIK, NASHIK, Maharashtra	India	India
S1-171602965	S2-820852385	cross_script	City Healthcare Private Limited	சிட்டி ஹெல்த்கேர் பிரைவேட் லிமிடெட்	216(65), Out House, 2Nd Floor, Alwarpet Street, Alwarpet, Chennai, Tamil Nadu	216(65), OUT HOUSE, 2ND FLOOR, ALWARPET STREET, ALWARPET, MADRAS, CHENNAI, Tamil Nadu	India	India
S1-764428562	S2-526829565	cross_script	Raj Products Private Limited	ராஜ் புராடக்ட்ஸ் பிரைவேட் லிமிடெட்	4-B, Sipcot Industrial Estate, Pudukothai, Pudukkottai, Pudukkottai, Sivaganga, Tamil Nadu	Tamil Nadu, HN 360 4-B, RAJAGOPALAPURAM, PUDUKKOTTAI, SIPCOT INDUSTRIAL ESTATE, PUDUKOTHAI, PUDUKKOTTAI	India	India
S1-539271567	S3-267149606	severe_lexical_mutation	Cascade Foundation	Yumanovifaye	1530 1st Street, Unit 807, Washington, DC	1530 1st Street, Unit 807, Washington, DC	US	US
S1-701382802	S3-349702698	severe_lexical_mutation	Pediatric Dental Care Associates Inc	pediatricdentalcare.com	286 Arnette Road, Drennen, WV	286 Arnette Rd, West Virginia, Drennen	US	US
S1-953760777	S2-325128410	severe_lexical_mutation	Arihant Logistics Private Limited	অরিহন্ত লজিস্টিকস প্রাইভেট লিমিটেড	Bl -1, 13Th Floor, Fl-13D 76/1B Bidhan Sarani, Kolkata, Kolkata, Howrah, West Bengal	13TH FLOOR, FL-13D 76/1B BIDHAN SARANI, KOLKATA, HOWRAH, KOLKATA, West Bengal, BL -1	India	India
S1-943506925	S2-270535641	severe_lexical_mutation	Sai Solutions Private Limited	Sai Solutions Privhte Limited	Mumbai, B-Wing, 36 Turner Rd, Near Tava Restaurant, Mumbai, 205, Maharashtra	205, B-WING, 36 TURNER RD, NEAR TAVA RESTAURANT, MUMBAI, Maharashtra	India	India
S1-564451848	S2-993216444	severe_lexical_mutation	Dermatology Clinic Inc	Dermatology Clínic	248 Highwood Court, Knoxville, TN	HIGHWOOD COURT, KNOXVILLE, TN	US	US
S1-669325825	S2-925338191	cross_script	United It Limited	यूनाइटेड आईटी लिमिटेड	C/O. Mr. Ramesh Sangwan, Opp Aggarwal Hospital, Behind Bank, Bhiwani, Haryana	C/O. MR. RAMESH SANGWAN, OPP AGGARWAL HOSPITAL, BEHIND BANK, BHIWANI, Haryana	India	India
S1-992661419	S3-436851445	cross_script	Perfect Solutions Private Limited	परफेक्ट सॉल्यूशंस प्राइवेट लिमिटेड	House No 66 Floor 1St Block - A Pkt 3 Sec - 3 Rohini, New Delhi, North West, Delhi	House No 66 Floor 1St Block - A Pkt 3 Sec - 3 Rohini, North West, New Delhi, DL	India	India
S1-760791123	S3-10883582	severe_lexical_mutation	Gems Nursing Home Corporation	homegemsnursing.com	Plot In Khasra No. 38/10/1, Gf, Vill-Kapesherabehind Rao Ganga Ram, Delhi, South Delhi, Delhi	Plot In Khasra No. 38/10, Delhi, South Delhi, DL	India	India
S1-396300332	S2-855304302	severe_lexical_mutation	HH International Limited	hhinternational.com	No. 4/238, Nochad, Chenoli, Koyilandi, Kozhikode, Kerala	H.NO 4/238, NOCHAD, CHENOLI, KOZHIKODE, KOYILANDI, Keralam	India	India
S1-687794573	S3-630124160	cross_script	Global Finance Pvt Ltd	ग्लोबल फाइनेंस प्रा. लि.	513 Express Tower, Azadpur Commecial Complex, Delhi, North West Delhi, Delhi	Door No 513 Express Tower, Delhi, North West Delhi, दिल्ली	India	India
S1-331503894	S2-425694770	severe_lexical_mutation	Tri-State Dental Associates LLC	Tri-State Dental Asofciates LLC	7670 Whitman Drive, ND, Horace	7670. WHITMAN DR, HORACE, ND	US	US
S1-642114499	S3-31175117	severe_lexical_mutation	Elite Promoters LLP	Elite Pr0ocares LLP	16/2, Mahalingam Road, Nungambakkam, Chennai, Tamil Nadu	16/2, Mahalingam Road, Nungambakkam, Chennai, TN	India	India
S1-642958370	S2-21911338	cross_script	White Classic Agro Private Limited	व्हाइट क्लासिक एग्रो प्राइवेट लिमिटेड	Nehru Place, Delhi, Bajaj House 97, 302, New Delhi	2-302, BAJAJ HOUSE 97, NEHRU PLACE, NEW DELHI, Delhi	India	India
S1-269028949	S2-220123998	cross_script	Balaji Infra Private Limited	பாலாஜி இன்ஃப்ரா பிரைவேட் லிமிடெட்	New No.14, Old No.120, Sir P.S. Sivasami Road, '(St. Ebbas Avenue), Mylapore, Chennai, Tamil Nadu	NEW NO.14, MYLAPORE, Tamil Nadu	India	India
S1-766579031	S2-195769805	cross_script	Universal Ventures Private Limited	यूनिवर्सल वेंचर्स प्राइवेट लिमिटेड	1905 06 B 9 A Wing Whispering Palms Sec 1 Akurli Road Lokhandwala Township Kandiva, Li (East), Mumbai, Mumbai City, Maharashtra	1905 06 B 9 A WING WHISPERING PALMS SEC 1 AKURLI ROAD LOKHANDWALA TOWNSHIP KANDIVA, MUMBAI CITY, MUMBAI, Maharashtra	India	India
S1-543900425	S2-881334422	numeric_mismatch	United Constructions Private Limited	യുണൈറ്റഡ് കൺസ്ട്രക്ഷൻസ് പ്രൈവറ്റ് ലിമിറ്റഡ്	Kannur, 436 Kodiyath House Ramanthali, Kerala, C/O Kn Sarojini Amma, Kannur	NO 189 C/O KN SAROJNII AMMA, KANNUR, കേരളം	India	India
S1-706483260	S2-267570512	severe_lexical_mutation	Global Impex Private Limited	গ্লোবাল ইম্পেক্স প্রাইভেট লিমিটেড	West Bengal, Birla Building9/1 R N Mukh-Erjee Road, Calcutta, Kolkata	BIRLA BUILDING9/1 R N MUKH-ERJEE ROAD, KOLKATA, CALCUTTA, West Bengal	India	India
S1-17259968	S2-480062	severe_lexical_mutation	Hisar Ventures Private Limited	venturesprivate.com	Village Rajthal Tehsil Narnaund, Hisar, Hissar, Haryana	VILLAGE RAJTHAL TEHSIL NARNAUND, HISAR, HISSAR, Haryana	India	India
S1-166313248	S3-943143264	severe_lexical_mutation	O/U Lease	O/U Lele	2752 310, Hurricane City, UT	2752 310, PMB 997, Hurricane CITY, Utah	US	US
S1-769417059	S3-526478492	severe_lexical_mutation	Valley Beacon Muniyield LLC	Valley Beacon Beacon Meuniiyld LLC	807 Brown Street, Stockdale, TX	807 Brown Street, Stockdale, Texas	US	US
S1-152567017	S3-125870003	cross_script	Lotus Business Private Limited	लोटस बिजनेस प्राइवेट लिमिटेड	Pune, Office No 405, 04Th Floor Plot No 473A, S No 557-A/1, Market Yard, Pune, Suyog Center, Maharashtra	Suyog Center, Pune, MH	India	India
S1-504384020	S2-683740493	cross_script	Sai Enterprises Private Limited	साई एंटरप्राइजेज प्राइवेट लिमिटेड	Cg-11, Scheme-74-C, Vijaynagar, Mno., Indore, Madhya Pradesh	CG-11, INDORE, Madhya Pradesh	India	India
S1-542479949	S2-813601941	severe_lexical_mutation	Frontier Array	NOVIBELO	2671 Rowehl Drive, Hempstead, NY	2671- ROWEHL DR, EAST MEADOW, NY	US	US
S1-842458982	S3-610194168	numeric_mismatch	Indian Global Pvt Ltd	Mr gindian.com	No. 117 Sanjaynagar Main Road Geddalahalli, Bangalore, Karnataka	No. 1-17 Sanjaynagar Main Road Geddalahalli, Bangalore, ಕರ್ನಾಟಕ	India	India
S1-38398309	S2-185088939	cross_script	East Green Logistics Private Limited	ईस्ट ग्रीन लॉजिस्टिक्स प्राइवेट लिमिटेड	Pune, Haveli, Sno.25/1/1 Suvarn Park, Maharashtra, Flat-A/21	SNO.25/1/1 SUVARN PARK, FLAT-A/21, HAVELI, PUNE, Maharashtra	India	India
S1-187678891	S2-161129978	numeric_mismatch	Delta Armour, Inc	De1ta Inc [Services]	6408 Seat Pleasant Drive, Capitol Heights, MD	6377-C Seat Pleasant Drive, CAPITOL HEIGHTS, MD	US	US
S1-319438377	S2-359450361	cross_script	Premier Engineering Private Limited	प्रीमियर इंजीनियरिंग प्राइवेट लिमिटेड	110, F/F, Chhatta Bhawani Shanker, Fateh Puri, Delhi, Central Delhi, Delhi	110, F/F, CHHATTA BHAWANI SHANKER, FATEH PURI, CENTRAL DELHI, दिल्ली	India	India
S1-175406844	S2-919161831	severe_lexical_mutation	Davis Australian	Gildbrix	3386 Virden Road, Duncan, AZ	Virden Road, DUNCAN, AZ	US	US
S1-775814651	S2-384700847	severe_lexical_mutation	Hari Consultants Private Limited	হরি কনসালট্যান্টস প্রাইভেট লিমিটেড	P.O. Panagarh Bazar, Panagarh Bazar, Bardhaman, West Bengal	P.O. PANAGARH BAZAR, PANAGARH BAZAR, BARDHAMAN, West Bengal	India	India
S1-64419765	S2-353016439	cross_script	Ss Anand Services Private Limited	एसएस आनंद सर्विसेज प्राइवेट लिमिटेड	Plot No. 89, Lgf, Sector-44, Gurgaon, Haryana	87, GURGAON, Haryana	India	India
S1-199452422	S3-525090165	severe_lexical_mutation	Oncology Care Associates	Oncology Care	2151 Greenup Avenue, Ashland, KY	Greenup Ave, Ashland, Kentucky	US	US
S1-168642902	S2-979420898	cross_script	Star Healthcare Pvt Ltd	स्टार हेल्थकेयर प्रा. लि.	At Post Esainagar Tal Nandurbar Dist Dhule, Nandurbar, Dhule, Maharashtra	AT POST ESAINAGAR TAL NANDURBAR DIST DHULE, NANDURBAR, Maharashtra	India	India
S1-391863133	S3-18364682	cross_script	City It Pvt Ltd	सिटी आईटी प्रा. लि.	Agra, Uttar Pradesh, 33 Old Idgah Colony	H.no 33 Old Idagh Colony, Agra, UP	India	India
S1-69185362	S2-262632688	cross_script	Sree Investment Private Limited	श्री इन्वेस्टमेंट प्राइवेट लिमिटेड	Shantaram Villa, 2Nd Floor Ghanshyam Gupte Road, Dombivali (West), Maharashtra, Thane, 10	THANE, #603 10, THANE, Maharashtra	India	India
S1-604620177	S3-50291146	severe_lexical_mutation	Tirupati Best Constructions LLP	Btconstructions.Com	Shop No.4, Ground Floor, G.E.Summit-A Plot No.56 Sector-15, Cbd-Belapur, Thane, Maharashtra	Thane, महाराष्ट्र, Thane, Door No 4/6	India	India
S1-991487985	S2-80677514	numeric_mismatch	Gulf Network V Corp	gulfnetworkv.com	924 York Street, Cincinnati, OH	0924 YORK ST, CINCINNATI, OH	US	US
S1-335494834	S3-438754243	severe_lexical_mutation	Baba Producer Private Limited	ബാബ പ്രൊഡ്യൂസർ പ്രൈവറ്റ് ലിമിറ്റഡ്	Rajadhani Buildingseast Fort, Trivandrum, Kerala	Rajadhani Buildingseast Fort, Trivandrum, KL	India	India
S1-300901117	S2-952733182	cross_script	Lotus It Private Limited	लोटस आईटी प्राइवेट लिमिटेड	8-B, Udyogpuri Agar Road, Ujjain, Madhya Pradesh	UJJAIN, Madhya Pradesh, UDYOGPURI AGAR ROAD, 8-B	India	India
S1-226002871	S2-871559259	cross_script	Sai Services	साईं सर्विसेज	C/O Narender Kumar Sharma Shivpuri, Saharanpur, Uttar Pradesh	C/O NARENDER KUMAR SHARMA SHIVURI, SAHARANPUR DELHI ROAD, SAHARANPUR, उत्तर प्रदेश	India	India
S1-742392521	S2-934521549	severe_lexical_mutation	Orthopedic Partners	Orthopedic Plgrftners	9212 Mintcreek Court, Dayton, OH	9212 Mintcreek Court, DAYTON, OH	US	US
S1-859179984	S3-381756216	severe_lexical_mutation	Bette N. Andersson, M.D.	Arcvantage	7712 Masters Street, Sacramento, CA	7712 Masters Street, Elk Grove, California	US	US
S1-118553108	S2-337125472	severe_lexical_mutation	Sm Products	Sm Services	Shop No 48, Ground Floor Phase 2 Slf Mall Ip Colony Sec 30-33, Faridabad, Haryana	SHOP NO 48 , GROUND FLOOR PHASE 2 SLF MALL IP COLONY SEC 30-33, FARIDABD, हरियाणा	India	India
S1-598515315	S3-824265869	severe_lexical_mutation	Baba Builders Private Limited	বাবা বিল্ডার্স প্রাইভেট লিমিটেড	Flat No. A-7, 3Rd Floor 110 Hazra Road, Kolkata, Kolkata, Howrah, West Bengal	Flat No. A-7, 3Rd Floor 110 Hazra Road, Kolkata, Howrah, WB	India	India
S1-199452422	S2-830706996	severe_lexical_mutation	Oncology Care Associates	oncologycareassociates.com	2151 Greenup Avenue, Ashland, KY	2151 1/2 GREENUP AVE, ASHLAND, KY	US	US
S1-75711797	S3-844796817	cross_script	International Ventures Private Limited	इंटरनेशनल वेंचर्स प्राइवेट लिमिटेड	Delhi, 64Surya Niketan, East Delhi, Delhi	64Surya Niketan, Delhi, Shakarpur, DL	India	India
S1-15638633	S2-614467819	cross_script	Eastern Apex Construction Private Limited	ईस्टर्न एपेक्स कंस्ट्रक्शन प्राइवेट लिमिटेड	Gat No 661 To 664(P) Wing, Swapnalok Alandi Road, Khed, Pune, Maharashtra	GAT NO D/661 TO 664(P) WING, PUNE, PIMPRI CHINCHWAD, Maharashtra	India	India
S1-839084059	S3-445766514	severe_lexical_mutation	Pediatric Dentistry Prime Care, LLC	Pediatric	714 B 18th Street, Unit APARTMENT 1, Claremore, OK	714 B 18th Street, Unit APARTMENT 1, Claremore, OK	US	US
S1-628948690	S3-264626931	severe_lexical_mutation	Toloum	Tloom	Chicago, IL, 2635 Avers Avenue	##2635 Avers Avenue, Chicaog Township, Illinois	US	US
S1-67587372	S3-664808900	severe_lexical_mutation	Krishna Constructions Private Limited	ક્રિષ્ના કન્સ્ટ્રક્શન્સ પ્રાઇવેટ લિમિટેડ	Gujarat, Ahmedabad, Emerald Appartment, Shell Petrol Pump Lane, Anandnagar, Vejalpur, Ahmedabad, 401	401, Ahmedabad, GJ	India	India
S1-190091010	S3-386534914	cross_script	Dream Producer Private Limited	ड्रीम प्रोड्यूसर प्राइवेट लिमिटेड	Ratnagiri, Chiplun, Shree Swami Gajanan Apt, 2Nd Floor, Shop No.1, Near Lokmanya Tilak Vachan Mandir, Bapat, Ali, C/O, Maharashtra	C/o, Chiplun, Ratnagiri, MH	India	India
S1-22850116	S3-765132148	cross_script	Global Hospitality Private Limited	ग्लोबल हॉस्पिटैलिटी प्राइवेट लिमिटेड	Savita Sadan, Gaothan, 2Nd Rd, Near Chembur Post, Mumbai, Maharashtra, D 75, Mumbai	D 75, Savita Sadan, Gaothan, 2Nd Rd, Near Chembur Post, Mumbai, MH	India	India
S1-244333855	S3-779662359	cross_script	Hari Enterprises Private Limited	ஹரி எண்டர்பிரைசஸ் பிரைவேட் லிமிடெட்	Salem, 603 Junction Main Road Opp Sona College, Salem, Tamil Nadu	#603 Junction Main Road Opp Sona College, Salem, TN	India	India
S1-841613875	S2-162324614	severe_lexical_mutation	2060 Madison Place Apartments Corp	Arckor	225 Felix Road, Anahuac, TX	##225 FELIX ROAD, PMB 2625, ANAHUAC, TX	US	US
S1-574632117	S3-714619385	severe_lexical_mutation	Little Seafood	Little Slnoodo	1107 Commonwealth Place, Virginia Beach City, VA	1107 Commonwealth Pl, Virinia Beach, Virginia	US	US
S1-272014823	S2-527237420	cross_script	First Technology	फर्स्ट टेक्नोलॉजी	10/334 Shriyut Nagar Near Sent Mary School Anantpur, Rewa, Madhya Pradesh	#10/334 SHRIYUT NAGAR NEAR SENT MARY SCHOOL ANANTPUR, REWA, Madhya Pradesh	India	India
S1-804730074	S2-214021356	severe_lexical_mutation	Associated & Brothers Private Limited	associatedbrothers.com	Gat No. 276/6/A Near, Lokvikas Dairy, Pangare, Karmala, Solapur, Maharashtra	HN 957- GAT NO. 276/6/A NEAR, LOKVIKAS DAIRY, PANGARE, KARMALA, Maharashtra	India	India
S1-437707163	S3-40726619	severe_lexical_mutation	NC Infosolutions Limited	NC Limited Center	C/O- Manas Ranjan Dalai, Vill.- Kanpur, R.G.Pur, Mayurbhanj, Orissa	Block D-336 C/o- Manas Ranjan Dalai, Vill.- Kanpur, R.g.pur, Mayurbhanj, OD	India	India
S1-476659981	S3-161230697	severe_lexical_mutation	Dermatology Partners Inc.	dermatologypartners.com	3105 Fairway Woods, Sanford, NC	Sanford, North Carolina, 3105 Fairway Woods	US	US
S1-156659889	S2-835806025	severe_lexical_mutation	Allied Illinois Inc	ALLIED INC CENTER	6412 Hemlock Street, Village Of Vesper, WI	6412. HEMLOCK STREET, WI, VILLAGE OF VESPER	US	US
S1-434169864	S2-350020873	cross_script	Shivam Agro Limited	शिवम एग्रो लिमिटेड	13, Ground Floor National, Park, Lajpat Nagar-Iv, New Delhi, South Delhi, Delhi	13, NEW DELHI, SOUTH DELHI, दिल्ली	India	India
S1-525412891	S3-504437818	abbreviation_acronym	EF Life Private Limited	EL	H.No.157, Bori Sawant, Bori, Basmat, Hingoli, Maharashtra	H.No.157, Bori Sawant, Bori, Basmat, Hingoli, Maharashtra	India	India
S1-83816495	S3-537207598	cross_script	Black Management Private Limited	ब्लैक मैनेजमेंट प्राइवेट लिमिटेड	Vphc-05 Shpra K Vista, Indirapuram Ghaziabad, Ghaziabad, Uttar Pradesh	Vphc-05 Shpra K Vista, Indirapuram Ghaziabad, Ghaziabad, UP	India	India
S1-246767534	S2-256326101	cross_script	Maa Media Private Limited	माँ मीडिया प्राइवेट लिमिटेड	32Apollo Street Fort, Mumbai, Maharashtra	MUMBAI, DOOR NO 32APOLLO STREET FORT, Maharashtra	India	India
S1-211829578	S2-492772955	severe_lexical_mutation	Jay Technologies Limited	ಜೇ ಟೆಕ್ನಾಲಜೀಸ್ ಲಿಮಿಟೆಡ್	Karnataka, Bagalkot, Wali Building, Above Vrl Travels Near Basveshwar Circle, College Road, 1St Floor, Bagalkot	#1ST FLOR, BAGALKOT, ಕರ್ನಾಟಕ	India	India
S1-829674552	S2-410762195	cross_script	My Impex	மை இம்பெக்ஸ்	12/264 Nehru Streetvoc Colony Avanashi, Coimbatore District, Coimbatore, Tamil Nadu	11/264 NEHRU STRCETVOC COLONY AVANASHI, Tamil Nadu, TIRUPUR, COIMBATORE	India	India
S1-421019269	S2-190975879	cross_script	Dream Engineering Private Limited	ड्रीम इंजीनियरिंग प्राइवेट लिमिटेड	Unit No. 1001, 10Th Floor, Pavilion Business Square, Sg Barve Marg, Chembur, Mumbai, Maharashtra	UNIT NO. 1001, 10TH FLOOR, PAVILION BUSINESS SQUARE, SG BARVE MARG, CHEMBUR, MUMBAI, BOMBAY, Maharashtra	India	India
S1-957257224	S2-254807243	numeric_mismatch	Optvue	Drexveo	1257 Marywood Court, Aurora, IL	01257 MARYWOOD COURT, AURRA, IL	US	US
S1-952423716	S3-579804918	cross_script	Arihant Marketing Private Limited	अरिहंत मार्केटिंग प्राइवेट लिमिटेड	Shop No-22, Lucknow, Uttar Pradesh, Haji Market Balaganj	Shop No-a-22, Lucknow, UP	India	India
S1-612831783	S2-698216204	cross_script	Sun Infra Private Limited	सन इंफ्रा प्राइवेट लिमिटेड	Haryana, Rewari, H.No. 3000/1, Sarai Balbhader, Rewari, Rewari	NO 3000/1, SARAI BALBHADER, REWARI, REWARI, Haryana	India	India
S1-264416914	S2-244453992	numeric_mismatch	Ear Nose & Throat Colonial Associates LLC	EAR NÓSE + THROAT COLONIAL ASSOCIATES	176 Rock Hill Road, Harris Twp, PA	00176 ROCK HILL RD, PO BOX 8503, CENTRE HALL, PA	US	US
S1-943506925	S2-389061702	cross_script	Sai Solutions Private Limited	साई सॉल्यूशंस प्राइवेट लिमिटेड	Mumbai, B-Wing, 36 Turner Rd, Near Tava Restaurant, Mumbai, 205, Maharashtra	B-WING, 36 TURNER RD, NEAR TAVA RESTAURANT, 205, Maharashtra, MUMBAI	India	India
S1-355746180	S3-656385683	severe_lexical_mutation	Analytics Institute of Technology	Kelonyla	Sr.No.126, Flat No.N-702 Rohini Apartment, Dsk Road, Dsk Vishwa, Dhayari, Haveli, Pune, Maharashtra	Sr.No.126, Flat No.N-702 Rohini Apartment, Dsk Road, Dsk Vishwa, Dhayari, Haveli, Pune, Maharashtra	India	India
S1-928973964	S2-945057663	cross_script	Raj Lakshmi International	राज लक्ष्मी इंटरनेशनल	Industry Housekalyani Steels Mundhwa, Pune, Maharashtra	INDUSTRY HOUSEKALYANI STEELS MUNDHWA, PUNE, महाराष्ट्र	India	India
S1-517694451	S3-115807098	severe_lexical_mutation	A Cure 9 All	Ectoorbi DBA A Cure 9 All	1701 Lakeview Drive, Johnson City, TN	1701 Lakeview Drive, Johnson City, TN	US	US
S1-202535110	S3-421303628	cross_script	Raj Food Limited	राज फूड लिमिटेड	E-301, Gouri Sadan 5, Haily Road, New Delhi, Delhi	E-301, Gouri Sadan 5, Haily Road, New Delhi, DL	India	India
S1-584613308	S3-75099701	severe_lexical_mutation	Blue Business Pvt Ltd	Yumarizaorbi	No.21, Durai Samy Pillai Street, West Tambaram, Tambaram, Kanchipuram, Tamil Nadu	21, Tambaram, Kanchipuram, TN	India	India
S1-420580071	S2-496644628	severe_lexical_mutation	Smart Marketing Private Limited	સ્માર્ટ માર્કેટિંગ પ્રાઇવેટ લિમિટેડ	Shankar Dhara, Sainagar Society, Nr Ananta Society, Rajkot, Gujarat	SHANKAR DHARA, SAINAGAR SOCIETY, NR ANANTA SOCIETY, MUMBAI, ગુજરાત	India	India
S1-406630496	S2-699604199	severe_lexical_mutation	Reque Ridge Abony, LLC	Veracirasyn	18525 Scottsdale Road, Unit UNIT 4043, Scottsdale, AZ	SCOTTSDALE KACHINA, AZ, 18525B SCOTTSDALE RD	US	US
S1-531326212	S2-757202129	cross_script	Apex Software Limited	एपेक्स सॉफ्टवेयर लिमिटेड	419, Ansal Chamber-Ii Bhikaji Cama Place, New Delhi, Delhi	419, ANSAL CHAMBER-II BHIKAJI CAMA PLACE, NEW DELHI, दिल्ली	India	India
S1-98898527	S3-340089851	cross_script	Sunrise Impex Pvt Ltd	सनराइज इम्पेक्स प्रा. लि.	Usha Rani Gupta Himanshu Sadan 5Park Road Lko, Lucknow, Uttar Pradesh	Usha Rani Gupta Himanshu Sadan 5Park Road Lko, Lucknow, उत्तर प्रदेश	India	India
S1-119156414	S2-532833231	cross_script	Bharat White Consultants Private Limited	भारत व्हाइट कंसल्टेंट्स प्राइवेट लिमिटेड	A/02 Shreeji Vihar Bldg, Manvel Pada Talao Rd, Next To Sai Plaza Bldg, Virar (E), Thane, Maharashtra	A/0002 SHREEJI VIHAR BLDG, NULL, THANE, महाराष्ट्र	India	India
S1-816681563	S3-844478201	cross_script	Creative Media Pvt Ltd	क्रिएटिव मीडिया प्रा. लि.	Suite 8, 3Rd Floor Yashwant Place Chanakya Puri, New Delhi, South Delhi, Delhi	Suite 8, New Delhi, South Delhi, DL	India	India
S1-839968350	S2-79841776	cross_script	Sree Industries Private Limited	श्री इंडस्ट्रीज प्राइवेट लिमिटेड	141 A V Colony, Aligarh, Uttar Pradesh	141 A V COLONY, ALIGARH, Uttar Pradesh	India	India
S1-816681563	S2-485517266	cross_script	Creative Media Pvt Ltd	क्रिएटिव मीडिया प्रा. लि.	Suite 8, 3Rd Floor Yashwant Place Chanakya Puri, New Delhi, South Delhi, Delhi	SUITE 8, 3RD FLOOR YASHWANT PLACE CHANAKYA PURI, SOUTH DELHI, Delhi	India	India
S1-819896493	S2-692296437	numeric_mismatch	Board of Health	Board  of Heliht	446 Slade Avenue, Fl 0, Haysville, KS	0446 SLADE AVENUE, HAYSVILLE, KS	US	US
S1-917409823	S2-106673683	cross_script	Big Blue Systems Private Limited	बिग ब्लू सिस्टम्स प्राइवेट लिमिटेड	C/O Mukhtar Ahmad Forooqu, Vill- Neori Neware, Jalalpur, Ambedkar Nagar, Uttar Pradesh	C/O MUKHTAR AHMDA FOROOQU, VILL- NEORI NEWARE, JALALPUR, AMBERPUR, Uttar Pradesh	India	India
S1-260618481	S3-233725807	severe_lexical_mutation	United Investments LLC	United  lnvestments LLC (ID: 95364)	187 Wallace Road, Kinderhook, NY	187 Wallace Rrad, Kinderhook, New York	US	US
S1-659779220	S2-98113708	severe_lexical_mutation	New Delhi Global Limited	New Dehil Global Limited	Plot No 170 Functional Indl.Estate Patparganj, New Delhi, East Delhi, Delhi	170 FUNCTIONAL INDL.ESTATE PATPARGANJ, NEW DELHI, Delhi	India	India
S1-571312186	S3-882509966	severe_lexical_mutation	Complete Investments LLC	Service Complete LLC	100 Birch Ridge Road, Westford, VT	100 Birch Ridge Road, Westford, Vermont	US	US
S1-610557349	S3-245880938	cross_script	Jain Properties Private Limited	जैन प्रॉपर्टीज प्राइवेट लिमिटेड	504, Vardhaman Square, Rakshak Nagar Rd, Kharadi, Pune, Maharashtra	504, Pune, MH	India	India
S1-573303469	S3-776280810	severe_lexical_mutation	Vision Care Associates	Vision Care Associates Co - 9743754431	1900 Northwestern Avenue, West Lafayette, IN	1900- Northwestern Avenue, West Lafayette, Indiana	US	US
S1-455352787	S2-145878737	severe_lexical_mutation	Haley Pharma LLC	Nexcalo	333 3rd Street, Eagar, AZ	333 THIRD ST, EAGAR, AZ	US	US
S1-412583452	S3-124022955	severe_lexical_mutation	Perfect Impex Private Limited	ਪਰਫੈਕਟ ਇੰਪੈਕਸ ਪ੍ਰਾਈਵੇਟ ਲਿਮਟਿਡ	A-27, 182/29B New Kartar Nagar, Street No 7, Dhuri Lin, E, Ludhiana, Punjab	A-27, 182/29B New Kartar Nagar, Street No 7, Dhuri Lin, E, Ludhiana, PB	India	India
S1-311995373	S3-494432395	severe_lexical_mutation	Life Hospitality	Ciravera	Old No.1/113B, New. No. 2H/796, Muthu Krishna Nagar, Rajiv North, Tuticorin, Thoothukudi, Tamil Nadu	Old No.1/113B, New. No. 2H/796, Muthu Krishna Nagar, Rajiv North, Tuticorin, Thoothukudi, Tamil Nadu	India	India
S1-699532231	S2-789235616	severe_lexical_mutation	Oncology Partners	Oncology Sérvice	3209 Prairie Grass Drive, Lehi, UT	##3209 PRAIRIE GRASS DR, LEHHI, UT	US	US
S1-107043441	S3-300991399	severe_lexical_mutation	High Enterprises LLP	Gíldveo	Agro Food Park, Mia, Alwar, Rajasthan, Alwar, F-14	F-a-14, Agro Food Park, Mia, Alwar, राजस्थान	India	India
S1-83883172	S2-579417475	severe_lexical_mutation	Shivam It Private Limited	ಶಿವಂ ಐಟಿ ಪ್ರೈವೇಟ್ ಲಿಮಿಟೆಡ್	No.41, Hennur Main Road, Kacharakanahalli St. Thomas Town, Bangalore, Karnataka	H.NO 41, BANGALORE, Karnataka	India	India
S1-499421604	S3-393412324	numeric_mismatch	Al Producer Pvt Ltd	Al Próducer Pvt Ltd	H.No.108 Harmukh Puri, Govind Puri, Modinagar, Hapur, Ghaziabad, Uttar Pradesh	H.no 0108 Harmukh Puri, Govind Puri, Modinagar, Hapur, Ghaziabad, उत्तर प्रदेश	India	India
S1-363645442	S3-969197680	severe_lexical_mutation	Cardiology Center	Cardiology Croer	1077 Preserve Street, Weatherford, TX	1077-C Preserve St, Weatherford Township, Texas	US	US
S1-96868522	S2-257573595	severe_lexical_mutation	Pediatric Dental Clinic	Fayevio	46 Main Street, Monroeville, OH	46 MAIN STREET, MONROEVILLE, OH	US	US
S1-319449017	S3-385122454	cross_script	Perfect Care Private Limited	परफेक्ट केयर प्राइवेट लिमिटेड	10A, 10Th Floor Sagar Appartment, 6 Tilak Marg, New Delhi, Delhi	10A, Delhi Connaught Place, DL	India	India
S1-823881495	S2-74379740	severe_lexical_mutation	X 2 Premier Oil, Inc	Qu0zeph	4930 Country Club Road, Botetourt County, VA	4930 COUNTRY CLUB RD, TROUTTVILLE TOWNSHIP, VA	US	US
S1-968578053	S2-835163852	severe_lexical_mutation	Newgen Jewellers Private Limited	Avizetariza	4-D.B., Floor-4, Plot-97, Edena Building, Maharshi Karve Road, New Marine Lines, Churchgate, Mumbai, Maharashtra	BLOCK F-594 4-D.B., MUMBAI, Maharashtra	India	India
S1-782887958	S2-792868679	severe_lexical_mutation	Compass LLC	Comdafs (LLC)	1586 Preserve Court, Bluffdale (sl Co), UT	##1586 PRESERVE CT, RIVERTON, UT	US	US
S1-927463860	S3-464299155	severe_lexical_mutation	Vision Hospitality LLP	Vision Hopstalyt LLP	Sy.No.88/4 First Floor, Singasandra Begur Hobli, Hosur Main Road, Bangalore, Karnataka	Sy.no.88/4 First Floor, Singasandra Begur Hobli, Hosur Main Road, Bangalore, ಕರ್ನಾಟಕ	India	India
S1-872151859	S3-351198259	cross_script	Seven Healthcare Private Limited	செவன் ஹெல்த்கேர் பிரைவேட் லிமிடெட்	184/131, Coimbatore, Tamil Nadu, Mettupalayam, Rangaya Street, Ls Puram	184/13, Mettupalayam, Coimbatore, தமிழ்நாடு	India	India
S1-422543905	S2-558549207	numeric_mismatch	Jackson, Price & Hernandez LLC	RIZARIZAVERA	941 Hesters Crossing Road, Unit 1602, Round Rock, TX	00941 HESTERS CROSSING RD, ROUND ROCK, TX	US	US
S1-690833669	S3-529966972	missing_address	Ear Nose & Throat Health Corp	Ear Nose & Throat Health Ventures	201 Clinton Street, New Athens, IL		US	US
S1-629074170	S3-571688969	severe_lexical_mutation	Creative Consulting Private Limited	క్రియేటివ్ కన్సల్టింగ్ ప్రైవేట్ లిమిటెడ్	52-1/16-4/1, Municipalward, No.33/4, Veterinary Colony, Vijayawada (Urban), Krishna, Andhra Pradesh	Municipalward, No.33/4, Veterinary Colony, Vijayawada (Urban), AP, 52-1/16-4/1, Ramavarappadu	India	India
S1-26151380	S2-904421586	cross_script	Star Developers Limited	स्टार डेवलपर्स लिमिटेड	Plot No-67, Sector-6, Faridabad, Delhi	HN 423 PLOT NO-67, FARIDABAD, SECTOR-6, Delhi	India	India
S1-857480338	S3-553327266	severe_lexical_mutation	Signet Beverages LLP	Dovafayekelo	D No: 7/603/1 Surya Nagar, Railway Kodur, Cuddapah, Andhra Pradesh	D No: #7/603/1 Surya Nagar, Railway Kodur, Cuddapah, AP	India	India
S1-144276757	S3-853532050	severe_lexical_mutation	East Consultancy Private Limited	Wexevodrex	Gurgaon, Bhondsi, Unit No. 205, Haryana, 206 And 207 2Nd Floor, Good Earth Trade Tower Sector 62	Unit No. 205, Bhondsi, Gurgaon, HR	India	India
S1-676716020	S2-257050575	severe_lexical_mutation	Shiva Global Private Limited	শিব গ্লোবাল প্রাইভেট লিমিটেড	C/O Amrita Nanshi, Balidha Po:- Balidha, Gurap, Hooghly, West Bengal	C/O AMRITA NANSHI, BALIDHA PO:- BALIDHA, GURAP, HOOGHLY, West Bengal	India	India
S1-390592318	S2-943848555	cross_script	Black Healthcare Private Limited	ब्लैक हेल्थकेयर प्राइवेट लिमिटेड	Flat No.302, A-Wing, Swagat, Behind Shrikrishna Rice Mill, Near Thane, Thane, Maharashtra	THANE, NO 302, A-WING, SWAGAT, BEHIND SHRIKRISHNA RICE MILL, NEAR THANE, Maharashtra	India	India
S1-567580717	S3-468886085	severe_lexical_mutation	Ram Infra Private Limited	রাম ইনফ্রা প্রাইভেট লিমিটেড	Synthesis Business Park Tower, 3C, 3Rd Floor, Cbd-1, Action Area Ii, North 24 Pgs, North 24 Parganas, West Bengal	Synthesis Business Park Tower, 3C, 3Rd Floor, Cbd-1, Action Area Ii, North 24 Pgs, North 24 Parganas, পশ্চিমবঙ্গ	India	India
S1-117434745	S2-634048884	severe_lexical_mutation	Miller Jpmorgan	MILLER [SERVICES]	164 Menlo Drive, Longview, WA	##164 MENLO DR, LONGVIEW, WA	US	US
S1-767948269	S3-122745227	severe_lexical_mutation	Green Software Private Limited	గ్రీన్ సాఫ్ట్‌వేర్ ప్రైవేట్ లిమిటెడ్	Plot No 59 And 60 Prashanth Nagar Vanasthalipuram Hayathnagar, Hyderabad, Rangareddy, Telangana	Plot No 59 And 60 Prashanth Nagar Vanasthalipuram Hayathnagar, null, Hyderabad, Rangareddy, Andhra Pradesh	India	India
S1-53377347	S3-857818846	severe_lexical_mutation	High Products Limited	High Pr0ducts Ltd	Sr No 58 /59 Pl 4 Santnagar Valvekarnagar Parvati, Pune, Maharashtra, Pune	Sr No 58- /59 Pl 4 Santnagar Valvekarnagar Parvati, Pune, MH	India	India
S1-664239241	S3-16036177	severe_lexical_mutation	New Best Energy Pvt Ltd	ਨਿਊ ਬੈਸਟ Energy ਪ੍ਰਾ. ਲਿ.	Adjoining Indian Oil Petrol Pump, Vill. Hardojande, Nh-44, Batala, Gurdaspur, Punjab	Adjoining Indian Oil Petrol Pump, Vill. Hardojande, Nh-44, Batala, Gurdaspur, PB	India	India
S1-669182455	S3-291741093	cross_script	Hari Business Private Limited	हरि बिजनेस प्राइवेट लिमिटेड	Goriya Toli, Station Road, Po-G.P.O, P S-Kotwali, Patna, Bihar	Goriya Toli, Patna, BR	India	India
S1-736230319	S2-493903514	severe_lexical_mutation	Shea Mccoy Apex Chase Inc	Kelolyra	Hurstbourne, KY, 1313 Leighton Cir	1313-B LEIGHTON CIR, HURSTBOURNE, KY	US	US
S1-862923434	S3-516966787	severe_lexical_mutation	Arihant Properties Limited	Limited Arihant Porprtils	South Delhi, Main Market Greater Kailash-Ii, Delhi, M-1, New Delhi	M-1, Main Market Greater Kailash-ii, New Delhi, South Delhi, DL	India	India
S1-903050200	S2-802201492	cross_script	Ss Projects Private Limited	एसएस प्रोजेक्ट्स प्राइवेट लिमिटेड	Children Hospital And Res, Bhavik Nagar, Gangapur Rd, Nashik, Maharashtra	CHILDREN HOSPITAL AND RES, NASIK, NASHIK, महाराष्ट्र	India	India
S1-682065234	S2-233037401	cross_script	Shyam Healthcare Private Limited	श्याम हेल्थकेयर प्राइवेट लिमिटेड	C/O Ratnamala Bhausaheb Yerande, Ghulewa Di. Tal Sangamner Dist A'Naga Ghulewadi, Sangamner, Ahmednagar, Maharashtra	C/O RATNAMALA BHAUSAHEB YERANDE, GHULEWA DI. TAL SANGAMNER DIST A'NAGA GHULEWADI, AHMEDNAGAR, SUKEWADI SANGAMNER, Maharashtra	India	India
S1-640536617	S3-955617417	cross_script	Blue Om Solutions Private Limited	ब्लू ओम सॉल्यूशंस प्राइवेट लिमिटेड	18/11/1;18/11/4; Shop-717, Spot 18, Sai Chowk, Pimple Saudagar, Pune, Maharashtra	18/11/1;18/11/4; Shop-717, महाराष्ट्र, Pune	India	India
S1-110724576	S2-962108765	severe_lexical_mutation	Romona's Investments	Fayeflux	5452 400, Rushville, IN	452 400, RUSHVILLE, IN	US	US
S1-933137795	S2-392329720	cross_script	Hari Blue Power Pvt Ltd	हरि ब्लू पावर प्रा. लि.	H - 126, First Floor, Block No. - D, Kilokari, Maharani Bagh, New Delhi, Delhi	H - #126, FIRST FLOOR, BLOCK NO. - D, KILOKARI, MAHARANI BAGH, NEW DELHI, Delhi	India	India
S1-516263583	S3-732226508	severe_lexical_mutation	New Hari Investments Private Limited	న్యూ హరి ఇన్వెస్ట్‌మెంట్స్ ప్రైవేట్ లిమిటెడ్	Telangana, 38/3 Krishna Nagar Kukatpally, Hyderabad	TG, Hyderabad, #38/3 Krishna Nagar Kukatpally	India	India
S1-9351477	S2-643068321	cross_script	Lotus Technologies Private Limited	लोटस टेक्नोलॉजीज प्राइवेट लिमिटेड	Csn 1888, Shop No. 309, Omega Towers, Karvir, Kolhapur, Maharashtra	NO 239 CSN 1888, SHOP NO. 309, OMEGA TOWERS, GOA-PANAJI REGION, KOLHAPUR, Maharashtra	India	India
S1-85059057	S2-348024958	severe_lexical_mutation	Physical Therapy Associates LLC	PHYSICAL THRAPY ASSOCIATES LLC	203 Main Street, Eureka, KS	KS, EUREKA, 203. Main St	US	US
S1-745898090	S3-481944250	severe_lexical_mutation	GR Electric Pvt. Ltd.	grelectriccom	1/1, Camacstreetshreemanjari, 3Rdfloor, Kolkata, Kolkata, Howrah, West Bengal	Plot 89 1/1, Calcutta, Howrah, পশ্চিমবঙ্গ	India	India
S1-342512015	S2-320160134	cross_script	Star Infotech Private Limited	स्टार इंफोटेक प्राइवेट लिमिटेड	Fl No. 01 Wings No. 25/5, Maniband Complex, Pune City, Pune, Maharashtra	FL NO. 01 WINGS NO. 25/5, Maharashtra, PUNE CITY, PUNE, MANIBAND COMPLEX	India	India
S1-323462256	S2-857903306	cross_script	Balaji Media Private Limited	बालाजी मीडिया प्राइवेट लिमिटेड	Sr No 317 Panshevadi Kandhar, Nanded, Kandhar, Nanded, Maharashtra	SR NO 9-317 PANSHEVADI KANDHAR, NANDED, KANDHAR, महाराष्ट्र	India	India
S1-853994711	S3-762862889	cross_script	Dream Blue Technologies Private Limited	ड्रीम ब्लू टेक्नोलॉजीज प्राइवेट लिमिटेड	Fl No.604 B Wing Parvati Nandan, G No.398, 399, Jadhavwadi, Haveli, Pune, Maharashtra	Haveli, महाराष्ट्र, Fl No.604- B Wing Parvati Nandan, Pune	India	India
S1-246767534	S3-682964825	cross_script	Maa Media Private Limited	माँ मीडिया प्राइवेट लिमिटेड	32Apollo Street Fort, Mumbai, Maharashtra	32Apollo Street Fort, MH, Mumbai Ii, Mumbai	India	India
S1-132729943	S2-363629986	cross_script	East Consultancy Private Limited	ஈஸ்ட் கன்சல்டன்சி பிரைவேட் லிமிடெட்	New No 27 (Old No 11), Sathya Narayanan Avenue, Off Boat Club Road. R.A.Puram, Chennai, Tamil Nadu	NEW NO 7-27 (OLD NO 11), SATHYA NARAYANAN AVENUE, OFF BOAT CLUB ROAD. R.A.PURAM, CHENNAI, MADRAS, Tamil Nadu	India	India
S1-808268126	S2-854145082	severe_lexical_mutation	One Consultancy Private Limited	వన్ కన్సల్టెన్సీ ప్రైవేట్ లిమిటెడ్	1-69, Bhimavaram, West Godavari, Andhra Pradesh	1-69/1, WEST GODAVARI, Andhra Pradesh	India	India
S1-59663546	S3-360932381	severe_lexical_mutation	Distinct Academy Pvt. Ltd.	Pyrairipyra One	Vi/376, Manjapara South Manjapara, Ernakulam, Kerala	Vi/376, Manjapara South Manjapara, Ernakulam, Kerala	India	India
S1-535011878	S2-717354582	severe_lexical_mutation	Cardinal L.L.C.	Caardianl [L.L.C.]	OR, 2305 42nd Street, Florence	2305 42ND ST, FLORENCE, OR	US	US
S1-412853	S2-212593508	numeric_mismatch	Fortune Investments Limited	ફોર્ચ્યુન ઇન્વેસ્ટમેન્ટ્સ લિમિટેડ	Gujarat, Third Floor, Varni Plaza, Beside Tulsi Arcade, Chorasi, Surat, Shop No-314	SHOP NO-14, CHORASI, SURAT, Gujarat	India	India
S1-338068352	S3-811519250	severe_lexical_mutation	Vision Investments Pvt Ltd	విజన్ ఇన్వెస్ట్‌మెంట్స్ ప్రైవేట్ లిమిటెడ్	H. No. 19-1, Sanjiva Gandhi Nagar Nekkonda Road, Narsampet, Warangal Urban, Telangana	H. No. 19-1, Sanjiva Gandhi Nagar Nekkonda Road, Warangal Urban, TG, Narsampet	India	India
S1-745423382	S3-473658176	severe_lexical_mutation	Ss Healthcare Pvt Ltd	Ss Pvt Ltd-Center	Plot No. B-47 Midc Industrial Area Phase - 1, Dombivli, Thane, Maharashtra	Block A-7 Plot No. B-47 Midc Industrial Arae Phase - 1, Dombivli, Thane, महाराष्ट्र	India	India
S1-333933101	S2-972181537	numeric_mismatch	Allied Principal Inc	Allied Príineal Inc	Sparta, TN, 3117 Coal Bank Road	3403 COAL BANK RD, SPARTA, TN	US	US
S1-709333961	S3-833486849	severe_lexical_mutation	Cozy Yoga	Cozy  Yhaa	1057 Van Dyke Avenue, Wheelersburg, OH	1057 Van Dyke Avenue, Wheelersburg, Ohio	US	US
S1-244925942	S2-60152619	cross_script	Ram Vision Construction Private Limited	राम विजन कंस्ट्रक्शन प्राइवेट लिमिटेड	H No-133 Old Housing, Board Colony, Rohtak, Haryana	DOOR NO B3/403 H NO-133 OLD HOUSING, BOARD COLONY, ROHTAK, Haryana	India	India
S1-814977770	S3-322913420	severe_lexical_mutation	Physical Therapy Partners Corp	Orbiorbi dba Physical Therapy Partners Corp	3030 Rockingham Rd, Davenport, IA	3030 Rockingham Rd, Davenport, IA	US	US
S1-285257631	S2-311345815	cross_script	Digital Producer Private Limited	डिजिटल प्रोड्यूसर प्राइवेट लिमिटेड	Plot No. 44 M, Sector 112, Noida, Gautam Buddha Nagar, Uttar Pradesh	NO 44 M, NOIDA, GAUTAM BUDDHA NAGAR, Uttar Pradesh	India	India
S1-154687443	S3-317237904	severe_lexical_mutation	Green Ventures Limited	Green Venutsdhis Limited	Rz-723/1, First Floor, Kh No 61/14, Gali No-3, New Delhi, South West Delhi, Delhi	DL, Rz-723/1, New Delhi, South West Delhi	India	India
S1-165347081	S2-717703389	severe_lexical_mutation	Raj Logistics Private Limited	rajlogistics.com	Bhakrai Nagar, Narayan Chambers, S No 177/1, Pune, Maharashtra, Haveli	S NO 177/1, BHAKRAI NAGAR, NARAYAN CHAMBERS, HAVELI, Maharashtra	India	India
S1-829394449	S2-660150543	severe_lexical_mutation	EA Realty Private Limited	EA Rdyt Private (Limited)	664/1139 1St Floor, Doltola, Ganganagar, Near Mio Amore Shop, Barasat - Ii, North 24 Parganas, West Bengal	664/1139 1ST FLOOR, DOLTOLA, GANGANAGAR, NEAR MIO AMORE SHOP, BARASAT - II, West Bengal	India	India
S1-930699575	S2-317586268	cross_script	Super Laxmi Management Pvt Ltd	सुपर लक्ष्मी मैनेजमेंट प्रा. लि.	701, Pratap Enclav, Plot- 253, Jawahar Nagar, Road No :1Gore, Gaon (West, Mumbai, Mumbai City, Maharashtra	#701, MUMBAI CITY, Maharashtra	India	India
S1-518601268	S3-674892199	cross_script	Lakshmi Trading Limited	लक्ष्मी ट्रेडिंग लिमिटेड	Office No. 1008, Ajmera Sikova, Bearing Cts No. 174A, Lbs Marg, Opp Damodar Park, Nr. Ashok Mill, Ghatkopar West, Mumbai, Maharashtra	Office No. 1008, Ajmera Sikova, Bearing Cts No. 174A, Lbs Marg, Opp Damodar Park, Nr. Ashok Mill, Ghatkopar West, Panvel, Mumbai, MH	India	India
S1-819328308	S3-532194058	severe_lexical_mutation	VG Brands-Mumbai	Kelonex One	3Rd Floor, Todi Estate, Above Post Office, Sun Mill Compound, Lower Parel, Mumbai, Mumbai City, Maharashtra	3Rd Floor, Todi Estate, Above Post Office, Sun Mill Compound, Lower Parel, Mumbai, Mumbai City, Maharashtra	India	India
S1-215173435	S2-864260393	cross_script	Universal Global It Private Limited	यूनिवर्सल ग्लोबल आईटी प्राइवेट लिमिटेड	Delhi, North Delhi, Delhi, House No-204 Second Floor Dr Mukherjee Nagar	HOUSE NO-204 SECOND FLOOR DR MUKHERJEE NAGAR, DELHI, NORTH DELHI, Delhi	India	India
S1-971594350	S2-963393287	cross_script	Guru Technology Private Limited	गुरु टेक्नोलॉजी प्राइवेट लिमिटेड	Shop No. M-8, Gurgaon, Haryana, Qutub Plaza, Dlf Phase-1, Gurugram	BLOCK G-64 SHOP NO. M-8, GURGAON, GURUGRAM, Haryana	India	India
S1-200673271	S2-880614691	cross_script	Super Business Private Limited	सुपर बिजनेस प्राइवेट लिमिटेड	151, Pocket G-30 Sector-3, Rohini, New Delhi, North West, Delhi	151, POCKET G-30 SECTOR-3, ROHINI, NEW DELHI, NORTH WEST, दिल्ली	India	India
S1-511425051	S3-162579549	numeric_mismatch	Raum Inc	Rgdm Inc	Unit APT 1702, Fair Oaks, CA, 4048 New York Avenue	PO Box 8334, New York Ave, Fair Oaks, California	US	US
S1-891217005	S3-470953657	severe_lexical_mutation	White Impex Pvt Ltd	হোয়াইট Impex প্রাইভেট লিমিটেড	52 Weston Street 5Th Floor, Kolkata, Calcutta, West Bengal	Calcutta, Kolkata, পশ্চিমবঙ্গ, No 52 Weston Street 5Th Floor	India	India
S1-296017863	S2-615462003	severe_lexical_mutation	Fresh Cleaning Service	Fresh Cleaning Smevrice	1589 Dd, Clarence, MO	1589 DD, CLARENCE, MO	US	US
S1-708875234	S2-216572607	severe_lexical_mutation	Hari Industries Private Limited	ହରି ଇଣ୍ଡଷ୍ଟ୍ରିଜ୍ ପ୍ରାଇଭେଟ୍ ଲିମିଟେଡ୍	Plot No-20/04, Jagannathpur Kalyanasinghpur, Rayagada, Orissa	PLOT NO-20/04, JAGANNATHPUR KALYANASINGHPUR, RAYAGADA, Orissa	India	India
S1-935231795	S3-207324731	cross_script	Global Logistics Private Limited	ग्लोबल लॉजिस्टिक्स प्राइवेट लिमिटेड	Plot No. Pap 44/1/2/9, Maharashtra, Khed, Pune, Midc Phase Ii Wasuli	Plot 362 Plot No. Pap 44/1/2/9, Midc Phase Ii Wasuli, Khed, Pune, महाराष्ट्र	India	India
S1-898040367	S2-529730930	missing_address	Anchor Housing LLC	Anchor Hóusing LLC	1814 Colony Creek Drive, Austin, TX		US	US
S1-200673271	S3-129191718	cross_script	Super Business Private Limited	सुपर बिजनेस प्राइवेट लिमिटेड	151, Pocket G-30 Sector-3, Rohini, New Delhi, North West, Delhi	DL, New Delhi, 151, Pocket G-30 Sector-3, Rohini	India	India
S1-505264059	S2-818101857	severe_lexical_mutation	Jay Consultants Private Limited	జై కన్సల్టెంట్స్ ప్రైవేట్ లిమిటెడ్	Plot No 82, Anand Villa Lake View Residency Sainikpuri, Secunderabad, Hyderabad, Telangana	PLOT NO 82, ANAND VILLA LAKE VIEW RESIDENCY SAINIKPURI, SECUNDERABAD, HYDERABAD, Andhra Pradesh	India	India
S1-884107599	S2-946783592	severe_lexical_mutation	Total Portfolio Inc	Total  Inc Services	1320 Wales Drive, Unit 706, Killeen, TX	1320 WALES DR, KILLEEN, TX	US	US
S1-244333855	S2-995054805	cross_script	Hari Enterprises Private Limited	ஹரி எண்டர்பிரைசஸ் பிரைவேட் லிமிடெட்	Salem, 603 Junction Main Road Opp Sona College, Salem, Tamil Nadu	DOOR NO 603 JUNCTION MAIN ROAD OPP SONA COLLEGE, SALEM, Tamil Nadu	India	India
S1-43064924	S2-332675495	cross_script	Laxmi Finance Private Limited	लक्ष्मी फाइनेंस प्राइवेट लिमिटेड	4143 First Floor, Basna Street Sadar, Thana R, Oad, Delhi, East Delhi, Delhi	NO 414 FIRST FLOOR, BASNA STREET SADAR, THANA R, OAD, DELHI, EAST DELHI, Delhi	India	India
S1-894578912	S2-509820802	cross_script	New Consultancy Private Limited	நியூ கன்சல்டன்சி பிரைவேட் லிமிடெட்	Flat 1B, Block 41, Ceedeeyes Chennaipattinam, Ammapettai, Kancheepuram, Tamil Nadu	FRAT 1B, KANCHEEPURAM, தமிழ்நாடு	India	India
S1-442214570	S2-635096477	severe_lexical_mutation	Aspen Center	A5PEN-CLENE	Mesa, 9529 Tesla Avenue, AZ	TESLA AVENUE, MESA FOUR PEAKS, AZ	US	US
S1-581471159	S3-394934111	severe_lexical_mutation	Thane Invatrade Private Limited	Kelovantage	Bldg N. 27 Ruby-2B/101, Kailashngr Ambernath (East), Thane, Maharashtra	Bldg N. ##27 Ruby-2b/101, Thane, MH	India	India
S1-632640648	S3-986135831	cross_script	Blue Hospitality Private Limited	Blue हॉस्पिटैलिटी Private Limited	House Number 1909 B2 Gurudwara Gali, Pinjore, Panchkula, Haryana	House Number 1909. B2 Gurudwara Gali, Panchkula, Pinjore, HR	India	India
S1-622109377	S2-433016329	severe_lexical_mutation	Hise National Flag LLC	fhnational.com	5292 Sunnyview Road, Marion County, OR	5292 SUNYNVIEW RD, MARION COUNTY, OR	US	US
S1-187752501	S3-52091791	severe_lexical_mutation	Pune Leasing Limited	Pune Lebscng Limited	H No.1527, New Prem Nagar Near Saggu Chowk, Ludhiana, Punjab	H No.1527, PB, Ayali Kalan Pb, Ludhiana	India	India
S1-595488395	S2-673553081	severe_lexical_mutation	Black Infotech Pvt Ltd	బ్లాక్ ఇన్ఫోటెక్ ప్రైవేట్ లిమిటెడ్	10-58, Vinayaka Nagar Bala Nagar, Hyderabad, Telangana	10-58, VINAYAKA NAGAR BALA NAGAR, HYDERABAD, Telangana	India	India
S1-758838700	S3-224333301	severe_lexical_mutation	Pediatric Dental Partners L.L.C.	Pediatric Dental Parcnres L.L.C.	8526 Dogwood Drive, Charlotte, NC	8526 Dogwood Drive, Charlotte, North Carolina	US	US
S1-511816679	S2-12825603	abbreviation_acronym	Dova	Dav	10 Road 3490, Flora Vista, NM	10 ROAD 3490, FLORA VISTA, NM	US	US
S1-443571404	S3-765067230	cross_script	Prime Dream Consultancy Private Limited	பிரைம் டிரீம் கன்சல்டன்சி பிரைவேட் லிமிடெட்	Chennai, 96/89, Kamdar Nagar, 3Rd Street Nungambakkam, Chennai, Tamil Nadu	Chennai, TN, Kamdar Nagar, 3Rd Street Nungambakkam, 96/89	India	India
S1-275599086	S2-334132968	severe_lexical_mutation	Bright Industries Pvt Ltd	બ્રાઇટ ઇન્ડસ્ટ્રીઝ પ્રા. લિ.	D&C Metro Nr. Honest Restaurant, Bavla, Ahmedabad, Gujarat	AHMEDABAD, BAVLA, BLOCK B-G-855 D&C METRO NR. HONEST RESTAURANT, Gujarat	India	India
S1-499421604	S2-424239846	cross_script	Al Producer Pvt Ltd	अल प्रोड्यूसर प्रा. लि.	H.No.108 Harmukh Puri, Govind Puri, Modinagar, Hapur, Ghaziabad, Uttar Pradesh	H.NO.108 HARMUKH PURI, GOVIND PURI, MODINAGAR, HAPUR, GHAZIABAD, उत्तर प्रदेश	India	India
S1-275599086	S2-353134041	severe_lexical_mutation	Bright Industries Pvt Ltd	બ્રાઇટ ઇન્ડસ્ટ્રીઝ પ્રા. લિ.	D&C Metro Nr. Honest Restaurant, Bavla, Ahmedabad, Gujarat	BLOCK B-G-855 D&C METRO NR. HONEST RESTAURANT, BAVLA, AHMEDABAD, Gujarat	India	India
S1-517322263	S3-972380370	cross_script	Shivam Foods LLP	शिवम फूड्स एलएलपी	117B, First Floor Somdutt Ch-1, Bhikaji Cama Place, Delhi, South Delhi, Delhi	#117B, Delhi, South Delhi, DL	India	India
S1-152237277	S3-614473376	severe_lexical_mutation	Global Spirits Private Limited	Global	Kachery Roadudit Nagar, Rourkela, Sundargarh, Orissa	Kachery Roadudit Nagar, Rourkela, Sundargarh, Orissa	India	India
S1-876713910	S2-637726220	severe_lexical_mutation	Bharat Products Private Limited	ഭാരത് പ്രൊഡക്ട്സ് പ്രൈവറ്റ് ലിമിറ്റഡ്	Xv/383, Muttom, Thaikkattukara P.O, Aluva, Ernakulam, Kerala	XV/383/9, MUTTOM, THAIKKATTUKARA P.O, ALUVA, ERNAKULAM, Kerala	India	India
S1-232927857	S2-866077729	severe_lexical_mutation	Jay Technology Limited	Jay Techn0logy	#Km 11/600B, First Floor Ranzom Building, Chundappuram, Koduvally, Kozhikode, Kerala	#KM 11/600B, FIRST FLOOR RANZOM BUILDING, CHUNDAPPURAM, KODUVALLY, KOZHIKODE, കേരളം	India	India
S1-35676890	S2-479336367	severe_lexical_mutation	Galaxy Products Private Limited	ಗ್ಯಾಲಕ್ಸಿ ಪ್ರೊಡಕ್ಟ್ಸ್ ಪ್ರೈವೇಟ್ ಲಿಮಿಟೆಡ್	#22, 1St Floor, Mcsr Mansion, 2Nd Cross Maruthi Layout, Sanjaynagar, Bangalore, Karnataka	H.NO 22, 1ST FLOOR, MCSR MANSION, 2ND CROSS MARUTHI LAYOUT, SANJAYNAGAR, BANGALORE, Karnataka	India	India
S1-58144122	S3-166063428	cross_script	Pioneer Estate	पायोनियर एस्टेट	A-139, Floor 3Rd, Gujrawala Town Part - 1, New Dehi, Delhi	Gujrawala Town Part - 1, A-139, Floor 3Rd, DL, New Dehi	India	India
S1-736130363	S2-905596439	severe_lexical_mutation	Urban Auto Body	urbanautobody.com	2891 Oak Shadow Drive, Fairfax County, VA	2891 1/2 OAK SHADOW DR, VA, HERNDON	US	US
S1-307687559	S2-271841054	severe_lexical_mutation	DX Scale Private Limited	Kordova	White Towers, 115, College Street, 3Rd Floor Unit 3F, Kolkata, Howrah, West Bengal	WHITE TOWERS, HOWRAH, KOLKATA, পশ্চিমবঙ্গ	India	India
S1-411213259	S3-338688015	cross_script	Ram Consultants Limited	राम कंसल्टेंट्स लिमिटेड	Side Kh No.1230 Kishan Garh Vasant Kunj, Delhi, New Delhi, South Delhi	Side Kh No.1230- Kishan Garh Vasant Kunj, New Delhi, South West Delhi, दिल्ली	India	India
S1-698934917	S3-782500925	numeric_mismatch	Super Logistics Private Limited	Limited Super Private Services	Room No. V/632, Opp. Malabar Traders, Nannammukku P O, Malappuram, Malapuram, Kerala	Room No. V/32, Opp. Malabar Traders, Nannammukku P O, Malappuram, Malapuram, കേരളം	India	India
S1-372042894	S2-715755174	cross_script	Baba Impex Private Limited	बाबा इम्पेक्स प्राइवेट लिमिटेड	B1/546, Purvanchal Royal, City Sector Chi-5, Noida, Gautam Buddha Nagar, Uttar Pradesh	B1/546, PURVANCHAL ROYAL, CITY SECTOR CHI-5, GAUTAM BUDDHA NAGAR, NOIDA, उत्तर प्रदेश	India	India
S1-332748711	S3-103765299	severe_lexical_mutation	Prudent Public School Ltd	Novivera Co	Flat 202, 10-3-551/1/A, 227/2Rt, Asifnagar, Hyderabad, Telangana	Flat 202, 10-3-551/1/A, 227/2Rt, Asifnagar, Hyderabad, Telangana	India	India
S1-474533413	S2-319631861	cross_script	Bharat Power Private Limited	भारत पावर प्राइवेट लिमिटेड	202, 2Nd Floor, Sukhmani Bldg Opp. Nadco Shopping, Center, S.V. Road, Andheri (W), Mumbai, Mumbai City, Maharashtra	NULL, MUMBAI CITY, MUMBAI, Maharashtra, 20	India	India
S1-949908785	S3-166049968	numeric_mismatch	Great Fellowship	Great Fllwoship	10680 Riveredge Drive, Parma, OH	10679 Riveredge Drive, Cleveland, Ohio	US	US
S1-361410625	S2-656416945	cross_script	Swastik Business	स्वस्तिक बिजनेस	H/No 70, Gauri Das Ki Mandi, Malsalami Patna City, Patna, Bihar	H/NO 70, GAURI DAS KI MANDI, MALSALAMI PATNA CITY, PATNA, बिहार	India	India
S1-981912032	S2-9049357	severe_lexical_mutation	Cardiology Reliable Specialists PLLC	crspecialists.com	Woodward, 3371 8th Street, OK	3371 8TH ST, WOODWARD, OK	US	US
S1-294153031	S3-784464334	severe_lexical_mutation	J 7 Q Games LLC	>> Veokororbi	6 Schryver Court, Kingston, NY	Schryver Ct, Kingston, New York	US	US
S1-171602965	S3-680752666	severe_lexical_mutation	City Healthcare Private Limited	Umbradelta a/k/a City Healthcare Private Limited	216(65), Out House, 2Nd Floor, Alwarpet Street, Alwarpet, Chennai, Tamil Nadu	216(65), Out House, 2Nd Floor, Alwarpet Street, Alwarpet, Chennai, Tamil Nadu	India	India
S1-925514981	S2-736740535	cross_script	Pioneer Media	पायोनियर मीडिया	Flat No A/502, Shubham Heights, Indralok Phase 6, Bhayander East, Thane, Maharashtra	FLAT NO A/502, THANE, Maharashtra	India	India
S1-272014823	S3-900314923	cross_script	First Technology	फर्स्ट टेक्नोलॉजी	10/334 Shriyut Nagar Near Sent Mary School Anantpur, Rewa, Madhya Pradesh	Door No 10/334 Shriyut Nagar Near Sent Mary School Anantpur, Rewa, MP	India	India
S1-144954684	S2-808870914	severe_lexical_mutation	Mms Traders Private Limited	Ariawexflux	Hyderabad, Telangana, Avanti Nagar Opp: Gayatri Nilyam, Hyderabad, Telangan, A, H.No.13-1-67/13/32, Hyderabad	H.NO.13-1-67/13/32, HYDERABAD URBAN, HYDERABAD, Andhra Pradesh	India	India
S1-110568245	S2-798687838	cross_script	Shree Infrastructure Limited	श्री इंफ्रास्ट्रक्चर लिमिटेड	C/O Anjana Devi Shed In Jamun Wali Gali Sai Baba Mandir, Uja Road, Panipat, Haryana	C/O ANJANA DEVI SHED IN JAMUN WALI GALI SAI BABA MANDIR, UJA ROAD, PANIPAT, हरियाणा	India	India
S1-894578912	S3-195435917	cross_script	New Consultancy Private Limited	நியூ கன்சல்டன்சி பிரைவேட் லிமிடெட்	Flat 1B, Block 41, Ceedeeyes Chennaipattinam, Ammapettai, Kancheepuram, Tamil Nadu	Flat 1B., Ammapettai, TN	India	India
S1-340431286	S3-133267303	severe_lexical_mutation	Santa Barbara Animal Welfare Piedmont Institute LLC	Animal	684 San Marino Drive, Santa Barbara, CA	684 San Marino Drive, Santa Barbara, CA	US	US
S1-928665897	S2-798406835	severe_lexical_mutation	Great Exports	ગ્રેટ એક્સપોર્ટ્સ	Ahmedabad, B/Hmondealpark, Neargurudwara, S.G.Highway, Synchronhouse, Ahmedabad, Gujarat	SYNCHRONHOUSE, AHMEDABAD, Gujarat	India	India
S1-899252465	S2-469176350	severe_lexical_mutation	Guru Marketing Private Limited	ಗುರು ಮಾರ್ಕೆಟಿಂಗ್ ಪ್ರೈವೇಟ್ ಲಿಮಿಟೆಡ್	#18, Brindavanam, 1St Cross Dattatri Nagara, Kadur, Chickmagalur, Karnataka	KADUR, CHICKMAGALUR, Karnataka, BRINDAVANAM, 1ST CROSS DATTATRI NAGARA, NO 18	India	India
S1-718059177	S2-707329086	cross_script	Red Dynamic Ventures Pvt Ltd	रेड डायनामिक वेंचर्स प्रा. लि.	Maaesa Creations, C/O Priyanka Garg, 135 Prime Estate, Kho Nagoriyan, Jagatpura, Jaipur, Rajasthan	MAAESA CREATIONS, JAGATPURA, Rajasthan	India	India
S1-750487167	S2-529830991	severe_lexical_mutation	United Network	UNITED NÉTWORK	114 Wimbledon Court, Bear, DE	114 WIMBLEDON COURT, BEAR, DE	US	US
S1-664239241	S2-478781512	severe_lexical_mutation	New Best Energy Pvt Ltd	New Best ਐਨਰਜੀ Pvt Ltd	Adjoining Indian Oil Petrol Pump, Vill. Hardojande, Nh-44, Batala, Gurdaspur, Punjab	Punjab, ADJOINING INDIAN OIL PETROL PUMP, VILL. HARDOJANDE, NH-44, BATALA	India	India
S1-991487985	S2-669301480	numeric_mismatch	Gulf Network V Corp	Gulf Neothkw V Corp	924 York Street, Cincinnati, OH	0924 YORK STREET, CINCINNATI, OH	US	US
S1-814977770	S3-978698199	severe_lexical_mutation	Physical Therapy Partners Corp	physicaltherapypartners.com	3030 Rockingham Rd, Davenport, IA	3030 Rockingham Rd, Davenport, Iowa	US	US
S1-451124303	S3-568827547	severe_lexical_mutation	Hotel Investments Private Limited	Hotel ఇన్వెస్ట్‌మెంట్స్ Private Limited	Dno.14-37-18/1, Empire Estates, Flat No.101, Gokhala Road, Maharanipeta, Visakhapatnam, Vishakhapatnam, Andhra Pradesh	Vishakhapatnam, Visakhapatnam, AP, Empire Estates, Flat No.101, Gokhala Road, Maharanipeta, Dno.14-37-18/1	India	India
S1-911184716	S2-280111537	cross_script	Unique Properties LLP	यूनिक प्रॉपर्टीज एलएलपी	Village Dhelawas Tehsil Mundawer, Alwar, Rajasthan	H.NO 3-528 VILLAGE DHELAWAS TEHSIL MUNDAWER, ALWAR, Rajasthan	India	India
S1-898904188	S3-133607833	cross_script	Green Producer Private Limited	ग्रीन प्रोड्यूसर प्राइवेट लिमिटेड	Rg-67, P No.33, Mcf-14, Indira Enclave Market, Faridabad, Haryana	Rg-67, P No.33, Mcf-14, Indira Enclave Market, Faridabad, HR	India	India
S1-451147965	S2-528217283	numeric_mismatch	Dermatology Premier Care Associates LLC	DERMAT0LOGY PREMIER CARE ASSOCIATES  LLC	33 Elm Street, Unit 17, Westfield, MA	WESTFIELD, 0033 ELM STREET, MA	US	US
S1-888945716	S2-758216100	severe_lexical_mutation	Dermatology Associates	dermato1ogyassociates.com	Franklin County, 45 Cotton Lane, VA	COTTON LANE, FRANKLIN COUNTY, VA	US	US
S1-734419252	S3-215240852	severe_lexical_mutation	Apex Consulting Private Limited	consultingprivate.com	D.No.25-18-36, Sampathnagar, Main Road, Guntur, Andhra Pradesh	H.no 25-18-36, Sampathnagar, Hyderabad Urban, Guntur, AP	India	India
S1-898656588	S2-899858909	cross_script	Ss Foundation	एसएस फाउंडेशन	1St Floor, Flat-F4, Shivam Apartment, Maharashtra, S.No.329/16, Miraj, Sangli	S.NO.329/16., 1ST FLOOR, FLAT-F4, SHIVAM APARTMENT, MIRAJ, SANGLI, महाराष्ट्र	India	India
S1-669019715	S3-894332427	severe_lexical_mutation	New Delhi Producer Private Limited	Fluxmiravantage D.B.A. New Delhi Producer Private Limited	Flat No 232 Nagin Lakeapartments Peeragarhi Paschim Vihar, New Delhi, North Delhi, Delhi	North Delhi, Delhi, Flat No 232 Nagin Lakeapartments Peeragarhi Paschim Vihar, New Delhi	India	India
S1-607575897	S2-303291870	cross_script	Raj Jay Management Private Limited	राज जय मैनेजमेंट प्राइवेट लिमिटेड	D-277 Vashi Plazasector-17 Vashi, Navi Mumbai, Mumbai City, Maharashtra	NAVI MUMBAI, MUMBAI CITY, Maharashtra, D-277 VASHI PLAZASECTOR-17 VASHI	India	India
S1-334848612	S2-948976721	cross_script	Shree Consultants Private Limited	श्री कंसल्टेंट्स प्राइवेट लिमिटेड	353, Mani Mahal, 2Nd Floor, Room 2, Kalbadevi Road, Mumbai, Maharashtra	353, MUMBAI, VASAI, Maharashtra	India	India
S1-993562252	S3-188050276	cross_script	Golden Classic Services Private Limited	गोल्डन क्लासिक सर्विसेज प्राइवेट लिमिटेड	Plot No. B-8, Tower B, 702, Noida One, Sec-62, Noida, Gautam Buddha Nagar, Uttar Pradesh	Plot No. B-c-8, Tower B, 702, Noida One, Sec-62, Gautam Buddha Nagar, Noida, UP	India	India
S1-317713081	S3-823570123	severe_lexical_mutation	Blue Hair Studio Partners	Arcciranovi	599 University Boulevard, Unit 312, Round Rock, TX	599 University Bouleard, # 312, Round ROCK, Texas	US	US
S1-507883773	S3-295631144	severe_lexical_mutation	Urgent Care Partners	Urgent Care	100 Hilton Avenue, Unit Unit 317, Garden City, NY	100. Hilton Ave, New York, Garden CITY CDP	US	US
S1-964943832	S3-459925865	cross_script	Hari Logistics Private Limited	हरि लॉजिस्टिक्स प्राइवेट लिमिटेड	Unit No 213-214 2Nd Floor, Welldone Tech Park Sec-48, Gurgaon, Haryana	Badshahpur, Unit No 213-214 2Nd Floor, Gurgaon, हरियाणा	India	India
S1-259212074	S3-766250904	cross_script	Dynamic Marketing Private Limited	डायनामिक मार्केटिंग प्राइवेट लिमिटेड	Maharashtra, Sr No-3/1/1/5 Yewalewadi, Pune, Pune City	Plot 329 Sr No-3/1/1/5 Yewalewadi, Pune City, Pune, MH	India	India
S1-810909346	S2-12545644	severe_lexical_mutation	Sahaya Arcade Private Limited	DELTADREX	New No-30, Old No-50, Kasi Estate, 5Th Street, Chennai City Corporation, Chennai, Tamil Nadu	NEW NO-30, OLD NO-50, KASI ESTATE, 5TH STREET, CHENNAI CITY CORPORATION, ASHOK NAGAR, தமிழ்நாடு	India	India
S1-390480699	S2-516110153	missing_address	Ear Nose & Throat Clinic Inc.	Ear Nose + Throat Cflinic Inc.	1813 7th Avenue, Unit 103, Nashville, TN		US	US
S1-83816495	S2-934066023	cross_script	Black Management Private Limited	ब्लैक मैनेजमेंट प्राइवेट लिमिटेड	Vphc-05 Shpra K Vista, Indirapuram Ghaziabad, Ghaziabad, Uttar Pradesh	VPHC-##05 SHPRA K VISTA, GHAZIABAD, उत्तर प्रदेश	India	India
S1-721435930	S2-685696460	cross_script	Jai Foods Private Limited	ஜெய் ஃபுட்ஸ் பிரைவேட் லிமிடெட்	5, Smith Road, Chennai, Tamil Nadu	5, SMITH ROAD, CHENNAI, தமிழ்நாடு	India	India
S1-195712982	S2-464092459	cross_script	Surya Services Private Limited	सूर्या सर्विसेज प्राइवेट लिमिटेड	Flat No. 3, Mumbai, Ground Floor, Lot No. 218, Prem Baug, Maharashtra	FLAT NO. D/3, GROUND FLOOR, LOT NO. 218, PREM BAUG, MUMBAI, महाराष्ट्र	India	India
S1-123756872	S3-121403783	severe_lexical_mutation	Falcon Inc.	Fálcon	904 Nottingham Lane, Crystal Lake, IL	904  Nottingham Lane, Crystal Lake, Illinois	US	US
S1-859120397	S3-57233072	severe_lexical_mutation	Premier Software Private Limited	Fayexylo	3/315 C Type, 30Th Street Sidco Nagar, Villivakkam, Chennai, Tamil Nadu	3/315 C Type, 30Th Street Sidco Nagar, Villivakkam, Chennai, Tamil Nadu	India	India
S1-34610644	S2-197449796	severe_lexical_mutation	Mumbai Technologies	Mumbai Tcnloohgies	Mumbai, Floor-2, Plot No.20/14, Daryani House, Wadala Road No.3, Mumbai City, 202, Maharashtra	202, FLOOR-2, PLOT NO.20/14, DARYANI HOUSE, WADALA ROAD NO.3, MUMBAI, महाराष्ट्र	India	India
S1-217156248	S3-80558100	severe_lexical_mutation	Royal (India) Estates	Lyravio	P-254 Lake Town Block-B, Kolkata, South 24 Parganas, West Bengal	P-254 Lake Town Block-B, Kolkata, South 24 Parganas, West Bengal	India	India
S1-839084059	S3-450237737	severe_lexical_mutation	Pediatric Dentistry Prime Care, LLC	Pediatricdentistryprime.Com	714 B 18th Street, Unit APARTMENT 1, Claremore, OK	18st Street, Unit Apartment 1, Claremore, Oklahoma	US	US
S1-572975789	S3-840327488	cross_script	Raj Constructions Private Limited	राज कंस्ट्रक्शंस प्राइवेट लिमिटेड	Spectrum Tower Bldg.No 11, Mumbai, Malad West, 6 Floor A Wing Chincholi, Maharashtra	#31 Spctrum Tower Bldg.no 11, 6 Floor A Wing Chincholi, Malad West, Mumbai, MH	India	India
S1-152567017	S2-570885422	cross_script	Lotus Business Private Limited	लोटस बिजनेस प्राइवेट लिमिटेड	Pune, Office No 405, 04Th Floor Plot No 473A, S No 557-A/1, Market Yard, Pune, Suyog Center, Maharashtra	Maharashtra, PUNE, PLOT 409 SUYOG CENTER	India	India
S1-598945756	S2-829626285	severe_lexical_mutation	Delhi Trading	Delhi Tdóag	H.N.-7/9 Tf Block 7 Ramesh Nagar, Delhi, West Delhi, Delhi	HN ##575 H.N.-7/9 TF BLOCK 7 RAMESH NAGAR, DELHI, Delhi	India	India
S1-477230514	S2-538129111	severe_lexical_mutation	Prime Systems Limited	പ്രൈം സിസ്റ്റംസ് ലിമിറ്റഡ്	Building No Xxii/266C, Mariyan Sqaure Muvattupuzha P.O, Muvattupuzha, Ernakulam, Kerala	H.NO 485 BUILDING NO XXII/266C, MARIYAN SQAURE MUVATTUPUZHA P.O, MUVATTUPUZHA, ERNAKULAM, കേരളം	India	India
S1-676716020	S3-739858615	severe_lexical_mutation	Shiva Global Private Limited	শিব গ্লোবাল প্রাইভেট লিমিটেড	C/O Amrita Nanshi, Balidha Po:- Balidha, Gurap, Hooghly, West Bengal	C/o Amrita Nanshi, Balidha Po:- Balidha, Hooghly, Gurap, WB	India	India
S1-132681468	S2-340983265	severe_lexical_mutation	The Dent Grill	dentgrill.com	5301 Superstition Mountain Drive, Unit 101, Gold Canyon, AZ	5301 SUPERSTITION MOUNTAIN DRIVE, GOLD CANYON, AZ	US	US
S1-762300169	S3-660283083	severe_lexical_mutation	Orthopedic Group	Orthonpeidc Group	990 Columbus Street, Unit 401, Chillicothe, OH	##990 Columbus St, # 401, Chillicothe, Ohio	US	US
S1-93187399	S3-344554780	cross_script	Unique Marketing Private Limited	यूनिक मार्केटिंग प्राइवेट लिमिटेड	Sr No 158/1A/1& 2 Konark, Build-B Flat No-804, Pune City, Pune, Maharashtra	Sr No 158/1A/1& 2 Konark, Build-b Flat No-804, Pune City, Pune, MH	India	India
S1-162505674	S3-552777764	missing_address	Equinox Corporation	Équinox Trading	13443 Pinwheel Court, Prince William County, VA		US	US
S1-548904087	S3-812208401	severe_lexical_mutation	Shree Dream Consultants Limited	శ్రీ Dream కన్సల్టెంట్స్ Limited	19-3/R, Hyderabad, Telangana, 2Nd Floor, Suvarna Valley Janapriya Back Side, Ameenpur, Hyderabad	TG, Hyderabad, 19-3/R, Hyderabad	India	India
S1-93331650	S3-297354880	severe_lexical_mutation	Foot & Ankle Delta Center	Iriyumax aka Foot & Ankle Delta Center	Bentonville, 604 Duke Avenue, AR	604 Duke Avenue, Bentonville, AR	US	US
S1-132729943	S3-542505955	severe_lexical_mutation	East Consultancy Private Limited	Plrrgrivadte East Consultancy Limited	New No 27 (Old No 11), Sathya Narayanan Avenue, Off Boat Club Road. R.A.Puram, Chennai, Tamil Nadu	Madras, Sathya Narayanan Avenue, Off Boat Club Road. R.a.puram, #G-27 (Old No 11), Chennai, தமிழ்நாடு	India	India
S1-317432792	S3-844250037	severe_lexical_mutation	Shree Projects Limited	Service Shree Limited	A 303 Ramawarar Sadanvenkteshwar Nagar Bhayander East, Mumbai, Maharashtra	A #303 Ramawarar Sadanvenkteshwar Nagar Bhayander East, Mumbai, MH, Mumbai Ii	India	India
S1-798293696	S2-860890478	severe_lexical_mutation	Shiva Agro Private Limited	ଶିବ ଆଗ୍ରୋ ପ୍ରାଇଭେଟ୍ ଲିମିଟେଡ୍	Plot No- 7/1363, Acharya Vihar, Bhubaneswar, Bhubaneswar, Khordha, Orissa	PLOT NO- 7/136, BHUBANESWAR, KHORDHA, Orissa	India	India
S1-171602965	S3-6030233	cross_script	City Healthcare Private Limited	சிட்டி ஹெல்த்கேர் பிரைவேட் லிமிடெட்	216(65), Out House, 2Nd Floor, Alwarpet Street, Alwarpet, Chennai, Tamil Nadu	216(65), Out House, 2Nd Floor, Alwarpet Street, Alwarpet, Chennai, TN	India	India
S1-57528984	S3-511429314	severe_lexical_mutation	City Global Private Limited	ಸಿಟಿ ಗ್ಲೋಬಲ್ ಪ್ರೈವೇಟ್ ಲಿಮಿಟೆಡ್	Batha Offc, 101, Commerce, House, 9/1, Cunnigham Rd, Bangalore North, Bangalore, Karnataka	256 Batha Offc, Bangalore North, Bangalore, 101, Commerce, House, 9/1, Cunnigham Rd, KA	India	India
S1-698571148	S2-532203494	cross_script	North Global Private Limited	नॉर्थ ग्लोबल प्राइवेट लिमिटेड	Maharashtra, Aurangabad, Gat No. 25, Village - Rahimpur, Taluka - Gangapur	GAT NO. D/25, VILLAGE - RAHIMPUR, TALUKA - GANGAPUR, AURANGABAD, महाराष्ट्र	India	India
S1-399117891	S2-12353729	cross_script	Surya Trading Pvt Ltd	सूर्या ट्रेडिंग प्रा. लि.	Flat No.2, Sanjeevani Heights, Near Sanghavi Nakshtra, Dindori Road, Nashik, Maharashtra	SANJEEVANI HEIGHTS, NEAR SANGHAVI NAKSHTRA, DINDORI ROAD, NASHIK, FLAT NO.2, NASHIK, Maharashtra	India	India
S1-814977770	S3-977148565	severe_lexical_mutation	Physical Therapy Partners Corp	Physical Partners Corp Partners	3030 Rockingham Rd, Davenport, IA	3030 Rockingham Rd, Davenport, Iowa	US	US
S1-485318161	S3-110646079	numeric_mismatch	Chiropractic Health Co	Chir0practic Health Co	1028 Chatham Lane, Cincinnati, OH	102 Chatham Lane, Cincinnati, Ohio	US	US
S1-506166707	S2-877539625	severe_lexical_mutation	Cardiology Associates Inc	cardiologyassociates.com	971 Suffield Street, Agawam, MA	971 SUFFIELD ST, AAWAM, MA	US	US
S1-943408281	S2-167654852	cross_script	Dream Food Private Limited	ड्रीम फूड प्राइवेट लिमिटेड	H No-40 Block A, Hastal Vihar, New Delhi, West Delhi, Delhi	NO 809 H NO-40 BLOCK A, HASTAL VIHAR, NEW DELHI, WEST DELHI, दिल्ली	India	India
S1-150559016	S2-974427352	cross_script	Universal Impex Private Limited	यूनिवर्सल इम्पेक्स प्राइवेट लिमिटेड	2135, S/F Janta Flat Gtb Enclave, Nand Nagri, Delhi, East Delhi, Delhi	2135, S/F JANTA FLAT GTB ENCLAVE, NAND NAGRI, DELHI, EAST DELHI, दिल्ली	India	India
S1-519387845	S2-394692189	cross_script	Ace Producer Private Limited	एस प्रोड्यूसर प्राइवेट लिमिटेड	601, Dlf Tower A Plot No. 10-11, Dda Distt. Centre, Jasol, A, New Delhi, South Delhi, Delhi	601, SOUTH DELHI, NEW DELHI, Delhi	India	India
S1-740676893	S3-690799518	severe_lexical_mutation	Bay Academy	Orbicira d/b/a Bay Academy	205 Circle Drive, Fairbury, IL	205 Circle Drive, Fairbury, IL	US	US
S1-46493141	S2-212881702	severe_lexical_mutation	First Exports Private Limited	ফার্স্ট এক্সপোর্টস প্রাইভেট লিমিটেড	Unit 5F, Dwarika Mahabeer Square, 5Th Floor, Opp To Fire Station, S F Road, Siliguri, Darjiling, Darjeeling, West Bengal	DOOR NO C-213 UNIT 5F, DWARIKA MAHABEER SQUARE, 5TH FLOOR, OPP TO FIRE STATION, S F ROAD, SILIGURI, DARJILING, পশ্চিমবঙ্গ	India	India
S1-193415954	S3-861631186	cross_script	North Innovative Consultancy Private Limited	नॉर्थ इनोवेटिव कंसल्टेंसी प्राइवेट लिमिटेड	16Th Floor, Ajmera Midtown, 939/940/941, Kalbadevi Road, Popatwadi, Maharashtra, Mumbai, 1604	1604, 16Th Floor, Ajmera Midtown, 939/940/941, Kalbadevi Road, Popatwadi, Mumbai, MH	India	India
S1-785299579	S2-93166668	cross_script	Silver Agro Private Limited	सिल्वर एग्रो प्राइवेट लिमिटेड	Office No. S 91 Haware, Fantasia Business Park, Thane, Maharashtra	OFFICE NO. S #91 HAWARE, FANTASIA BUSINESS PARK, THANE, Maharashtra	India	India
S1-992797126	S3-129181449	cross_script	Shree Construction Limited	श्री कंस्ट्रक्शन लिमिटेड	Ho-3, K-155 7 C Residency, Chinhat, Lucknow, Uttar Pradesh	Ho-003, Lucknow, UP	India	India
S1-764218371	S3-963552371	cross_script	Shivam Exports Private Limited	शिवम एक्सपोर्ट्स प्राइवेट लिमिटेड	M96A Gali No 7 Mamura, Uttar Pradesh, Noida, Gautam Buddha Nagar	UP, M96a Gali No 7 Mamura, Gautam Buddha Nagar, Noida	India	India
S1-618905093	S2-325149773	severe_lexical_mutation	Vava Center	Ariazephfaye	1466 Macedonia Road, Ardmore, AL	1466 MACEDONIA RD, ARDMORE TOWNSHIP, AL	US	US
S1-682065234	S3-338208476	cross_script	Shyam Healthcare Private Limited	श्याम हेल्थकेयर प्राइवेट लिमिटेड	C/O Ratnamala Bhausaheb Yerande, Ghulewa Di. Tal Sangamner Dist A'Naga Ghulewadi, Sangamner, Ahmednagar, Maharashtra	Door No D/720 C/o Ratnamala Bhausaheb Yerande, Ghulewa Di. Tal Sangamner Dist A'naga Ghulewadi, Sangamner, Ahmednagar, MH	India	India
S1-29202373	S2-961265744	cross_script	Fortune Exports Limited	फॉर्च्यून एक्सपोर्ट्स लिमिटेड	Plot No 36, Bp Number, Nit, Faridabad, Haryana, Faridabad, Haryana	PLOT NO 36, BP NUMBER, NIT, FARIDABAD, HARYANA, FARIDABAD, Haryana	India	India
S1-83883172	S3-267171733	severe_lexical_mutation	Shivam It Private Limited	ಶಿವಂ ಐಟಿ ಪ್ರೈವೇಟ್ ಲಿಮಿಟೆಡ್	No.41, Hennur Main Road, Kacharakanahalli St. Thomas Town, Bangalore, Karnataka	No.##41, Hennur Main Road, Kacharakanahalli St. Thomas Town, Bangalore, ಕರ್ನಾಟಕ	India	India
S1-992661419	S2-501926140	cross_script	Perfect Solutions Private Limited	परफेक्ट सॉल्यूशंस प्राइवेट लिमिटेड	House No 66 Floor 1St Block - A Pkt 3 Sec - 3 Rohini, New Delhi, North West, Delhi	NO. 508 HOUSE NO 66 FLOOR 1ST BLOCK - A PKT 3 SEC - 3 ROHINI, NEW DELHI, NORTH WEST, दिल्ली	India	India
S1-456563705	S2-780781158	numeric_mismatch	Cardiology Medicine Center	Cardiology Medicine Cflnetr	302 Tucker Street, Sherrill, AR	31 TUCKER ST, SHERRILL, AR	US	US
S1-155477524	S2-344389068	severe_lexical_mutation	Health Center	Hea1th Ctnter	5713 Saint Albans Way, Baltimore, MD	ST ALBANS WAY, BALTIMORE CDP, MD	US	US
S1-918689861	S3-220380319	severe_lexical_mutation	Ace Ventures Private Limited	Ace Private Limited Center	C/O Rhythm Corporation Office No D 3 Renuka Complex, 4Th Floor, Jangali Mahara, J Road, Pune, Maharashtra	C/o Rhythm Corporation Office No D 3 Renuka Complex, Poona, Pune, MH	India	India
S1-883676510	S3-219363100	severe_lexical_mutation	Sun Alpha Energy Private Limited	సన్ ఆల్ఫా ఎనర్జీ ప్రైవేట్ లిమిటెడ్	18/18-C, Office No. 1, Up Stair, Main Road, Guntakal, Ananthapur, Andhra Pradesh	18/18-C, Office No. 1, Up Stair, Main Road, Guntakal, Ananthapur, AP	India	India
S1-928973964	S2-852768248	cross_script	Raj Lakshmi International	राज लक्ष्मी इंटरनेशनल	Industry Housekalyani Steels Mundhwa, Pune, Maharashtra	INDUSTRY HOUSEKALYANI STEELS MUNDHWA, PUNE, Maharashtra	India	India
S1-608968920	S3-439642475	severe_lexical_mutation	Alpha First Finance Private Limited	ਅਲਫ਼ਾ ਫਸਟ ਫਾਈਨੈਂਸ ਪ੍ਰਾਈਵੇਟ ਲਿਮਟਿਡ	Sc No. 3, Bhagat Singh Colony, Jalandhar - I, Jalandhar, Punjab	Sc No. 3, ਪੰਜਾਬ, Jalandhar - I, Jalandhar	India	India
S1-232868676	S3-408900968	severe_lexical_mutation	Desert Mission	Desert Services	3895 Hogan Road, Vernon, NY	3895 Hogan Rd, Vernon, New York	US	US
S1-983979134	S2-32361927	severe_lexical_mutation	Southern Ace Constructions Private Limited	সাউদার্ন এইস কনস্ট্রাকশনস প্রাইভেট লিমিটেড	17 1A Ritchie Road, Kolkata, Calcutta, West Bengal	H.NO 17 1A RITCHIE ROAD, KOLKATA, CALCUTTA, West Bengal	India	India
S1-420580071	S2-843399337	severe_lexical_mutation	Smart Marketing Private Limited	સ્માર્ટ માર્કેટિંગ પ્રાઇવેટ લિમિટેડ	Shankar Dhara, Sainagar Society, Nr Ananta Society, Rajkot, Gujarat	SHANKAR DHARA, SAINAGAR SOCIETY, NR ANANTA SOCIETY, MUMBAI, Gujarat	India	India
S1-394077940	S3-565543935	abbreviation_acronym	South Energy	SE	Old No.62, First Floor Jeenis Road, Saidapet, Chennai, Tamil Nadu	First Floor Jeenis Road, Saidapet, Tamil Nadu, Old No.62, Chennai	India	India
S1-215378166	S3-484420795	severe_lexical_mutation	Horizon Educational Society Ltd	hórizoneducationalsociety.com	405, S.H -2, C.V. Raman Nagar, Bangalore, Karnataka	C-405, S.h -2, C.v. Raman Nagar, Bangalore, KA	India	India
S1-405235613	S3-743742009	cross_script	Green Software Private Limited	ग्रीन सॉफ्टवेयर प्राइवेट लिमिटेड	Maharashtra, Sagar Vihar 23 A G Khan Road, Worli, 7, Mumbai	MH, 7, Mumbai	India	India
S1-665520914	S2-682575281	severe_lexical_mutation	Hind Trading Pvt Ltd	hindtrading.com	287, Fatah Puri, Chandni Chowk, Delhi	287 , FATAH PURI, CHANDNI CHOWK, Delhi	India	India
S1-698934917	S2-164151686	severe_lexical_mutation	Super Logistics Private Limited	സൂപ്പർ ലോജിസ്റ്റിക്സ് പ്രൈവറ്റ് ലിമിറ്റഡ്	Room No. V/632, Opp. Malabar Traders, Nannammukku P O, Malappuram, Malapuram, Kerala	ROOM NO. V/632, OPP. MALABAR TRADERS, NANNAMMUKKU P O, MALAPPURAM, MALAPURAM, Kerala	India	India
S1-287019469	S2-243501514	cross_script	Sky Hotel Enterprises Pvt Ltd	स्काई होटल एंटरप्राइजेज प्रा. लि.	Mughalsarai, Chandauli, Uttar Pradesh, H.No-41 Mughalchak Alinagar	H.NO-41. MUGHALCHAK ALINAGAR, CHANDAULI, उत्तर प्रदेश, MUGHALSARAI	India	India
S1-689038019	S2-815633883	severe_lexical_mutation	Innovative Digital Foods Private Limited	ఇన్నోవేటివ్ డిజిటల్ ఫుడ్స్ ప్రైవేట్ లిమిటెడ్	Telangana, H No 7-1-746, Karim Nagar, Karimnagar, Paramita Little Genius Building, Nr Vasara Hospital, Mankammathota	7-1-746, PARAMITA LITTLE GENIUS BUILDING, NR VASARA HOSPITAL, MANKAMMATHOTA, KARIM NAGAR, KARIMNAGAR, Telangana	India	India
S1-499497746	S3-818061203	cross_script	Innovative Products Private Limited	इनोवेटिव प्रोडक्ट्स प्राइवेट लिमिटेड	Anand Vihar Colony, Amravati Amravati, Amaravati, Amravati, Maharashtra	Anand Vihar Colony, Amravati Amravati, Amaravati, Amravati, MH	India	India
S1-52046312	S3-835245619	severe_lexical_mutation	Shiv Processing Private Limited	Shiv Prceesiing Private-Limited	A-17/M, Nearby Siya Garden, Delhi, North West Delhi, Delhi	A-17/m, North West Delhi, DL	India	India
S1-507432234	S2-849731566	cross_script	Big My Industries Private Limited	बिग माय इंडस्ट्रीज प्राइवेट लिमिटेड	C/O Shambhu Saran Singh, 551Ka/606, Sanjay Gandhi Marg, Azad Nagar, Alambagh, Lucknow, Uttar Pradesh	C/O SHAMBHU SARAN SINGH, 551KA/606, SANJAY GANDHI MARG, AZAD NAGAR, ALAMBAGH, LUCKNOW, Uttar Pradesh	India	India
S1-961883317	S3-854833931	severe_lexical_mutation	Digital Producer Private Limited	Digital	No 179, Sudhabdhi, 5Th Cross, 2Nd Main Road, Rk Township, Yarandahalli, Anekal, Bangalore, Karnataka	No 179, Sudhabdhi, 5Th Cross, 2Nd Main Road, Rk Township, Yarandahalli, Anekal, Bangalore, Karnataka	India	India
S1-558720094	S2-426913930	cross_script	First Properties Private Limited	फर्स्ट प्रॉपर्टीज प्राइवेट लिमिटेड	E-2B, Second Floor, Block-E, Mansarover Garden, New Delhi, New Delhi, West Delhi, Delhi	E-2B, SONIPAT, WEST DELHI, Delhi	India	India
S1-594211942	S2-382232956	numeric_mismatch	Jay Technology	ಜೇ ಟೆಕ್ನಾಲಜಿ	No. 79, Sapthagiri Arcade, 5Th Floor, Vanivilas Road, Bangalore South, Bangalore, Karnataka	NO. 7-9, BANGALORE SOUTH, Karnataka	India	India
S1-898656588	S2-190698343	severe_lexical_mutation	Ss Foundation	Ss Partners	1St Floor, Flat-F4, Shivam Apartment, Maharashtra, S.No.329/16, Miraj, Sangli	S.NO.329/16., 1ST FLOOR, FLAT-F4, SHIVAM APARTMENT, MIRAJ, Maharashtra	India	India
S1-612221479	S3-326136304	severe_lexical_mutation	Cornerstone Delta Aldel LLC	cdaldel.com	Minneapolis, MN, 1419 Washburn Avenue	1419 Washburn Ave, Minneapolis, Minnesota	US	US
S1-383361621	S3-470640633	cross_script	Alpha Business Private Limited	अल्फा बिजनेस प्राइवेट लिमिटेड	Mumbai, Oberoi Garden Estatenear Chandivali Studio Andheri (East), Maharashtra, Mumbai	Oberoi Garden Estatenear Chandivali Studio Andheri (East), Mumbai, MH	India	India
S1-233512006	S2-420850269	severe_lexical_mutation	Fresh Cafe	FRESH CEEA	2888 Wyndham Lane, Redding, CA	REDDING, ##2888 WYNDHAM LN, CA	US	US
S1-290166603	S2-443108765	cross_script	Blue Food Private Limited	ब्लू फूड प्राइवेट लिमिटेड	Aakriti Eco City, 3P Ng 12 Premium Campus, Madhya Pradesh, Huzur, Bhopal	Madhya Pradesh, AAKRITI ECO CITY, HUZUR, DOOR NO 3P  NG 12 PREMIUM CAMPUS	India	India
S1-138880664	S2-984910781	severe_lexical_mutation	Projects Bean Communication Pvt Ltd	DOVAHALO	H.No. A-12, Kh. No-42/11/2, Dass Garden Baprola, New Delhi, South West Delhi, Delhi	H.NO. A-12, KH. NO-42/11/2, DASS GARDEN BAPROLA, SOUTH WEST DELHI, NEW DELHI, Delhi	India	India
S1-706483260	S2-656738371	severe_lexical_mutation	Global Impex Private Limited	গ্লোবাল ইম্পেক্স প্রাইভেট লিমিটেড	West Bengal, Birla Building9/1 R N Mukh-Erjee Road, Calcutta, Kolkata	BIRLA BUILDING9/1 R N MUKH-ERJEE ROAD, KOLKATA, CALCUTTA, West Bengal	India	India
S1-399117891	S3-143374034	cross_script	Surya Trading Pvt Ltd	सूर्य ट्रेडिंग प्रा. लि.	Flat No.2, Sanjeevani Heights, Near Sanghavi Nakshtra, Dindori Road, Nashik, Maharashtra	#2, Nashik, महाराष्ट्र	India	India
S1-729109910	S2-838852668	severe_lexical_mutation	Scholarship Fund	... 5cholarship Fd	1950 Michelle Way, Fl 0, Grants Pass, OR	1950-C MICHELLE WAY, GRANTS PASS, OR	US	US
S1-405235613	S2-303614574	cross_script	Green Software Private Limited	ग्रीन सॉफ्टवेयर प्राइवेट लिमिटेड	Maharashtra, Sagar Vihar 23 A G Khan Road, Worli, 7, Mumbai	#20 7, Maharashtra, MUMBAI REGION, MUMBAI, SAGAR VIHAR 23 A G KHAN ROAD, WORLI	India	India
S1-708875234	S3-475402806	severe_lexical_mutation	Hari Industries Private Limited	ହରି ଇଣ୍ଡଷ୍ଟ୍ରିଜ୍ ପ୍ରାଇଭେଟ୍ ଲିମିଟେଡ୍	Plot No-20/04, Jagannathpur Kalyanasinghpur, Rayagada, Orissa	Plot No-0/04, Rayagada, OD	India	India
S1-573303469	S3-674450376	severe_lexical_mutation	Vision Care Associates	Ciraquo née Vision Care Associates	1900 Northwestern Avenue, West Lafayette, IN	1900 Northwestern Avenue, West Lafayette, IN	US	US
S1-316249805	S3-402713010	severe_lexical_mutation	Star Foundation Pvt Ltd	ಸ್ಟಾರ್ ಫೌಂಡೇಶನ್ Pvt Ltd	60-D, Bommasandra Industrial Area Bommasandra, Bangalore, Karnataka	60-D/1, Bangalore, KA	India	India
S1-839700852	S2-906255319	cross_script	Eastern Digital Builders Private Limited	ईस्टर्न डिजिटल बिल्डर्स प्राइवेट लिमिटेड	C-1441, Tigri Near Mother Dairy, New Delhi, South Delhi, Delhi	C-144, TIGRI NEAR MOTHER DAIRY, NEW DELHI, SOUTH DELHI, दिल्ली	India	India
S1-401920011	S3-633534924	cross_script	Innovative Builders Private Limited	इनोवेटिव बिल्डर्स प्राइवेट लिमिटेड	38 Padmavati Colony, Indore, Madhya Pradesh	38 Padmavati Colony, Indore, मध्य प्रदेश	India	India
S1-44982621	S2-39461454	cross_script	Laxmi Agro Limited	लक्ष्मी एग्रो लिमिटेड	Nisarg Garden Society, J8 Barsihtakli Rd. Khadki, Akola, Maharashtra	NISARG GARDEN SOCIETY, AKOLA, Maharashtra	India	India
S1-755540304	S2-377245067	severe_lexical_mutation	Gujarat Services Private Limited	@gujaratservices	At Adgaon, Post Male Tal-Mulshi, Dist-Pune, Mulshi, Pune, Maharashtra	AT ADGAON, POST MALE TAL-MULSHI, DIST-PUNE, MULSHI, Maharashtra	India	India
S1-582002415	S3-524775554	severe_lexical_mutation	United Dynamic Business Private Limited	Veobelo	D 12/3 N 25 Solaiappa Street Mylapore, Chennai, Tamil Nadu	Tamil Nadu, Chennai, D 12/3 N 25 Solaiappa Street Mylapore, Chennai	India	India
S1-776913304	S3-251679970	cross_script	Black Technology Private Limited	ब्लैक टेक्नोलॉजी प्राइवेट लिमिटेड	Delhi, East Delhi, 78, Ugf, Rani Garden, East Delhi	78, Ugf, Rani Garden, East Delhi, दिल्ली	India	India
